customer_id,age,plan,acquisition_channel,region,monthly_usage_hours,support_tickets,months_as_customer,monthly_revenue,churn,signup_date,lifetime_revenue
1,56,Basic,Orgânico,Sudeste,17.73,2,1,199.9,No,2025-01-28,199.9
2,46,Basic,Orgânico,Norte,3.7,3,41,89.9,No,2023-07-08,3685.9
3,32,Enterprise,Orgânico,Nordeste,11.74,1,26,49.9,Yes,2025-11-21,1297.3999999999999
4,60,Basic,Google Ads,Norte,13.7,2,36,49.9,No,2025-12-04,1796.3999999999999
5,25,Basic,LinkedIn,Nordeste,14.23,2,35,49.9,No,2025-11-24,1746.5
6,38,Basic,Google Ads,Sudeste,11.8,2,47,49.9,No,2025-02-12,2345.2999999999997
7,56,Pro,Google Ads,Norte,2.93,3,3,49.9,No,2024-01-25,149.7
8,36,Basic,Instagram,Norte,6.71,1,20,199.9,No,2023-08-18,3998.0
9,40,Pro,Indicação,Sul,24.72,2,42,49.9,No,2024-07-02,2095.7999999999997
10,28,Pro,Google Ads,Norte,22.99,4,21,89.9,No,2024-09-15,1887.9
11,28,Pro,Orgânico,Centro-Oeste,26.02,6,30,89.9,No,2023-09-19,2697.0
12,41,Pro,Google Ads,Norte,6.95,2,38,89.9,No,2023-09-14,3416.2000000000003
13,53,Pro,Instagram,Norte,23.54,1,42,89.9,No,2024-05-01,3775.8
14,57,Basic,Google Ads,Nordeste,13.9,5,30,199.9,No,2023-05-27,5997.0
15,41,Pro,Orgânico,Nordeste,24.41,3,26,49.9,No,2024-03-16,1297.3999999999999
16,20,Basic,Google Ads,Sul,15.22,1,6,49.9,No,2024-02-14,299.4
17,39,Pro,Orgânico,Sul,10.21,1,23,89.9,No,2025-07-21,2067.7000000000003
18,19,Basic,LinkedIn,Sul,20.67,5,7,49.9,No,2025-08-08,349.3
19,41,Enterprise,Orgânico,Sul,27.43,3,29,89.9,No,2024-09-23,2607.1000000000004
20,61,Basic,Instagram,Sudeste,45.29,1,44,89.9,No,2024-11-28,3955.6000000000004
21,47,Basic,LinkedIn,Centro-Oeste,16.24,4,20,89.9,No,2025-04-12,1798.0
22,55,Pro,Indicação,Sudeste,27.31,2,11,199.9,No,2024-03-19,2198.9
23,19,Pro,Orgânico,Nordeste,3.65,4,6,199.9,No,2024-06-21,1199.4
24,38,Basic,Instagram,Nordeste,7.11,1,20,49.9,No,2023-02-09,998.0
25,50,Pro,Orgânico,Centro-Oeste,14.26,1,27,89.9,No,2025-07-22,2427.3
26,29,Pro,Google Ads,Sudeste,21.09,0,30,49.9,No,2023-02-10,1497.0
27,39,Enterprise,Indicação,Sudeste,15.3,3,16,49.9,No,2024-01-20,798.4
28,61,Pro,Instagram,Sul,5.23,1,48,89.9,No,2023-12-20,4315.200000000001
29,42,Basic,Google Ads,Sudeste,28.06,5,33,199.9,No,2025-06-07,6596.7
30,44,Basic,Instagram,Nordeste,21.73,0,15,49.9,No,2025-04-18,748.5
31,59,Enterprise,Orgânico,Sudeste,7.98,1,32,49.9,No,2025-03-29,1596.8
32,45,Pro,Orgânico,Nordeste,14.14,3,21,199.9,No,2024-11-16,4197.900000000001
33,33,Basic,Instagram,Sudeste,16.73,0,35,49.9,No,2024-02-14,1746.5
34,32,Basic,Orgânico,Sul,9.66,3,40,49.9,Yes,2025-02-16,1996.0
35,64,Pro,LinkedIn,Nordeste,19.55,2,1,89.9,No,2023-03-15,89.9
36,61,Basic,Indicação,Sudeste,16.7,4,26,49.9,No,2024-08-08,1297.3999999999999
37,20,Basic,Google Ads,Centro-Oeste,37.21,1,36,89.9,No,2024-07-03,3236.4
38,54,Basic,LinkedIn,Nordeste,20.52,1,27,49.9,No,2025-01-01,1347.3
39,24,Basic,Google Ads,Sul,37.36,2,17,49.9,No,2024-08-28,848.3
40,38,Basic,Instagram,Sudeste,14.19,1,15,49.9,No,2025-07-11,748.5
41,26,Pro,LinkedIn,Centro-Oeste,16.98,5,47,89.9,Yes,2024-08-08,4225.3
42,56,Basic,Orgânico,Nordeste,18.53,2,22,49.9,No,2025-12-19,1097.8
43,35,Basic,LinkedIn,Sul,17.58,4,26,89.9,No,2025-10-06,2337.4
44,21,Basic,Orgânico,Nordeste,12.61,3,9,89.9,No,2025-11-10,809.1
45,42,Pro,Orgânico,Sul,9.93,1,33,89.9,No,2023-08-11,2966.7000000000003
46,31,Basic,Google Ads,Sudeste,13.95,1,11,199.9,No,2024-03-25,2198.9
47,26,Pro,Instagram,Sudeste,26.63,0,19,89.9,No,2024-11-26,1708.1000000000001
48,43,Pro,Indicação,Sudeste,10.93,1,21,89.9,No,2023-01-19,1887.9
49,19,Basic,Orgânico,Sudeste,10.46,1,42,89.9,No,2023-01-30,3775.8
50,37,Basic,Orgânico,Sudeste,26.64,2,2,89.9,No,2025-07-13,179.8
51,45,Basic,Orgânico,Sudeste,30.5,1,11,49.9,No,2025-11-08,548.9
52,64,Pro,LinkedIn,Sul,10.44,1,4,199.9,No,2024-05-12,799.6
53,24,Enterprise,Orgânico,Nordeste,18.52,0,8,49.9,No,2024-05-25,399.2
54,61,Basic,Instagram,Sudeste,17.11,2,47,49.9,No,2023-02-21,2345.2999999999997
55,25,Enterprise,Instagram,Nordeste,16.6,0,9,89.9,No,2024-06-10,809.1
56,64,Basic,Indicação,Nordeste,7.58,3,40,49.9,No,2025-04-11,1996.0
57,52,Pro,Orgânico,Sudeste,8.64,0,42,89.9,Yes,2024-05-23,3775.8
58,31,Pro,Orgânico,Sudeste,16.62,2,42,49.9,No,2023-09-18,2095.7999999999997
59,34,Pro,Instagram,Sudeste,26.93,3,1,199.9,No,2024-11-05,199.9
60,53,Pro,Orgânico,Norte,10.94,2,25,199.9,No,2023-07-04,4997.5
61,57,Pro,Orgânico,Centro-Oeste,22.76,1,5,199.9,No,2023-10-28,999.5
62,21,Pro,Indicação,Norte,3.12,3,48,49.9,No,2023-08-23,2395.2
63,19,Pro,Instagram,Sudeste,32.27,6,14,49.9,No,2025-05-06,698.6
64,23,Pro,Indicação,Nordeste,9.28,2,34,89.9,Yes,2025-01-15,3056.6000000000004
65,59,Basic,LinkedIn,Sudeste,29.89,4,9,49.9,No,2023-04-04,449.09999999999997
66,21,Basic,Indicação,Nordeste,16.61,8,34,89.9,No,2024-12-14,3056.6000000000004
67,46,Pro,Indicação,Sul,23.17,1,48,89.9,Yes,2024-08-26,4315.200000000001
68,35,Pro,Orgânico,Centro-Oeste,62.48,1,17,49.9,No,2023-02-11,848.3
69,43,Pro,Google Ads,Centro-Oeste,28.95,5,35,49.9,No,2023-03-01,1746.5
70,61,Pro,Instagram,Centro-Oeste,20.49,4,38,199.9,No,2025-01-28,7596.2
71,51,Enterprise,LinkedIn,Sudeste,13.41,2,35,89.9,Yes,2023-07-23,3146.5
72,27,Pro,Instagram,Centro-Oeste,19.01,3,38,49.9,No,2023-03-05,1896.2
73,53,Pro,Orgânico,Sudeste,14.12,0,47,89.9,No,2024-07-08,4225.3
74,31,Pro,Instagram,Sudeste,13.69,2,26,89.9,No,2025-06-06,2337.4
75,48,Basic,LinkedIn,Sudeste,14.03,3,34,89.9,No,2023-11-14,3056.6000000000004
76,32,Basic,Orgânico,Sudeste,23.8,4,6,89.9,No,2023-06-15,539.4000000000001
77,25,Pro,Google Ads,Nordeste,29.27,3,38,89.9,No,2023-08-20,3416.2000000000003
78,31,Basic,Orgânico,Sul,40.97,3,5,89.9,No,2024-03-09,449.5
79,40,Enterprise,LinkedIn,Sudeste,20.37,3,12,89.9,No,2024-01-03,1078.8000000000002
80,57,Basic,Google Ads,Sudeste,29.87,0,14,199.9,No,2023-11-24,2798.6
81,38,Basic,Orgânico,Nordeste,4.41,2,10,199.9,No,2023-03-23,1999.0
82,33,Enterprise,Google Ads,Sudeste,29.45,0,30,89.9,No,2024-05-21,2697.0
83,62,Pro,LinkedIn,Nordeste,21.03,2,11,89.9,No,2023-03-28,988.9000000000001
84,35,Basic,Google Ads,Sudeste,35.36,3,12,49.9,No,2025-07-24,598.8
85,64,Pro,Google Ads,Nordeste,6.71,2,40,49.9,No,2024-10-15,1996.0
86,41,Pro,Orgânico,Sudeste,10.99,1,27,199.9,No,2024-12-11,5397.3
87,43,Pro,Orgânico,Nordeste,18.73,1,1,89.9,Yes,2023-12-25,89.9
88,42,Basic,Google Ads,Sudeste,7.88,0,28,89.9,No,2025-07-19,2517.2000000000003
89,62,Pro,Indicação,Sudeste,20.57,2,20,89.9,No,2023-03-11,1798.0
90,58,Enterprise,Orgânico,Sudeste,11.14,3,24,49.9,No,2024-11-13,1197.6
91,46,Basic,Orgânico,Norte,8.25,1,27,199.9,No,2024-03-12,5397.3
92,32,Enterprise,LinkedIn,Nordeste,6.9,1,10,89.9,No,2024-03-03,899.0
93,62,Enterprise,Orgânico,Nordeste,35.91,2,27,49.9,No,2024-12-08,1347.3
94,18,Pro,LinkedIn,Sudeste,12.57,2,34,49.9,No,2024-01-30,1696.6
95,42,Pro,Indicação,Sul,14.18,1,42,89.9,No,2025-11-13,3775.8
96,24,Basic,Orgânico,Sudeste,19.38,0,23,199.9,No,2023-04-04,4597.7
97,26,Basic,Google Ads,Sudeste,16.79,6,16,89.9,No,2024-01-28,1438.4
98,41,Pro,Google Ads,Nordeste,15.85,2,24,49.9,No,2023-11-14,1197.6
99,18,Enterprise,Instagram,Sudeste,20.45,3,27,49.9,No,2025-12-29,1347.3
100,61,Pro,Google Ads,Sudeste,4.47,1,37,89.9,No,2024-09-20,3326.3
101,25,Pro,Instagram,Sudeste,10.49,3,12,89.9,Yes,2024-03-31,1078.8000000000002
102,41,Basic,Indicação,Nordeste,16.22,3,34,49.9,No,2023-11-25,1696.6
103,28,Basic,LinkedIn,Sudeste,14.67,2,33,199.9,No,2023-10-25,6596.7
104,34,Basic,Instagram,Norte,22.6,2,34,49.9,No,2023-07-03,1696.6
105,25,Basic,Instagram,Sudeste,11.76,1,44,89.9,Yes,2025-11-24,3955.6000000000004
106,52,Pro,Google Ads,Nordeste,20.01,3,11,199.9,No,2025-07-05,2198.9
107,52,Basic,Instagram,Sudeste,36.2,1,33,89.9,No,2025-08-19,2966.7000000000003
108,50,Pro,Indicação,Sudeste,29.67,5,28,89.9,No,2023-03-29,2517.2000000000003
109,22,Basic,Google Ads,Nordeste,13.41,3,11,89.9,No,2024-09-21,988.9000000000001
110,59,Pro,Orgânico,Sudeste,11.65,3,39,49.9,No,2023-04-02,1946.1
111,56,Pro,Instagram,Centro-Oeste,18.18,1,31,199.9,Yes,2025-05-09,6196.900000000001
112,58,Basic,Orgânico,Centro-Oeste,20.13,2,30,89.9,No,2024-10-11,2697.0
113,45,Basic,Google Ads,Sul,7.29,2,22,49.9,No,2025-04-24,1097.8
114,24,Basic,Orgânico,Nordeste,8.0,1,8,199.9,No,2023-08-13,1599.2
115,26,Enterprise,Indicação,Centro-Oeste,14.61,2,47,89.9,No,2025-08-05,4225.3
116,25,Basic,Orgânico,Nordeste,21.55,3,3,89.9,No,2023-03-28,269.70000000000005
117,29,Pro,Indicação,Sudeste,12.87,1,19,199.9,No,2023-01-26,3798.1
118,51,Enterprise,Orgânico,Sudeste,17.51,2,22,89.9,No,2025-09-22,1977.8000000000002
119,50,Pro,Indicação,Sudeste,10.64,2,38,49.9,No,2025-07-22,1896.2
120,40,Basic,Orgânico,Norte,18.29,4,3,49.9,No,2023-05-22,149.7
121,41,Enterprise,Orgânico,Norte,17.96,3,22,89.9,No,2024-12-17,1977.8000000000002
122,54,Basic,Indicação,Sudeste,27.3,0,13,49.9,No,2023-06-30,648.6999999999999
123,52,Pro,LinkedIn,Sudeste,7.14,1,33,89.9,No,2025-01-21,2966.7000000000003
124,61,Enterprise,Instagram,Nordeste,19.27,1,15,89.9,No,2024-09-05,1348.5
125,57,Pro,Orgânico,Nordeste,31.27,4,5,89.9,No,2024-12-29,449.5
126,39,Basic,LinkedIn,Nordeste,31.27,2,11,89.9,No,2025-07-03,988.9000000000001
127,44,Basic,Indicação,Sul,18.23,0,34,49.9,No,2024-03-14,1696.6
128,52,Basic,Google Ads,Sul,12.16,3,30,49.9,No,2023-11-29,1497.0
129,18,Pro,LinkedIn,Sudeste,12.98,3,3,49.9,No,2024-11-18,149.7
130,52,Basic,Indicação,Sudeste,15.98,3,48,49.9,No,2024-07-22,2395.2
131,54,Enterprise,LinkedIn,Nordeste,12.62,3,1,89.9,No,2025-01-31,89.9
132,64,Enterprise,Instagram,Sudeste,27.68,0,29,89.9,No,2023-03-08,2607.1000000000004
133,31,Enterprise,Google Ads,Nordeste,45.14,1,22,49.9,No,2024-03-27,1097.8
134,20,Basic,Instagram,Sudeste,20.68,2,30,89.9,No,2025-12-03,2697.0
135,18,Pro,Indicação,Centro-Oeste,6.8,1,42,199.9,No,2024-08-10,8395.800000000001
136,22,Enterprise,Google Ads,Sudeste,36.13,1,32,49.9,No,2025-12-27,1596.8
137,43,Enterprise,Indicação,Sudeste,14.85,4,38,49.9,No,2025-09-11,1896.2
138,31,Basic,LinkedIn,Sudeste,25.7,3,43,89.9,No,2023-06-01,3865.7000000000003
139,56,Basic,Orgânico,Sudeste,28.56,1,34,199.9,No,2025-02-04,6796.6
140,44,Basic,Google Ads,Nordeste,7.42,0,11,49.9,Yes,2023-09-01,548.9
141,26,Pro,Google Ads,Sul,11.84,0,46,49.9,No,2024-05-30,2295.4
142,32,Pro,LinkedIn,Nordeste,30.9,2,8,49.9,No,2024-12-24,399.2
143,32,Pro,LinkedIn,Norte,15.48,1,15,49.9,No,2024-04-13,748.5
144,43,Basic,Google Ads,Nordeste,10.21,1,14,89.9,No,2024-02-26,1258.6000000000001
145,59,Basic,Orgânico,Nordeste,30.11,3,38,49.9,No,2025-05-16,1896.2
146,30,Basic,LinkedIn,Sudeste,28.26,0,46,49.9,No,2024-05-06,2295.4
147,49,Basic,Instagram,Sudeste,26.39,2,29,49.9,No,2023-02-15,1447.1
148,56,Basic,Instagram,Nordeste,12.96,1,9,89.9,No,2023-12-13,809.1
149,49,Pro,Orgânico,Centro-Oeste,29.7,1,20,89.9,No,2024-10-02,1798.0
150,21,Pro,Google Ads,Sudeste,21.06,2,45,89.9,No,2024-02-09,4045.5000000000005
151,47,Pro,Google Ads,Norte,8.82,2,42,89.9,No,2024-08-08,3775.8
152,54,Basic,Google Ads,Sudeste,7.98,2,15,89.9,No,2023-06-15,1348.5
153,40,Basic,Indicação,Norte,9.14,2,11,199.9,No,2024-06-24,2198.9
154,56,Pro,Orgânico,Sudeste,33.4,0,34,49.9,No,2025-05-19,1696.6
155,62,Enterprise,Instagram,Nordeste,16.53,1,31,199.9,No,2025-07-17,6196.900000000001
156,32,Basic,Google Ads,Nordeste,8.52,3,29,49.9,No,2024-12-17,1447.1
157,60,Pro,Google Ads,Centro-Oeste,18.25,0,25,89.9,No,2024-10-17,2247.5
158,46,Basic,Indicação,Sul,14.56,6,11,89.9,No,2025-05-22,988.9000000000001
159,53,Enterprise,Google Ads,Sul,18.79,2,2,89.9,No,2024-03-28,179.8
160,30,Pro,Orgânico,Sudeste,34.5,2,41,89.9,No,2023-01-12,3685.9
161,49,Basic,Google Ads,Norte,24.13,1,8,89.9,No,2023-11-02,719.2
162,24,Pro,Google Ads,Centro-Oeste,28.89,0,2,89.9,No,2024-02-02,179.8
163,39,Basic,Google Ads,Sudeste,17.13,3,38,49.9,No,2025-06-09,1896.2
164,45,Enterprise,Orgânico,Sudeste,13.58,1,2,89.9,No,2023-06-21,179.8
165,19,Basic,Indicação,Centro-Oeste,20.91,1,8,49.9,No,2023-03-15,399.2
166,59,Pro,Orgânico,Sudeste,39.91,1,31,49.9,No,2023-11-22,1546.8999999999999
167,62,Pro,Instagram,Norte,26.83,3,33,89.9,No,2023-07-31,2966.7000000000003
168,23,Pro,Google Ads,Sudeste,21.6,2,24,89.9,No,2023-02-18,2157.6000000000004
169,45,Basic,LinkedIn,Sudeste,12.18,3,25,89.9,No,2023-10-07,2247.5
170,45,Pro,LinkedIn,Sudeste,32.06,2,38,199.9,No,2025-09-13,7596.2
171,61,Basic,LinkedIn,Nordeste,12.7,2,1,49.9,No,2024-03-28,49.9
172,61,Basic,Instagram,Sudeste,47.3,1,26,49.9,No,2025-03-29,1297.3999999999999
173,37,Pro,Google Ads,Sudeste,12.4,4,46,49.9,No,2025-03-30,2295.4
174,47,Basic,Google Ads,Sudeste,15.65,1,21,49.9,No,2025-12-30,1047.8999999999999
175,28,Basic,Indicação,Nordeste,7.74,5,23,89.9,No,2023-01-08,2067.7000000000003
176,45,Pro,LinkedIn,Sul,23.41,4,36,49.9,No,2023-10-27,1796.3999999999999
177,42,Basic,Orgânico,Sudeste,13.62,1,48,89.9,No,2025-06-10,4315.200000000001
178,56,Pro,Instagram,Sudeste,22.88,2,3,199.9,Yes,2025-04-20,599.7
179,50,Basic,Orgânico,Norte,6.61,1,5,49.9,Yes,2024-03-02,249.5
180,18,Basic,Instagram,Sul,5.88,0,29,49.9,No,2024-11-11,1447.1
181,44,Basic,Google Ads,Nordeste,16.74,1,27,49.9,No,2025-10-05,1347.3
182,30,Pro,Orgânico,Centro-Oeste,21.21,0,28,89.9,No,2025-05-12,2517.2000000000003
183,58,Pro,LinkedIn,Centro-Oeste,22.24,2,14,49.9,No,2023-04-23,698.6
184,20,Basic,Indicação,Nordeste,28.4,2,44,199.9,No,2023-11-07,8795.6
185,56,Basic,Indicação,Sudeste,13.22,2,6,49.9,No,2023-07-21,299.4
186,23,Enterprise,Instagram,Sudeste,19.06,2,14,49.9,No,2024-01-27,698.6
187,25,Basic,Indicação,Sudeste,13.01,3,19,89.9,No,2023-02-24,1708.1000000000001
188,44,Enterprise,Orgânico,Sudeste,10.68,4,1,49.9,No,2024-08-05,49.9
189,26,Basic,Instagram,Norte,13.02,4,29,49.9,No,2024-10-27,1447.1
190,54,Pro,Indicação,Norte,15.3,1,40,89.9,No,2025-09-28,3596.0
191,50,Basic,Orgânico,Nordeste,15.7,2,7,49.9,No,2024-06-27,349.3
192,59,Enterprise,Google Ads,Norte,27.27,2,20,199.9,No,2024-06-26,3998.0
193,61,Pro,Instagram,Norte,44.67,3,44,49.9,No,2023-12-29,2195.6
194,41,Basic,Google Ads,Nordeste,14.22,0,10,49.9,No,2023-10-07,499.0
195,32,Basic,Indicação,Sudeste,16.33,1,38,49.9,No,2025-04-28,1896.2
196,49,Pro,Orgânico,Sudeste,17.12,0,6,49.9,No,2024-04-12,299.4
197,49,Pro,Indicação,Norte,33.08,3,13,89.9,No,2023-08-23,1168.7
198,41,Basic,Google Ads,Centro-Oeste,18.69,0,13,49.9,No,2023-12-21,648.6999999999999
199,58,Basic,LinkedIn,Nordeste,16.67,2,8,89.9,No,2023-10-31,719.2
200,29,Pro,Orgânico,Sul,9.97,3,31,199.9,No,2024-01-27,6196.900000000001
201,56,Basic,Instagram,Sudeste,9.71,3,17,49.9,No,2024-07-04,848.3
202,19,Pro,Orgânico,Sudeste,16.3,1,48,89.9,No,2025-09-24,4315.200000000001
203,20,Pro,Orgânico,Sudeste,18.58,0,22,89.9,No,2023-06-08,1977.8000000000002
204,54,Enterprise,Google Ads,Norte,22.95,0,18,89.9,No,2024-02-05,1618.2
205,34,Enterprise,Google Ads,Sudeste,20.26,0,5,199.9,No,2023-06-02,999.5
206,19,Enterprise,LinkedIn,Sudeste,19.15,2,9,89.9,No,2025-02-06,809.1
207,19,Basic,Indicação,Sul,18.77,2,17,49.9,No,2025-09-06,848.3
208,45,Enterprise,Orgânico,Sudeste,24.02,3,6,49.9,No,2023-07-21,299.4
209,40,Basic,Indicação,Sudeste,10.63,0,5,49.9,No,2024-11-18,249.5
210,54,Pro,Instagram,Norte,19.92,3,31,49.9,No,2023-01-17,1546.8999999999999
211,49,Pro,Google Ads,Nordeste,14.09,2,43,49.9,No,2025-09-13,2145.7
212,50,Basic,Orgânico,Centro-Oeste,30.69,2,46,89.9,No,2025-09-01,4135.400000000001
213,18,Enterprise,Google Ads,Norte,27.04,2,3,89.9,No,2024-08-16,269.70000000000005
214,36,Basic,Indicação,Norte,11.91,4,18,199.9,No,2025-01-05,3598.2000000000003
215,19,Pro,Google Ads,Sudeste,23.09,2,47,89.9,No,2023-08-13,4225.3
216,61,Pro,Google Ads,Sudeste,27.37,4,19,199.9,No,2024-08-05,3798.1
217,43,Pro,Instagram,Sudeste,20.11,0,14,49.9,No,2025-05-14,698.6
218,49,Basic,Instagram,Sul,25.3,3,19,89.9,No,2023-08-29,1708.1000000000001
219,23,Basic,Indicação,Sudeste,27.47,2,18,49.9,No,2023-01-27,898.1999999999999
220,49,Pro,Google Ads,Sudeste,28.78,1,4,89.9,Yes,2025-06-08,359.6
221,21,Basic,Orgânico,Sul,17.72,1,40,89.9,No,2023-01-24,3596.0
222,28,Pro,LinkedIn,Nordeste,7.51,1,36,49.9,No,2023-12-22,1796.3999999999999
223,34,Basic,LinkedIn,Nordeste,15.32,1,44,49.9,No,2024-12-18,2195.6
224,55,Pro,Instagram,Sudeste,24.66,3,38,49.9,No,2024-10-05,1896.2
225,41,Enterprise,LinkedIn,Nordeste,24.94,2,41,89.9,No,2024-08-02,3685.9
226,22,Pro,Google Ads,Nordeste,9.71,1,3,89.9,Yes,2025-06-11,269.70000000000005
227,51,Pro,Orgânico,Sudeste,45.54,3,39,89.9,No,2025-01-16,3506.1000000000004
228,23,Basic,LinkedIn,Centro-Oeste,11.41,1,14,89.9,No,2024-07-03,1258.6000000000001
229,39,Pro,Google Ads,Sudeste,21.75,4,20,89.9,No,2024-07-21,1798.0
230,28,Basic,LinkedIn,Sul,14.81,2,15,199.9,No,2024-04-20,2998.5
231,33,Basic,Instagram,Sudeste,6.36,2,28,89.9,No,2024-12-30,2517.2000000000003
232,50,Basic,Google Ads,Sudeste,29.35,3,12,89.9,No,2025-01-20,1078.8000000000002
233,26,Pro,Orgânico,Sul,40.63,1,36,199.9,No,2024-09-12,7196.400000000001
234,23,Pro,Google Ads,Sudeste,15.65,0,38,89.9,No,2024-09-15,3416.2000000000003
235,33,Basic,LinkedIn,Norte,24.61,3,3,49.9,No,2025-09-07,149.7
236,46,Basic,Orgânico,Nordeste,10.46,4,36,89.9,No,2025-01-07,3236.4
237,20,Basic,Google Ads,Nordeste,4.28,3,5,89.9,Yes,2025-06-24,449.5
238,37,Enterprise,Instagram,Nordeste,24.87,2,39,49.9,Yes,2023-07-12,1946.1
239,53,Pro,Google Ads,Nordeste,9.54,1,14,49.9,No,2024-04-17,698.6
240,36,Basic,Google Ads,Sul,6.51,5,17,49.9,Yes,2023-04-28,848.3
241,43,Basic,Google Ads,Norte,4.34,0,8,89.9,No,2023-01-18,719.2
242,20,Enterprise,Orgânico,Nordeste,19.11,2,38,49.9,No,2023-03-13,1896.2
243,36,Basic,Orgânico,Sudeste,14.25,4,13,199.9,No,2023-04-24,2598.7000000000003
244,37,Pro,Indicação,Sudeste,14.77,2,8,89.9,No,2024-11-10,719.2
245,49,Basic,Instagram,Centro-Oeste,6.91,3,41,199.9,No,2025-04-19,8195.9
246,24,Enterprise,Orgânico,Sul,28.99,1,13,49.9,No,2023-01-27,648.6999999999999
247,58,Enterprise,LinkedIn,Sudeste,37.4,6,17,199.9,No,2025-12-07,3398.3
248,50,Pro,Instagram,Sul,5.55,3,25,199.9,No,2023-12-17,4997.5
249,57,Basic,Instagram,Nordeste,29.66,3,11,49.9,No,2025-06-17,548.9
250,56,Basic,Google Ads,Sul,9.68,2,48,49.9,No,2023-03-28,2395.2
251,35,Basic,Orgânico,Sudeste,30.29,4,34,49.9,No,2025-04-21,1696.6
252,57,Pro,Indicação,Sul,10.62,1,45,49.9,No,2025-05-18,2245.5
253,18,Basic,Indicação,Nordeste,11.31,3,42,89.9,No,2023-02-10,3775.8
254,28,Basic,Indicação,Norte,6.67,1,29,49.9,No,2023-06-18,1447.1
255,45,Pro,Indicação,Sudeste,14.93,1,12,89.9,No,2025-09-07,1078.8000000000002
256,42,Pro,Google Ads,Sul,8.61,2,40,49.9,No,2023-01-08,1996.0
257,40,Basic,LinkedIn,Sudeste,16.15,1,41,49.9,No,2024-02-22,2045.8999999999999
258,48,Basic,Orgânico,Nordeste,13.57,3,2,89.9,No,2025-11-07,179.8
259,47,Enterprise,Google Ads,Nordeste,12.63,0,7,49.9,No,2025-10-21,349.3
260,59,Pro,Orgânico,Nordeste,11.04,0,12,89.9,Yes,2023-05-24,1078.8000000000002
261,52,Pro,Instagram,Sudeste,10.75,1,16,49.9,No,2024-05-28,798.4
262,24,Pro,Instagram,Sul,12.9,2,31,89.9,No,2025-05-23,2786.9
263,33,Basic,LinkedIn,Sul,41.22,2,20,89.9,No,2024-09-24,1798.0
264,43,Basic,Orgânico,Norte,19.01,2,15,89.9,No,2023-04-10,1348.5
265,19,Basic,LinkedIn,Centro-Oeste,14.73,6,14,49.9,No,2024-05-06,698.6
266,18,Pro,Indicação,Nordeste,32.93,0,9,49.9,No,2025-06-29,449.09999999999997
267,29,Pro,LinkedIn,Nordeste,17.16,3,17,89.9,No,2025-06-26,1528.3000000000002
268,22,Basic,Indicação,Nordeste,23.88,2,19,49.9,Yes,2024-10-17,948.1
269,54,Enterprise,Google Ads,Sudeste,16.91,3,23,199.9,No,2023-09-08,4597.7
270,49,Basic,Google Ads,Sul,23.97,1,44,89.9,No,2023-11-19,3955.6000000000004
271,26,Enterprise,Google Ads,Norte,16.65,3,46,89.9,No,2025-12-19,4135.400000000001
272,58,Enterprise,Instagram,Norte,35.52,3,31,199.9,No,2024-01-24,6196.900000000001
273,52,Basic,Instagram,Sudeste,13.89,2,34,89.9,No,2025-01-15,3056.6000000000004
274,36,Basic,Indicação,Nordeste,4.9,4,43,49.9,No,2025-06-03,2145.7
275,33,Pro,LinkedIn,Sudeste,21.52,1,19,49.9,No,2025-07-01,948.1
276,20,Pro,Google Ads,Sul,15.4,1,36,89.9,No,2025-11-06,3236.4
277,37,Pro,Google Ads,Sudeste,11.37,2,28,89.9,No,2024-12-16,2517.2000000000003
278,41,Enterprise,Google Ads,Nordeste,10.36,0,1,49.9,No,2024-08-13,49.9
279,50,Pro,Instagram,Centro-Oeste,23.66,1,25,49.9,No,2023-03-29,1247.5
280,41,Basic,Google Ads,Centro-Oeste,10.68,2,15,89.9,No,2025-03-27,1348.5
281,28,Basic,LinkedIn,Sul,8.56,2,46,89.9,No,2025-09-04,4135.400000000001
282,25,Pro,Instagram,Sudeste,17.05,4,41,199.9,Yes,2023-10-02,8195.9
283,53,Basic,LinkedIn,Norte,11.77,2,19,199.9,No,2023-06-12,3798.1
284,55,Pro,Indicação,Sul,32.02,3,43,199.9,No,2024-06-09,8595.7
285,57,Basic,Instagram,Nordeste,25.9,4,21,89.9,No,2025-08-17,1887.9
286,37,Basic,Google Ads,Nordeste,36.56,2,34,89.9,No,2023-12-05,3056.6000000000004
287,52,Basic,Instagram,Nordeste,18.06,3,37,49.9,No,2024-05-13,1846.3
288,42,Pro,Google Ads,Norte,20.97,3,18,199.9,No,2023-06-14,3598.2000000000003
289,52,Basic,Google Ads,Sudeste,18.23,1,48,89.9,No,2025-04-04,4315.200000000001
290,42,Pro,Orgânico,Centro-Oeste,18.14,3,44,89.9,No,2023-04-19,3955.6000000000004
291,46,Pro,Google Ads,Sudeste,5.72,3,6,89.9,No,2023-06-21,539.4000000000001
292,35,Pro,Orgânico,Sudeste,12.23,4,11,89.9,No,2025-04-03,988.9000000000001
293,63,Pro,Google Ads,Sudeste,22.7,2,37,199.9,No,2023-01-01,7396.3
294,35,Basic,Orgânico,Sudeste,5.95,3,24,89.9,No,2024-05-08,2157.6000000000004
295,19,Pro,Indicação,Norte,26.57,2,5,89.9,No,2025-06-17,449.5
296,52,Basic,Instagram,Nordeste,43.81,3,9,89.9,No,2024-11-29,809.1
297,33,Pro,Instagram,Sudeste,25.59,0,30,89.9,No,2025-08-09,2697.0
298,58,Basic,LinkedIn,Sul,18.01,3,11,89.9,No,2023-01-28,988.9000000000001
299,53,Pro,Orgânico,Sudeste,35.74,0,40,89.9,No,2023-08-03,3596.0
300,50,Enterprise,Instagram,Centro-Oeste,19.15,1,12,89.9,No,2025-03-07,1078.8000000000002
301,21,Pro,Google Ads,Nordeste,10.84,0,20,49.9,No,2025-06-10,998.0
302,50,Pro,Instagram,Sudeste,7.22,3,1,49.9,No,2025-06-23,49.9
303,31,Pro,Google Ads,Sul,14.25,2,32,89.9,No,2024-01-19,2876.8
304,38,Basic,Orgânico,Sudeste,13.88,2,16,199.9,No,2024-07-15,3198.4
305,37,Enterprise,Indicação,Sudeste,8.63,4,40,89.9,No,2023-07-27,3596.0
306,25,Basic,Google Ads,Centro-Oeste,15.76,3,41,49.9,No,2024-09-12,2045.8999999999999
307,24,Enterprise,Instagram,Sudeste,11.82,3,10,89.9,No,2023-05-22,899.0
308,20,Pro,Google Ads,Sudeste,19.7,3,9,89.9,No,2025-05-01,809.1
309,34,Pro,Orgânico,Sudeste,20.43,1,21,89.9,No,2025-01-14,1887.9
310,50,Pro,Orgânico,Sudeste,24.8,3,35,199.9,No,2023-04-08,6996.5
311,29,Pro,Google Ads,Sudeste,13.9,5,33,49.9,Yes,2023-09-20,1646.7
312,39,Pro,Instagram,Nordeste,25.68,2,38,49.9,No,2023-05-13,1896.2
313,39,Basic,Orgânico,Centro-Oeste,11.1,1,28,89.9,No,2025-03-07,2517.2000000000003
314,63,Pro,Google Ads,Centro-Oeste,17.53,3,44,89.9,No,2025-06-26,3955.6000000000004
315,47,Pro,Instagram,Sudeste,17.91,3,27,49.9,No,2024-09-14,1347.3
316,55,Enterprise,Instagram,Sul,19.49,1,19,199.9,No,2024-01-20,3798.1
317,55,Pro,Google Ads,Sudeste,12.18,1,45,199.9,No,2025-07-09,8995.5
318,62,Basic,Google Ads,Sul,18.22,1,26,89.9,No,2025-05-21,2337.4
319,25,Basic,Orgânico,Sudeste,21.45,1,10,49.9,No,2023-03-27,499.0
320,44,Pro,LinkedIn,Sul,16.69,0,25,49.9,No,2024-09-10,1247.5
321,44,Basic,Instagram,Sudeste,34.51,1,1,49.9,No,2024-10-25,49.9
322,51,Basic,Instagram,Sul,7.34,1,48,49.9,No,2023-10-19,2395.2
323,38,Pro,Indicação,Nordeste,13.43,1,28,89.9,No,2025-08-03,2517.2000000000003
324,47,Pro,Instagram,Sudeste,32.63,2,30,49.9,No,2025-09-25,1497.0
325,50,Pro,Google Ads,Sul,21.03,2,4,49.9,Yes,2025-03-14,199.6
326,45,Basic,Google Ads,Sudeste,34.16,4,35,49.9,No,2024-06-06,1746.5
327,64,Pro,Indicação,Centro-Oeste,23.4,1,4,49.9,No,2024-02-26,199.6
328,50,Basic,Google Ads,Nordeste,17.12,3,43,49.9,No,2023-06-13,2145.7
329,22,Pro,Google Ads,Sul,33.49,1,5,199.9,No,2025-04-23,999.5
330,36,Basic,Instagram,Nordeste,14.77,5,47,199.9,No,2025-02-26,9395.300000000001
331,21,Enterprise,Google Ads,Sudeste,19.53,2,4,89.9,Yes,2024-06-29,359.6
332,52,Pro,Orgânico,Centro-Oeste,15.49,3,19,49.9,No,2024-05-18,948.1
333,34,Basic,Indicação,Centro-Oeste,19.83,1,28,89.9,No,2024-07-09,2517.2000000000003
334,61,Pro,Google Ads,Nordeste,18.39,1,23,199.9,No,2023-02-28,4597.7
335,45,Pro,Google Ads,Centro-Oeste,19.77,1,2,199.9,No,2024-07-12,399.8
336,47,Basic,LinkedIn,Sul,10.37,1,28,89.9,No,2025-09-17,2517.2000000000003
337,46,Pro,Instagram,Sudeste,12.24,2,42,49.9,No,2025-07-22,2095.7999999999997
338,63,Basic,Orgânico,Sudeste,9.18,1,11,89.9,No,2023-09-24,988.9000000000001
339,23,Enterprise,LinkedIn,Norte,18.72,3,47,89.9,No,2023-04-20,4225.3
340,52,Pro,Instagram,Sudeste,9.12,2,30,89.9,Yes,2023-07-14,2697.0
341,58,Basic,Orgânico,Sudeste,31.06,4,22,49.9,No,2023-10-23,1097.8
342,54,Pro,Instagram,Sudeste,14.9,3,41,49.9,No,2025-07-08,2045.8999999999999
343,41,Basic,Instagram,Sul,9.04,3,17,89.9,No,2024-01-03,1528.3000000000002
344,46,Basic,Indicação,Centro-Oeste,13.65,1,24,49.9,No,2024-04-30,1197.6
345,63,Enterprise,Orgânico,Sudeste,21.38,2,38,89.9,No,2025-08-10,3416.2000000000003
346,48,Pro,Indicação,Sudeste,20.86,4,36,89.9,No,2023-06-07,3236.4
347,52,Pro,Indicação,Sul,20.13,2,22,199.9,No,2024-01-04,4397.8
348,50,Basic,Instagram,Nordeste,10.71,0,13,49.9,No,2024-11-23,648.6999999999999
349,38,Basic,LinkedIn,Sul,20.85,1,26,89.9,No,2023-02-08,2337.4
350,49,Enterprise,Google Ads,Sudeste,12.04,5,41,49.9,No,2024-08-07,2045.8999999999999
351,40,Basic,Indicação,Centro-Oeste,27.86,2,37,199.9,Yes,2024-03-12,7396.3
352,50,Basic,Google Ads,Sudeste,12.07,4,19,89.9,No,2023-11-25,1708.1000000000001
353,20,Pro,Google Ads,Sul,28.8,2,25,49.9,No,2024-07-13,1247.5
354,35,Pro,Orgânico,Nordeste,10.84,0,19,89.9,No,2023-02-13,1708.1000000000001
355,42,Pro,Instagram,Sudeste,38.71,2,31,89.9,No,2025-07-21,2786.9
356,59,Basic,Google Ads,Sul,16.66,1,17,89.9,No,2025-03-30,1528.3000000000002
357,48,Basic,Instagram,Sudeste,7.87,1,26,199.9,No,2024-05-24,5197.400000000001
358,20,Basic,Instagram,Sul,27.46,2,39,199.9,No,2025-12-13,7796.1
359,57,Enterprise,LinkedIn,Sudeste,47.82,1,44,49.9,No,2025-12-14,2195.6
360,63,Basic,Google Ads,Nordeste,14.05,1,48,89.9,No,2023-11-27,4315.200000000001
361,41,Pro,Google Ads,Norte,16.98,1,45,89.9,No,2024-03-07,4045.5000000000005
362,49,Pro,Instagram,Sudeste,16.18,5,8,89.9,No,2025-03-28,719.2
363,64,Pro,Instagram,Sudeste,16.24,3,12,199.9,No,2024-01-05,2398.8
364,39,Enterprise,Google Ads,Sudeste,19.51,3,26,89.9,No,2025-03-03,2337.4
365,40,Basic,Instagram,Centro-Oeste,11.8,1,16,49.9,No,2025-12-19,798.4
366,19,Basic,Instagram,Sudeste,33.37,3,48,89.9,No,2023-12-30,4315.200000000001
367,44,Pro,Google Ads,Sudeste,18.33,2,42,49.9,No,2023-11-23,2095.7999999999997
368,59,Basic,Orgânico,Nordeste,13.24,2,33,49.9,No,2024-02-15,1646.7
369,19,Pro,Orgânico,Sudeste,18.07,2,17,89.9,No,2024-06-28,1528.3000000000002
370,43,Pro,Google Ads,Sudeste,17.75,2,5,49.9,No,2023-04-16,249.5
371,34,Enterprise,Google Ads,Sul,15.61,2,4,89.9,Yes,2025-02-19,359.6
372,57,Basic,LinkedIn,Nordeste,3.23,1,3,199.9,Yes,2023-07-26,599.7
373,50,Enterprise,Indicação,Sudeste,17.18,1,1,199.9,No,2024-10-19,199.9
374,26,Basic,Orgânico,Sudeste,5.78,1,8,49.9,Yes,2023-11-23,399.2
375,60,Pro,Instagram,Sudeste,25.28,5,19,89.9,No,2024-11-20,1708.1000000000001
376,56,Basic,Indicação,Nordeste,15.66,4,26,89.9,No,2025-10-20,2337.4
377,46,Pro,Orgânico,Sudeste,4.27,2,36,89.9,No,2025-03-12,3236.4
378,59,Basic,Instagram,Sudeste,16.53,2,46,49.9,No,2023-05-22,2295.4
379,43,Enterprise,Google Ads,Nordeste,9.52,2,1,49.9,No,2025-02-26,49.9
380,52,Enterprise,Instagram,Sudeste,8.12,1,17,89.9,No,2023-10-15,1528.3000000000002
381,42,Enterprise,Google Ads,Sudeste,50.35,3,36,89.9,No,2024-11-10,3236.4
382,41,Basic,Google Ads,Sudeste,25.35,1,38,89.9,No,2024-02-23,3416.2000000000003
383,30,Enterprise,Orgânico,Sudeste,21.95,2,28,89.9,No,2023-09-25,2517.2000000000003
384,24,Pro,Google Ads,Sul,24.38,1,14,199.9,No,2023-02-05,2798.6
385,53,Basic,Google Ads,Nordeste,15.29,1,45,199.9,No,2025-02-19,8995.5
386,62,Basic,Orgânico,Sudeste,21.49,3,22,49.9,No,2023-04-18,1097.8
387,37,Basic,Instagram,Norte,22.25,2,36,89.9,Yes,2024-07-16,3236.4
388,18,Basic,Google Ads,Nordeste,14.25,1,11,89.9,No,2024-08-10,988.9000000000001
389,25,Pro,Instagram,Norte,10.51,1,18,49.9,No,2025-07-31,898.1999999999999
390,63,Enterprise,Google Ads,Sudeste,10.78,0,48,89.9,No,2023-10-26,4315.200000000001
391,33,Basic,Google Ads,Sul,16.84,0,4,49.9,No,2025-10-14,199.6
392,31,Pro,Orgânico,Nordeste,3.82,0,42,49.9,No,2025-09-01,2095.7999999999997
393,29,Enterprise,Google Ads,Nordeste,17.45,2,32,49.9,No,2024-02-19,1596.8
394,40,Basic,LinkedIn,Nordeste,18.74,1,15,49.9,No,2025-01-25,748.5
395,32,Enterprise,Google Ads,Sudeste,28.65,2,31,89.9,No,2024-06-23,2786.9
396,45,Pro,Orgânico,Sudeste,21.47,5,30,49.9,No,2024-07-07,1497.0
397,51,Pro,Indicação,Nordeste,10.73,2,14,89.9,Yes,2023-11-06,1258.6000000000001
398,19,Basic,Orgânico,Nordeste,4.72,3,14,199.9,No,2025-03-26,2798.6
399,49,Pro,Instagram,Sul,19.31,1,47,49.9,No,2023-07-15,2345.2999999999997
400,40,Basic,Orgânico,Centro-Oeste,24.69,2,21,199.9,No,2024-10-03,4197.900000000001
401,39,Pro,Orgânico,Centro-Oeste,23.89,3,17,49.9,No,2024-04-06,848.3
402,42,Basic,Indicação,Sul,6.58,5,3,49.9,No,2023-07-21,149.7
403,39,Enterprise,Google Ads,Norte,21.88,0,20,89.9,No,2024-02-08,1798.0
404,39,Basic,Google Ads,Sudeste,26.97,2,35,199.9,No,2024-04-15,6996.5
405,59,Basic,Google Ads,Centro-Oeste,23.92,3,30,49.9,No,2023-12-26,1497.0
406,23,Pro,Google Ads,Nordeste,8.31,5,34,89.9,No,2024-05-08,3056.6000000000004
407,32,Basic,Indicação,Sul,13.88,3,37,89.9,No,2023-06-26,3326.3
408,60,Pro,LinkedIn,Nordeste,26.42,2,6,89.9,No,2023-05-29,539.4000000000001
409,54,Enterprise,LinkedIn,Nordeste,25.13,1,32,89.9,No,2025-04-09,2876.8
410,50,Pro,Instagram,Nordeste,18.02,4,9,49.9,No,2024-01-17,449.09999999999997
411,25,Basic,Google Ads,Sudeste,13.56,2,42,49.9,No,2025-03-01,2095.7999999999997
412,61,Pro,Google Ads,Sul,11.39,1,33,49.9,No,2025-09-19,1646.7
413,61,Pro,Instagram,Centro-Oeste,22.78,1,3,49.9,No,2025-11-04,149.7
414,22,Pro,Indicação,Sudeste,10.93,3,27,49.9,No,2025-12-20,1347.3
415,56,Basic,Instagram,Sudeste,25.97,1,32,49.9,No,2024-06-29,1596.8
416,21,Pro,Indicação,Sudeste,29.64,2,37,49.9,No,2024-09-21,1846.3
417,23,Pro,LinkedIn,Sudeste,8.47,0,9,49.9,No,2024-12-30,449.09999999999997
418,62,Basic,Orgânico,Centro-Oeste,17.26,2,24,89.9,No,2025-11-10,2157.6000000000004
419,49,Basic,Google Ads,Nordeste,31.83,2,1,49.9,No,2023-05-24,49.9
420,47,Basic,LinkedIn,Nordeste,14.28,1,17,199.9,No,2023-09-25,3398.3
421,64,Pro,Google Ads,Centro-Oeste,12.41,3,40,89.9,No,2023-01-15,3596.0
422,52,Enterprise,Instagram,Nordeste,12.43,3,46,199.9,No,2024-01-14,9195.4
423,57,Pro,LinkedIn,Sul,24.84,0,16,89.9,Yes,2025-09-19,1438.4
424,33,Basic,Indicação,Nordeste,37.07,4,9,49.9,No,2025-05-21,449.09999999999997
425,30,Basic,Google Ads,Sudeste,20.08,3,25,89.9,No,2024-06-01,2247.5
426,59,Enterprise,Google Ads,Sudeste,27.8,3,16,49.9,Yes,2025-11-06,798.4
427,47,Enterprise,Indicação,Sudeste,34.84,0,48,49.9,No,2023-10-11,2395.2
428,36,Enterprise,Instagram,Sudeste,32.93,3,16,49.9,No,2025-01-10,798.4
429,34,Pro,LinkedIn,Sudeste,40.87,4,27,89.9,No,2025-08-13,2427.3
430,36,Basic,Orgânico,Sudeste,13.36,5,6,49.9,No,2024-12-28,299.4
431,45,Pro,LinkedIn,Sul,8.17,4,39,49.9,Yes,2025-08-28,1946.1
432,43,Basic,Indicação,Sudeste,17.06,0,5,89.9,No,2024-05-09,449.5
433,54,Basic,Indicação,Sul,26.5,4,36,199.9,Yes,2024-05-28,7196.400000000001
434,43,Pro,Orgânico,Sudeste,14.28,2,46,89.9,No,2024-03-31,4135.400000000001
435,40,Basic,Indicação,Sul,19.43,2,24,49.9,No,2025-10-20,1197.6
436,26,Basic,Google Ads,Sul,10.45,2,43,49.9,No,2023-08-30,2145.7
437,29,Basic,Instagram,Nordeste,13.43,1,39,89.9,No,2025-01-18,3506.1000000000004
438,18,Basic,Orgânico,Centro-Oeste,26.6,0,38,49.9,No,2023-09-08,1896.2
439,18,Enterprise,Google Ads,Norte,8.1,0,42,89.9,No,2024-08-18,3775.8
440,64,Basic,LinkedIn,Centro-Oeste,17.71,2,24,89.9,No,2023-04-11,2157.6000000000004
441,51,Basic,Orgânico,Nordeste,29.07,2,18,49.9,No,2025-02-10,898.1999999999999
442,49,Basic,LinkedIn,Sudeste,21.53,2,5,89.9,No,2023-05-21,449.5
443,42,Basic,Instagram,Sudeste,15.55,0,4,199.9,No,2025-12-25,799.6
444,57,Basic,Google Ads,Sudeste,31.0,3,35,89.9,No,2024-05-18,3146.5
445,62,Pro,Instagram,Sudeste,22.74,3,22,199.9,No,2023-05-16,4397.8
446,18,Basic,Google Ads,Centro-Oeste,15.65,1,5,89.9,No,2023-06-15,449.5
447,33,Pro,Orgânico,Nordeste,16.07,7,35,89.9,No,2023-04-12,3146.5
448,56,Enterprise,Indicação,Nordeste,16.7,1,46,199.9,No,2023-07-20,9195.4
449,22,Pro,Indicação,Sudeste,11.73,3,45,89.9,No,2024-04-08,4045.5000000000005
450,39,Basic,Instagram,Norte,19.8,6,6,49.9,No,2023-07-15,299.4
451,46,Basic,Google Ads,Norte,12.78,6,13,49.9,No,2023-06-21,648.6999999999999
452,20,Enterprise,Instagram,Sudeste,19.67,2,4,199.9,No,2024-11-17,799.6
453,29,Pro,Instagram,Nordeste,17.96,1,33,89.9,No,2025-04-05,2966.7000000000003
454,43,Pro,LinkedIn,Sul,9.19,0,37,89.9,No,2024-12-29,3326.3
455,33,Enterprise,LinkedIn,Sul,19.73,2,45,89.9,No,2023-11-24,4045.5000000000005
456,54,Enterprise,Instagram,Sul,41.3,3,34,89.9,No,2023-07-11,3056.6000000000004
457,39,Enterprise,LinkedIn,Nordeste,21.52,1,9,89.9,No,2023-04-02,809.1
458,46,Pro,Orgânico,Sul,37.34,5,42,89.9,No,2025-10-24,3775.8
459,31,Basic,Instagram,Sul,32.6,0,15,199.9,No,2023-07-09,2998.5
460,45,Enterprise,Indicação,Sul,39.19,4,20,49.9,No,2023-06-19,998.0
461,22,Pro,Google Ads,Sudeste,22.1,5,15,89.9,No,2023-11-20,1348.5
462,64,Basic,LinkedIn,Sudeste,3.92,0,1,89.9,No,2023-08-26,89.9
463,47,Pro,Google Ads,Sul,16.07,0,10,49.9,No,2025-06-04,499.0
464,63,Pro,LinkedIn,Sudeste,21.01,3,10,49.9,No,2023-06-06,499.0
465,22,Enterprise,Instagram,Sudeste,25.95,2,5,89.9,No,2025-12-17,449.5
466,29,Pro,Google Ads,Sudeste,9.69,4,42,49.9,Yes,2023-12-19,2095.7999999999997
467,33,Basic,Orgânico,Nordeste,25.69,2,17,89.9,No,2024-01-03,1528.3000000000002
468,43,Enterprise,Google Ads,Norte,7.02,2,13,49.9,Yes,2025-06-02,648.6999999999999
469,43,Pro,Instagram,Sudeste,17.41,2,46,49.9,No,2024-08-17,2295.4
470,38,Pro,LinkedIn,Sudeste,21.44,4,4,199.9,No,2023-03-18,799.6
471,56,Basic,Instagram,Norte,27.45,1,20,49.9,No,2025-12-07,998.0
472,53,Basic,Indicação,Sudeste,23.02,2,37,89.9,No,2024-10-15,3326.3
473,50,Pro,LinkedIn,Nordeste,5.11,1,15,89.9,No,2024-12-09,1348.5
474,47,Basic,Instagram,Sudeste,24.42,2,35,49.9,No,2024-03-16,1746.5
475,54,Basic,Google Ads,Sudeste,31.86,1,23,89.9,No,2024-05-30,2067.7000000000003
476,40,Pro,Orgânico,Centro-Oeste,28.43,3,31,89.9,No,2024-11-18,2786.9
477,27,Pro,Instagram,Centro-Oeste,10.58,1,15,199.9,No,2025-08-14,2998.5
478,22,Basic,Orgânico,Sudeste,30.46,5,15,49.9,No,2023-04-16,748.5
479,53,Basic,Instagram,Sudeste,16.18,1,28,89.9,No,2023-07-19,2517.2000000000003
480,51,Basic,Indicação,Nordeste,9.53,0,42,89.9,No,2023-05-07,3775.8
481,48,Pro,Orgânico,Sudeste,30.98,2,28,89.9,No,2023-05-01,2517.2000000000003
482,27,Basic,Indicação,Centro-Oeste,27.75,4,12,89.9,No,2025-11-15,1078.8000000000002
483,36,Basic,Instagram,Sudeste,8.62,3,44,89.9,No,2024-03-16,3955.6000000000004
484,49,Pro,LinkedIn,Sudeste,18.36,2,25,89.9,No,2024-10-08,2247.5
485,18,Enterprise,LinkedIn,Sudeste,38.96,9,32,199.9,Yes,2024-06-30,6396.8
486,22,Pro,LinkedIn,Centro-Oeste,14.76,0,37,199.9,No,2024-02-09,7396.3
487,62,Basic,Google Ads,Sudeste,13.12,3,5,49.9,No,2023-10-18,249.5
488,21,Basic,Indicação,Sudeste,23.16,3,31,89.9,No,2025-11-22,2786.9
489,33,Enterprise,Google Ads,Sudeste,31.88,0,31,199.9,No,2023-05-26,6196.900000000001
490,41,Basic,Google Ads,Norte,3.24,2,40,199.9,No,2024-12-20,7996.0
491,33,Pro,Indicação,Norte,7.2,2,28,49.9,No,2023-12-29,1397.2
492,19,Basic,Google Ads,Nordeste,16.98,0,13,199.9,No,2023-03-20,2598.7000000000003
493,45,Basic,Orgânico,Norte,22.6,2,29,49.9,Yes,2025-12-16,1447.1
494,49,Pro,Orgânico,Sul,60.1,2,40,89.9,No,2025-06-22,3596.0
495,44,Pro,Orgânico,Norte,19.95,1,28,89.9,No,2023-06-05,2517.2000000000003
496,37,Pro,Indicação,Sul,27.85,2,36,199.9,No,2025-09-19,7196.400000000001
497,41,Basic,LinkedIn,Sudeste,35.29,4,13,89.9,No,2023-02-20,1168.7
498,29,Basic,Instagram,Sudeste,34.39,1,42,199.9,No,2025-11-05,8395.800000000001
499,52,Pro,LinkedIn,Norte,22.59,2,36,89.9,No,2024-04-09,3236.4
500,50,Pro,Google Ads,Centro-Oeste,17.34,0,19,49.9,No,2023-08-24,948.1
501,50,Basic,Instagram,Sudeste,13.75,5,17,49.9,No,2024-05-04,848.3
502,60,Basic,Indicação,Norte,10.55,3,41,49.9,No,2025-08-27,2045.8999999999999
503,54,Basic,Google Ads,Centro-Oeste,25.42,4,48,49.9,No,2024-03-04,2395.2
504,29,Enterprise,Instagram,Centro-Oeste,17.12,0,42,199.9,No,2024-07-27,8395.800000000001
505,20,Pro,Indicação,Sul,30.27,2,14,89.9,No,2025-12-24,1258.6000000000001
506,18,Enterprise,Google Ads,Nordeste,17.43,2,15,199.9,No,2023-02-26,2998.5
507,50,Basic,Google Ads,Norte,22.61,0,31,89.9,No,2024-03-03,2786.9
508,57,Enterprise,Google Ads,Norte,14.86,5,20,199.9,No,2025-01-09,3998.0
509,27,Basic,Indicação,Sudeste,20.96,3,3,199.9,No,2023-11-21,599.7
510,60,Pro,Indicação,Sudeste,40.73,0,39,89.9,No,2024-12-16,3506.1000000000004
511,61,Pro,Indicação,Sudeste,26.66,3,38,49.9,No,2023-05-31,1896.2
512,46,Basic,Google Ads,Sudeste,17.19,2,40,49.9,No,2023-11-16,1996.0
513,30,Basic,Indicação,Sudeste,29.39,3,30,49.9,No,2025-04-19,1497.0
514,29,Basic,LinkedIn,Centro-Oeste,23.19,1,8,49.9,No,2024-07-06,399.2
515,48,Basic,Instagram,Nordeste,12.26,2,24,89.9,No,2025-12-11,2157.6000000000004
516,63,Pro,Instagram,Norte,29.69,1,21,89.9,No,2025-06-07,1887.9
517,19,Pro,LinkedIn,Sul,16.52,2,28,49.9,No,2023-07-05,1397.2
518,52,Pro,LinkedIn,Sudeste,28.76,5,23,89.9,Yes,2025-05-10,2067.7000000000003
519,40,Pro,Indicação,Sudeste,28.27,2,8,89.9,No,2023-08-01,719.2
520,34,Pro,Google Ads,Sudeste,18.28,1,9,49.9,No,2024-02-25,449.09999999999997
521,43,Basic,LinkedIn,Sudeste,28.3,2,37,49.9,No,2025-06-22,1846.3
522,25,Basic,LinkedIn,Sudeste,7.54,3,14,49.9,No,2023-03-29,698.6
523,46,Enterprise,LinkedIn,Norte,14.07,2,42,89.9,No,2025-07-11,3775.8
524,43,Basic,LinkedIn,Sudeste,57.99,0,20,199.9,No,2025-08-12,3998.0
525,27,Pro,Orgânico,Sudeste,21.15,1,31,89.9,No,2025-07-30,2786.9
526,43,Basic,Orgânico,Nordeste,31.06,0,12,89.9,No,2025-06-14,1078.8000000000002
527,51,Pro,Indicação,Nordeste,15.46,2,19,49.9,No,2025-06-17,948.1
528,58,Pro,Indicação,Sudeste,17.45,3,36,89.9,No,2025-07-28,3236.4
529,24,Basic,Google Ads,Nordeste,13.86,0,24,49.9,No,2024-09-17,1197.6
530,21,Basic,Indicação,Centro-Oeste,25.11,3,8,89.9,No,2023-06-17,719.2
531,62,Pro,LinkedIn,Nordeste,29.41,1,22,49.9,No,2025-09-07,1097.8
532,28,Basic,Instagram,Sudeste,35.55,0,28,49.9,No,2024-11-25,1397.2
533,46,Basic,Google Ads,Sul,29.42,2,40,89.9,No,2025-03-07,3596.0
534,53,Pro,Google Ads,Nordeste,16.37,1,28,49.9,No,2023-11-15,1397.2
535,42,Basic,Google Ads,Sudeste,28.97,2,20,89.9,No,2025-03-05,1798.0
536,38,Enterprise,Google Ads,Centro-Oeste,22.76,2,35,89.9,No,2023-08-16,3146.5
537,53,Pro,Google Ads,Nordeste,8.73,2,23,89.9,Yes,2025-03-19,2067.7000000000003
538,27,Basic,Indicação,Sudeste,29.48,1,27,199.9,No,2025-05-08,5397.3
539,54,Pro,Google Ads,Sudeste,13.16,3,6,89.9,No,2023-03-23,539.4000000000001
540,26,Pro,Instagram,Nordeste,18.3,1,18,89.9,No,2023-05-30,1618.2
541,41,Basic,Orgânico,Nordeste,14.67,4,37,49.9,No,2025-11-12,1846.3
542,52,Basic,Google Ads,Nordeste,3.65,0,32,89.9,No,2024-05-07,2876.8
543,52,Basic,Orgânico,Nordeste,31.3,3,35,89.9,No,2025-07-19,3146.5
544,53,Basic,Indicação,Nordeste,24.65,2,46,49.9,No,2023-07-25,2295.4
545,35,Basic,Instagram,Nordeste,15.75,1,19,49.9,Yes,2023-04-19,948.1
546,56,Basic,Google Ads,Sudeste,18.07,3,25,49.9,No,2025-09-11,1247.5
547,49,Basic,Google Ads,Sul,36.31,1,9,199.9,No,2025-05-03,1799.1000000000001
548,41,Pro,Instagram,Sudeste,23.86,0,1,49.9,Yes,2024-05-13,49.9
549,40,Pro,Google Ads,Sul,19.36,1,6,49.9,No,2025-02-23,299.4
550,49,Pro,Instagram,Sul,27.3,1,18,49.9,No,2024-03-22,898.1999999999999
551,54,Pro,Google Ads,Norte,30.71,3,37,49.9,No,2024-06-24,1846.3
552,29,Pro,LinkedIn,Centro-Oeste,22.22,2,16,49.9,No,2023-01-23,798.4
553,30,Pro,Google Ads,Nordeste,5.24,0,11,89.9,Yes,2025-07-28,988.9000000000001
554,40,Pro,Orgânico,Centro-Oeste,13.09,4,18,89.9,No,2025-09-04,1618.2
555,42,Basic,Google Ads,Sudeste,19.05,1,45,89.9,No,2024-08-30,4045.5000000000005
556,52,Enterprise,Orgânico,Sul,10.87,0,22,89.9,No,2024-09-13,1977.8000000000002
557,58,Basic,Google Ads,Norte,39.96,3,45,49.9,No,2023-04-17,2245.5
558,47,Basic,Indicação,Sul,12.05,1,13,49.9,No,2024-11-27,648.6999999999999
559,34,Pro,Instagram,Centro-Oeste,8.47,2,43,49.9,Yes,2024-11-07,2145.7
560,37,Basic,LinkedIn,Sul,18.72,3,45,89.9,No,2025-06-12,4045.5000000000005
561,42,Basic,Google Ads,Sudeste,10.65,0,9,49.9,No,2023-05-22,449.09999999999997
562,39,Pro,LinkedIn,Sudeste,21.42,2,33,49.9,No,2023-11-24,1646.7
563,30,Pro,Google Ads,Sudeste,13.18,3,6,49.9,Yes,2023-07-15,299.4
564,36,Pro,LinkedIn,Nordeste,26.18,1,29,89.9,No,2023-02-18,2607.1000000000004
565,53,Pro,Google Ads,Centro-Oeste,12.73,1,31,89.9,No,2025-07-19,2786.9
566,29,Basic,Instagram,Centro-Oeste,15.16,1,34,89.9,No,2024-07-05,3056.6000000000004
567,58,Basic,Google Ads,Norte,14.25,1,44,89.9,No,2025-09-21,3955.6000000000004
568,36,Pro,Google Ads,Nordeste,7.57,0,46,49.9,No,2024-02-09,2295.4
569,29,Basic,LinkedIn,Nordeste,25.0,1,18,89.9,No,2023-09-21,1618.2
570,26,Pro,Orgânico,Sudeste,54.9,0,44,49.9,Yes,2023-02-13,2195.6
571,24,Basic,Instagram,Nordeste,18.42,0,19,199.9,No,2025-06-02,3798.1
572,45,Pro,Indicação,Centro-Oeste,30.82,2,16,49.9,No,2024-09-03,798.4
573,31,Pro,LinkedIn,Sul,15.91,5,20,199.9,No,2024-10-20,3998.0
574,48,Pro,LinkedIn,Sul,19.77,0,14,49.9,No,2024-09-06,698.6
575,36,Pro,Google Ads,Sudeste,29.5,1,42,89.9,No,2025-06-24,3775.8
576,64,Pro,Google Ads,Sudeste,15.74,2,4,199.9,Yes,2024-01-31,799.6
577,33,Basic,Orgânico,Nordeste,7.8,2,16,89.9,No,2024-03-06,1438.4
578,22,Basic,Instagram,Nordeste,17.15,2,24,89.9,No,2024-05-01,2157.6000000000004
579,52,Basic,Indicação,Norte,36.97,1,33,49.9,No,2023-05-26,1646.7
580,29,Basic,LinkedIn,Sudeste,34.46,2,34,89.9,No,2023-10-31,3056.6000000000004
581,42,Basic,Instagram,Nordeste,26.04,5,13,89.9,No,2023-06-02,1168.7
582,38,Pro,Instagram,Sudeste,16.14,0,42,89.9,No,2023-03-30,3775.8
583,53,Basic,LinkedIn,Centro-Oeste,25.75,1,18,49.9,No,2023-01-27,898.1999999999999
584,40,Pro,Google Ads,Nordeste,23.6,1,25,49.9,No,2023-07-17,1247.5
585,33,Enterprise,Instagram,Nordeste,22.04,2,32,199.9,No,2023-12-07,6396.8
586,56,Basic,Instagram,Sudeste,21.96,1,33,199.9,No,2025-12-05,6596.7
587,62,Basic,Orgânico,Centro-Oeste,18.29,4,38,199.9,No,2023-04-23,7596.2
588,59,Basic,Instagram,Sudeste,21.9,1,28,89.9,No,2023-06-09,2517.2000000000003
589,56,Pro,Indicação,Nordeste,16.58,1,36,199.9,Yes,2023-05-07,7196.400000000001
590,31,Basic,Google Ads,Nordeste,19.65,1,45,49.9,Yes,2024-08-01,2245.5
591,48,Basic,Google Ads,Sudeste,5.32,1,41,49.9,No,2025-11-04,2045.8999999999999
592,22,Pro,Orgânico,Sul,13.55,4,16,49.9,No,2023-03-28,798.4
593,52,Basic,Indicação,Sudeste,28.19,1,38,89.9,No,2023-12-10,3416.2000000000003
594,40,Pro,Instagram,Sudeste,10.79,1,2,49.9,No,2025-09-10,99.8
595,46,Pro,LinkedIn,Centro-Oeste,26.39,2,2,49.9,No,2024-07-10,99.8
596,60,Pro,Google Ads,Sudeste,30.68,2,13,49.9,No,2024-02-12,648.6999999999999
597,28,Basic,Indicação,Nordeste,21.58,1,10,49.9,No,2023-06-18,499.0
598,35,Enterprise,Google Ads,Sudeste,16.93,3,4,199.9,No,2023-10-16,799.6
599,64,Pro,Orgânico,Sul,2.25,3,29,49.9,No,2024-06-21,1447.1
600,29,Basic,LinkedIn,Nordeste,23.27,1,14,89.9,No,2024-07-20,1258.6000000000001
601,26,Basic,Instagram,Centro-Oeste,8.61,2,37,89.9,No,2025-01-01,3326.3
602,27,Basic,Orgânico,Nordeste,8.36,2,31,89.9,Yes,2024-05-21,2786.9
603,61,Pro,Orgânico,Sudeste,13.35,1,44,89.9,No,2024-04-01,3955.6000000000004
604,34,Pro,Instagram,Sul,35.19,1,28,89.9,No,2025-03-02,2517.2000000000003
605,55,Pro,Orgânico,Sul,10.37,3,39,49.9,Yes,2025-09-25,1946.1
606,24,Enterprise,Orgânico,Sul,6.84,3,29,89.9,No,2023-03-13,2607.1000000000004
607,63,Basic,Indicação,Nordeste,34.62,1,10,89.9,No,2025-12-28,899.0
608,30,Basic,Orgânico,Sudeste,35.09,1,27,49.9,No,2024-02-04,1347.3
609,57,Enterprise,LinkedIn,Norte,28.01,2,1,49.9,No,2025-06-15,49.9
610,59,Pro,Indicação,Nordeste,21.18,1,39,89.9,No,2025-07-11,3506.1000000000004
611,26,Pro,Orgânico,Centro-Oeste,15.38,1,3,89.9,No,2023-03-21,269.70000000000005
612,44,Pro,LinkedIn,Norte,1.99,3,12,89.9,No,2025-12-08,1078.8000000000002
613,19,Enterprise,LinkedIn,Sudeste,11.51,2,26,49.9,No,2025-07-26,1297.3999999999999
614,22,Pro,Instagram,Sudeste,22.94,2,28,199.9,No,2025-08-26,5597.2
615,46,Pro,Orgânico,Nordeste,31.49,2,19,49.9,No,2025-05-24,948.1
616,54,Pro,Indicação,Sudeste,15.4,2,34,49.9,No,2024-08-16,1696.6
617,55,Basic,LinkedIn,Norte,14.64,1,22,89.9,No,2023-05-09,1977.8000000000002
618,36,Pro,Instagram,Norte,20.51,1,37,49.9,No,2025-04-15,1846.3
619,25,Basic,Google Ads,Norte,12.58,1,31,49.9,No,2025-06-28,1546.8999999999999
620,62,Enterprise,Google Ads,Norte,5.52,5,39,199.9,No,2023-01-22,7796.1
621,18,Pro,LinkedIn,Centro-Oeste,18.6,3,29,49.9,No,2024-08-02,1447.1
622,39,Pro,Instagram,Centro-Oeste,11.88,2,28,89.9,No,2024-10-07,2517.2000000000003
623,34,Pro,Orgânico,Sul,13.19,2,37,49.9,No,2023-01-13,1846.3
624,24,Basic,LinkedIn,Nordeste,14.55,1,3,49.9,No,2023-12-21,149.7
625,42,Basic,Orgânico,Sudeste,25.77,3,23,49.9,No,2023-11-03,1147.7
626,62,Enterprise,Google Ads,Nordeste,14.71,3,25,49.9,No,2023-06-30,1247.5
627,21,Enterprise,Orgânico,Norte,8.36,6,46,89.9,Yes,2023-05-04,4135.400000000001
628,53,Basic,Instagram,Sudeste,19.12,1,22,49.9,No,2023-01-28,1097.8
629,23,Enterprise,Indicação,Sul,17.64,2,37,49.9,No,2023-11-29,1846.3
630,48,Pro,LinkedIn,Sudeste,7.83,1,37,89.9,No,2023-01-28,3326.3
631,36,Pro,Instagram,Nordeste,32.43,3,47,49.9,No,2025-02-06,2345.2999999999997
632,61,Basic,Google Ads,Nordeste,20.33,3,13,49.9,No,2025-03-04,648.6999999999999
633,56,Enterprise,Google Ads,Centro-Oeste,10.26,0,43,199.9,No,2024-12-16,8595.7
634,44,Pro,Indicação,Nordeste,10.78,3,22,49.9,No,2024-07-03,1097.8
635,27,Enterprise,Instagram,Sudeste,25.89,3,44,89.9,No,2023-06-01,3955.6000000000004
636,43,Pro,Orgânico,Centro-Oeste,28.87,3,23,49.9,No,2024-05-10,1147.7
637,36,Pro,Instagram,Centro-Oeste,36.58,3,34,89.9,No,2024-03-23,3056.6000000000004
638,56,Pro,Orgânico,Sudeste,22.47,1,19,89.9,No,2024-10-03,1708.1000000000001
639,20,Basic,Google Ads,Sudeste,28.33,3,21,89.9,No,2023-08-17,1887.9
640,62,Basic,Google Ads,Nordeste,17.62,0,46,89.9,No,2025-08-14,4135.400000000001
641,30,Basic,Instagram,Norte,12.44,0,8,89.9,Yes,2023-10-20,719.2
642,45,Basic,Orgânico,Centro-Oeste,25.81,4,9,89.9,No,2024-01-03,809.1
643,37,Pro,LinkedIn,Norte,20.52,1,25,49.9,No,2025-09-25,1247.5
644,45,Pro,Google Ads,Sul,26.86,1,12,49.9,No,2023-10-17,598.8
645,25,Enterprise,Google Ads,Norte,28.92,4,18,49.9,No,2024-03-31,898.1999999999999
646,58,Basic,Instagram,Sul,14.38,1,37,89.9,No,2023-12-15,3326.3
647,56,Pro,LinkedIn,Sudeste,13.25,3,27,49.9,No,2024-04-30,1347.3
648,18,Basic,Instagram,Sudeste,21.0,3,19,49.9,No,2023-03-26,948.1
649,20,Basic,Indicação,Nordeste,22.49,2,38,89.9,No,2023-07-06,3416.2000000000003
650,30,Basic,Indicação,Sudeste,25.8,1,5,49.9,No,2023-03-15,249.5
651,45,Pro,Orgânico,Sul,18.53,2,31,89.9,No,2023-02-16,2786.9
652,42,Basic,LinkedIn,Sudeste,49.18,1,47,89.9,No,2025-12-13,4225.3
653,50,Pro,Instagram,Sul,27.53,5,11,49.9,Yes,2024-01-10,548.9
654,55,Basic,Orgânico,Sudeste,36.69,4,10,49.9,No,2023-05-30,499.0
655,23,Enterprise,Instagram,Centro-Oeste,24.08,2,12,89.9,No,2025-09-13,1078.8000000000002
656,61,Pro,Instagram,Sudeste,6.47,3,7,199.9,No,2025-06-08,1399.3
657,62,Enterprise,Orgânico,Sudeste,14.86,1,39,49.9,No,2024-12-20,1946.1
658,49,Enterprise,Google Ads,Sudeste,33.3,4,48,89.9,No,2025-04-11,4315.200000000001
659,62,Enterprise,Instagram,Sul,17.72,4,34,199.9,No,2023-10-09,6796.6
660,64,Enterprise,Google Ads,Sudeste,4.54,2,28,49.9,No,2023-07-18,1397.2
661,38,Pro,Google Ads,Centro-Oeste,8.22,3,16,89.9,No,2025-05-31,1438.4
662,33,Basic,Google Ads,Sudeste,15.13,4,21,49.9,No,2025-10-27,1047.8999999999999
663,38,Basic,Google Ads,Sul,13.52,2,28,49.9,No,2023-12-28,1397.2
664,28,Basic,Instagram,Centro-Oeste,33.15,1,44,49.9,No,2024-05-26,2195.6
665,54,Pro,Orgânico,Sudeste,27.53,1,18,89.9,No,2025-02-22,1618.2
666,53,Pro,LinkedIn,Sudeste,31.51,1,38,89.9,No,2025-08-20,3416.2000000000003
667,52,Enterprise,Indicação,Sudeste,11.08,1,37,49.9,No,2024-10-16,1846.3
668,36,Enterprise,LinkedIn,Sudeste,13.53,2,26,49.9,No,2025-03-14,1297.3999999999999
669,37,Basic,Orgânico,Sul,24.11,2,44,89.9,No,2025-11-10,3955.6000000000004
670,35,Pro,Orgânico,Sudeste,26.33,1,40,49.9,No,2023-08-31,1996.0
671,64,Enterprise,Orgânico,Sul,16.17,2,32,89.9,No,2023-12-05,2876.8
672,58,Basic,Orgânico,Sudeste,12.19,2,39,89.9,No,2023-07-04,3506.1000000000004
673,31,Pro,Google Ads,Centro-Oeste,4.03,2,42,199.9,No,2023-06-06,8395.800000000001
674,32,Basic,LinkedIn,Norte,9.4,2,10,49.9,No,2023-12-14,499.0
675,48,Pro,LinkedIn,Centro-Oeste,14.17,5,1,49.9,Yes,2023-06-11,49.9
676,18,Basic,LinkedIn,Centro-Oeste,9.62,1,28,49.9,No,2025-12-17,1397.2
677,20,Enterprise,LinkedIn,Sudeste,32.44,3,1,49.9,No,2023-10-22,49.9
678,33,Pro,Google Ads,Sul,44.17,3,36,89.9,No,2023-05-11,3236.4
679,40,Basic,Google Ads,Sudeste,28.72,2,23,49.9,No,2025-07-20,1147.7
680,28,Basic,Orgânico,Sudeste,15.76,2,14,49.9,No,2023-10-18,698.6
681,29,Pro,Indicação,Nordeste,7.0,2,41,49.9,No,2023-12-10,2045.8999999999999
682,27,Enterprise,Instagram,Nordeste,12.12,1,8,49.9,No,2024-06-25,399.2
683,49,Pro,Instagram,Sudeste,6.94,3,36,49.9,No,2023-03-21,1796.3999999999999
684,33,Pro,Indicação,Sudeste,10.82,3,47,199.9,No,2024-05-08,9395.300000000001
685,25,Basic,Instagram,Sudeste,18.36,1,7,89.9,No,2024-03-10,629.3000000000001
686,55,Pro,Instagram,Sudeste,38.86,2,10,49.9,No,2025-07-25,499.0
687,29,Pro,Google Ads,Sudeste,10.96,4,29,49.9,No,2023-10-20,1447.1
688,41,Pro,Google Ads,Sudeste,28.16,2,17,89.9,No,2024-08-13,1528.3000000000002
689,45,Basic,Instagram,Sudeste,19.72,4,21,49.9,No,2025-10-29,1047.8999999999999
690,25,Pro,Indicação,Centro-Oeste,20.98,1,12,49.9,Yes,2024-02-02,598.8
691,45,Pro,Google Ads,Sudeste,19.06,5,27,49.9,No,2023-04-02,1347.3
692,53,Enterprise,Instagram,Sudeste,9.06,2,1,49.9,Yes,2024-08-12,49.9
693,43,Enterprise,Indicação,Nordeste,18.85,4,13,199.9,No,2024-01-08,2598.7000000000003
694,25,Pro,Orgânico,Norte,3.27,2,29,89.9,Yes,2025-12-27,2607.1000000000004
695,45,Pro,Google Ads,Norte,17.56,1,40,89.9,No,2024-05-21,3596.0
696,45,Basic,Indicação,Sudeste,33.37,1,9,49.9,No,2024-11-04,449.09999999999997
697,54,Pro,Orgânico,Sudeste,23.05,2,46,49.9,No,2025-09-17,2295.4
698,58,Basic,Orgânico,Sudeste,6.2,1,5,89.9,No,2025-11-06,449.5
699,53,Basic,Orgânico,Sul,24.71,2,36,89.9,No,2025-12-27,3236.4
700,44,Basic,Indicação,Sudeste,16.45,1,36,89.9,No,2024-01-14,3236.4
701,34,Pro,Google Ads,Sul,20.84,3,37,49.9,No,2025-04-03,1846.3
702,26,Basic,Indicação,Centro-Oeste,8.27,3,14,89.9,No,2024-02-05,1258.6000000000001
703,50,Pro,Indicação,Sudeste,5.0,2,24,89.9,No,2024-07-27,2157.6000000000004
704,37,Pro,Instagram,Sul,18.21,3,18,49.9,No,2025-03-04,898.1999999999999
705,30,Basic,LinkedIn,Centro-Oeste,37.45,2,13,49.9,No,2025-12-28,648.6999999999999
706,45,Basic,Indicação,Centro-Oeste,14.48,5,33,89.9,No,2023-02-06,2966.7000000000003
707,46,Pro,Orgânico,Nordeste,21.81,1,12,49.9,No,2024-04-29,598.8
708,30,Pro,Instagram,Sudeste,19.79,3,21,89.9,No,2024-03-07,1887.9
709,63,Basic,Google Ads,Sudeste,12.9,3,40,89.9,No,2023-08-01,3596.0
710,52,Enterprise,Indicação,Sul,9.44,2,31,89.9,Yes,2025-11-22,2786.9
711,23,Pro,Google Ads,Nordeste,6.07,0,32,89.9,Yes,2024-03-19,2876.8
712,35,Basic,LinkedIn,Sudeste,14.77,0,47,49.9,No,2025-11-09,2345.2999999999997
713,22,Pro,Google Ads,Sudeste,19.98,4,41,89.9,No,2024-04-08,3685.9
714,64,Enterprise,LinkedIn,Sudeste,9.04,3,34,89.9,No,2024-05-21,3056.6000000000004
715,42,Pro,Indicação,Norte,11.48,0,13,49.9,No,2024-12-10,648.6999999999999
716,19,Basic,Google Ads,Sudeste,20.46,3,29,89.9,No,2025-01-17,2607.1000000000004
717,27,Enterprise,Google Ads,Sudeste,8.09,3,30,49.9,No,2025-09-28,1497.0
718,47,Pro,Instagram,Sudeste,5.88,3,30,49.9,No,2023-04-30,1497.0
719,62,Basic,Instagram,Norte,17.44,1,9,199.9,No,2024-09-27,1799.1000000000001
720,22,Pro,Indicação,Centro-Oeste,11.99,3,6,89.9,No,2024-02-10,539.4000000000001
721,50,Pro,LinkedIn,Sul,20.3,1,47,89.9,No,2023-10-31,4225.3
722,18,Enterprise,Instagram,Sudeste,6.51,1,4,89.9,No,2023-12-16,359.6
723,35,Pro,LinkedIn,Sudeste,35.73,0,43,49.9,No,2024-02-08,2145.7
724,49,Basic,Google Ads,Sul,39.47,3,15,89.9,No,2025-08-16,1348.5
725,64,Pro,Orgânico,Sudeste,49.59,0,11,89.9,No,2024-02-21,988.9000000000001
726,28,Pro,Google Ads,Nordeste,14.73,1,31,49.9,No,2025-08-30,1546.8999999999999
727,38,Basic,Orgânico,Sudeste,9.59,1,28,89.9,No,2024-12-31,2517.2000000000003
728,43,Pro,LinkedIn,Centro-Oeste,45.97,4,38,89.9,No,2024-07-07,3416.2000000000003
729,42,Pro,LinkedIn,Centro-Oeste,16.89,1,48,49.9,No,2025-04-25,2395.2
730,39,Basic,Indicação,Centro-Oeste,12.57,0,36,199.9,No,2025-06-21,7196.400000000001
731,44,Pro,Orgânico,Sudeste,9.41,4,10,89.9,No,2024-05-22,899.0
732,30,Basic,Orgânico,Sudeste,18.0,2,30,89.9,No,2023-01-14,2697.0
733,50,Basic,LinkedIn,Sul,18.0,1,42,49.9,No,2025-06-06,2095.7999999999997
734,51,Basic,Google Ads,Sudeste,19.67,3,15,89.9,No,2024-12-15,1348.5
735,58,Basic,Orgânico,Norte,22.0,4,1,89.9,No,2024-12-05,89.9
736,52,Pro,Google Ads,Nordeste,11.99,4,12,49.9,No,2025-02-01,598.8
737,18,Basic,Orgânico,Sudeste,27.64,1,30,89.9,No,2024-09-09,2697.0
738,38,Pro,Indicação,Sudeste,13.68,2,5,89.9,No,2025-03-01,449.5
739,23,Basic,Orgânico,Norte,14.56,1,25,49.9,No,2025-02-19,1247.5
740,45,Enterprise,Orgânico,Sudeste,28.66,1,24,199.9,No,2024-12-12,4797.6
741,34,Pro,Google Ads,Sudeste,6.0,2,23,89.9,No,2024-10-11,2067.7000000000003
742,22,Pro,Indicação,Sul,13.76,0,31,49.9,No,2024-02-02,1546.8999999999999
743,48,Basic,Google Ads,Centro-Oeste,8.65,1,45,89.9,No,2024-02-25,4045.5000000000005
744,22,Basic,Google Ads,Norte,27.79,3,27,49.9,No,2023-03-11,1347.3
745,55,Basic,Instagram,Nordeste,16.77,5,19,49.9,No,2025-06-18,948.1
746,20,Enterprise,Google Ads,Sudeste,20.09,0,37,49.9,No,2024-10-13,1846.3
747,40,Pro,Indicação,Centro-Oeste,13.25,2,12,49.9,Yes,2024-10-10,598.8
748,54,Pro,Orgânico,Sudeste,36.94,3,23,89.9,No,2023-09-26,2067.7000000000003
749,54,Pro,LinkedIn,Sul,10.64,1,18,89.9,No,2023-03-04,1618.2
750,27,Basic,Google Ads,Sudeste,22.21,1,12,49.9,No,2024-09-23,598.8
751,27,Pro,Orgânico,Norte,15.35,2,21,49.9,No,2024-10-28,1047.8999999999999
752,36,Pro,Orgânico,Sudeste,10.53,3,19,49.9,No,2024-05-22,948.1
753,34,Pro,Indicação,Sudeste,39.07,0,17,89.9,No,2025-04-14,1528.3000000000002
754,38,Pro,Indicação,Sudeste,20.69,0,39,89.9,No,2024-11-03,3506.1000000000004
755,31,Basic,Orgânico,Norte,13.55,2,9,49.9,No,2023-02-09,449.09999999999997
756,26,Basic,Google Ads,Centro-Oeste,23.06,4,6,49.9,No,2025-07-28,299.4
757,63,Pro,Orgânico,Centro-Oeste,17.02,2,20,49.9,No,2025-10-02,998.0
758,18,Pro,Orgânico,Sudeste,18.88,0,8,89.9,No,2024-09-22,719.2
759,62,Basic,Orgânico,Nordeste,18.31,4,18,89.9,Yes,2024-07-10,1618.2
760,30,Enterprise,Instagram,Centro-Oeste,23.11,2,22,89.9,No,2025-04-25,1977.8000000000002
761,21,Basic,Orgânico,Norte,28.61,2,18,89.9,No,2025-05-15,1618.2
762,18,Enterprise,LinkedIn,Sudeste,15.21,4,21,89.9,No,2024-06-06,1887.9
763,57,Enterprise,LinkedIn,Sudeste,42.1,1,20,89.9,Yes,2023-10-16,1798.0
764,49,Enterprise,Orgânico,Nordeste,12.27,3,1,89.9,No,2023-04-18,89.9
765,51,Pro,Google Ads,Nordeste,21.67,0,30,49.9,No,2025-08-08,1497.0
766,45,Basic,Instagram,Sudeste,32.31,2,22,199.9,No,2023-04-28,4397.8
767,48,Basic,Orgânico,Sudeste,39.14,3,9,49.9,No,2025-06-10,449.09999999999997
768,25,Pro,Orgânico,Norte,9.96,1,29,199.9,No,2024-10-13,5797.1
769,56,Basic,Orgânico,Sudeste,5.26,4,18,89.9,No,2024-12-23,1618.2
770,43,Basic,Google Ads,Sudeste,21.74,2,40,199.9,No,2023-12-19,7996.0
771,51,Pro,Indicação,Sudeste,12.13,0,28,49.9,No,2023-04-13,1397.2
772,20,Basic,Google Ads,Sudeste,17.93,2,9,49.9,No,2023-01-03,449.09999999999997
773,29,Enterprise,Orgânico,Nordeste,12.28,1,6,89.9,No,2024-09-19,539.4000000000001
774,18,Pro,Google Ads,Sudeste,14.88,4,22,199.9,No,2025-11-07,4397.8
775,61,Pro,Indicação,Sudeste,12.04,2,38,89.9,No,2023-10-07,3416.2000000000003
776,22,Pro,LinkedIn,Sul,14.28,4,2,89.9,No,2024-10-10,179.8
777,47,Enterprise,Orgânico,Norte,19.74,2,37,89.9,No,2024-11-16,3326.3
778,47,Pro,LinkedIn,Nordeste,32.94,3,7,49.9,No,2025-11-24,349.3
779,34,Pro,Indicação,Nordeste,29.97,0,32,199.9,No,2023-03-01,6396.8
780,64,Basic,Instagram,Centro-Oeste,11.63,1,32,49.9,No,2023-07-10,1596.8
781,40,Enterprise,Indicação,Sudeste,24.81,4,24,49.9,No,2025-05-12,1197.6
782,32,Pro,LinkedIn,Nordeste,18.38,0,47,89.9,No,2023-03-05,4225.3
783,54,Pro,Google Ads,Nordeste,19.69,1,8,89.9,No,2025-06-02,719.2
784,38,Basic,Indicação,Nordeste,18.5,2,31,89.9,No,2024-07-10,2786.9
785,31,Pro,Orgânico,Sudeste,26.08,5,37,49.9,No,2025-03-19,1846.3
786,19,Basic,Google Ads,Sudeste,24.18,4,20,49.9,No,2024-12-21,998.0
787,28,Enterprise,Google Ads,Nordeste,7.99,0,8,89.9,No,2025-02-10,719.2
788,56,Enterprise,Indicação,Sudeste,40.17,1,7,49.9,Yes,2025-02-25,349.3
789,55,Basic,Orgânico,Sudeste,23.79,1,29,89.9,No,2025-10-08,2607.1000000000004
790,51,Pro,Google Ads,Centro-Oeste,12.17,3,34,199.9,No,2024-07-12,6796.6
791,55,Basic,Orgânico,Sudeste,33.36,2,22,199.9,No,2025-12-04,4397.8
792,51,Pro,Orgânico,Nordeste,25.09,2,6,49.9,No,2023-10-03,299.4
793,35,Basic,Google Ads,Sul,15.34,1,12,49.9,No,2024-10-12,598.8
794,47,Pro,Instagram,Nordeste,32.58,2,42,49.9,No,2024-05-05,2095.7999999999997
795,32,Basic,Indicação,Sul,23.11,2,46,89.9,No,2023-09-01,4135.400000000001
796,44,Basic,Orgânico,Norte,23.72,4,28,89.9,No,2024-06-15,2517.2000000000003
797,51,Basic,Indicação,Sudeste,27.68,1,26,49.9,No,2024-06-26,1297.3999999999999
798,55,Basic,Instagram,Nordeste,42.51,1,9,49.9,No,2024-09-06,449.09999999999997
799,50,Pro,Google Ads,Sudeste,9.32,3,27,89.9,Yes,2024-04-03,2427.3
800,41,Basic,LinkedIn,Sul,16.11,1,39,49.9,No,2023-07-18,1946.1
801,32,Pro,Indicação,Sudeste,13.95,1,28,199.9,No,2024-07-09,5597.2
802,47,Enterprise,Instagram,Norte,43.85,1,32,89.9,Yes,2023-02-24,2876.8
803,59,Pro,LinkedIn,Sudeste,5.48,1,34,49.9,No,2025-05-09,1696.6
804,34,Enterprise,Google Ads,Sudeste,21.45,1,32,49.9,No,2024-05-28,1596.8
805,22,Enterprise,LinkedIn,Sudeste,18.78,3,10,49.9,No,2025-03-16,499.0
806,46,Basic,Google Ads,Sudeste,41.56,2,35,89.9,No,2025-09-16,3146.5
807,21,Basic,Google Ads,Norte,29.0,2,18,89.9,No,2025-09-07,1618.2
808,27,Pro,Orgânico,Sudeste,11.1,0,37,49.9,No,2024-08-14,1846.3
809,34,Enterprise,Google Ads,Centro-Oeste,38.57,2,24,199.9,No,2023-04-15,4797.6
810,27,Enterprise,LinkedIn,Sudeste,12.24,3,24,49.9,No,2023-04-18,1197.6
811,34,Basic,Google Ads,Sudeste,23.86,0,30,89.9,No,2025-03-18,2697.0
812,37,Basic,Instagram,Sudeste,5.23,1,27,89.9,Yes,2023-06-04,2427.3
813,41,Basic,Instagram,Sudeste,14.57,2,30,199.9,No,2023-04-09,5997.0
814,22,Pro,Google Ads,Sudeste,22.37,1,4,199.9,No,2024-11-14,799.6
815,51,Pro,Google Ads,Sul,9.26,4,27,89.9,No,2024-01-26,2427.3
816,23,Basic,Orgânico,Nordeste,15.51,2,45,49.9,No,2023-12-28,2245.5
817,19,Pro,Google Ads,Sudeste,24.5,1,3,89.9,Yes,2023-10-11,269.70000000000005
818,30,Pro,Google Ads,Sudeste,11.38,1,6,89.9,No,2024-12-15,539.4000000000001
819,60,Pro,Orgânico,Sul,41.35,4,7,89.9,No,2023-10-13,629.3000000000001
820,60,Basic,Instagram,Sul,21.54,2,21,199.9,No,2025-12-09,4197.900000000001
821,28,Enterprise,Indicação,Sudeste,16.83,2,7,89.9,No,2023-05-08,629.3000000000001
822,64,Pro,Google Ads,Sudeste,11.38,5,2,49.9,No,2024-01-01,99.8
823,40,Pro,Google Ads,Nordeste,11.12,1,9,49.9,No,2025-05-03,449.09999999999997
824,33,Pro,LinkedIn,Norte,43.28,2,3,49.9,No,2024-03-23,149.7
825,48,Basic,Orgânico,Nordeste,18.97,0,48,49.9,No,2025-05-28,2395.2
826,28,Basic,Google Ads,Sudeste,8.4,1,15,89.9,No,2025-09-27,1348.5
827,33,Pro,Instagram,Sudeste,13.55,4,35,199.9,No,2025-12-23,6996.5
828,25,Basic,Google Ads,Norte,9.57,1,21,49.9,No,2023-08-14,1047.8999999999999
829,21,Pro,Google Ads,Centro-Oeste,15.55,3,17,199.9,No,2025-04-02,3398.3
830,57,Pro,Orgânico,Sudeste,17.8,2,6,199.9,No,2023-12-01,1199.4
831,21,Pro,Google Ads,Sudeste,47.35,4,15,49.9,No,2024-03-12,748.5
832,42,Basic,Orgânico,Sudeste,20.44,2,12,199.9,No,2024-01-22,2398.8
833,20,Basic,Google Ads,Centro-Oeste,32.89,1,33,49.9,No,2023-08-30,1646.7
834,49,Pro,Orgânico,Nordeste,9.89,3,10,89.9,No,2025-05-29,899.0
835,20,Basic,LinkedIn,Sudeste,9.42,3,6,89.9,No,2025-12-24,539.4000000000001
836,44,Pro,Orgânico,Sul,13.77,2,42,49.9,No,2024-04-15,2095.7999999999997
837,46,Pro,Google Ads,Sudeste,9.2,2,33,49.9,Yes,2023-07-23,1646.7
838,49,Basic,Orgânico,Sudeste,31.58,0,13,49.9,No,2023-01-16,648.6999999999999
839,36,Pro,Indicação,Sudeste,39.33,2,2,199.9,No,2025-08-28,399.8
840,38,Basic,LinkedIn,Centro-Oeste,16.12,4,18,89.9,No,2023-02-28,1618.2
841,22,Basic,Orgânico,Sudeste,29.96,2,17,49.9,No,2023-06-10,848.3
842,35,Enterprise,Indicação,Centro-Oeste,19.18,0,34,199.9,No,2023-05-18,6796.6
843,45,Enterprise,Orgânico,Sudeste,41.55,4,8,199.9,No,2025-10-30,1599.2
844,59,Pro,Instagram,Centro-Oeste,21.02,0,29,49.9,No,2025-07-01,1447.1
845,39,Enterprise,LinkedIn,Centro-Oeste,11.38,2,6,89.9,No,2025-12-12,539.4000000000001
846,38,Pro,Orgânico,Sudeste,13.66,3,15,49.9,No,2025-11-11,748.5
847,23,Basic,Google Ads,Centro-Oeste,13.29,2,31,89.9,No,2023-11-19,2786.9
848,18,Basic,LinkedIn,Sudeste,14.58,2,45,199.9,No,2023-09-12,8995.5
849,22,Enterprise,Orgânico,Sudeste,20.37,4,30,49.9,No,2023-01-13,1497.0
850,58,Basic,LinkedIn,Sudeste,7.2,1,20,89.9,No,2024-11-28,1798.0
851,29,Pro,Instagram,Sudeste,28.89,2,26,89.9,No,2025-12-04,2337.4
852,43,Pro,Instagram,Nordeste,15.14,0,20,89.9,No,2025-07-29,1798.0
853,63,Pro,Orgânico,Sudeste,19.55,0,24,49.9,No,2025-09-24,1197.6
854,51,Pro,Orgânico,Centro-Oeste,25.1,0,40,49.9,No,2024-11-13,1996.0
855,31,Basic,Orgânico,Norte,18.12,0,48,89.9,No,2025-08-17,4315.200000000001
856,43,Basic,Indicação,Sudeste,10.69,1,16,89.9,No,2024-10-09,1438.4
857,62,Pro,LinkedIn,Sul,28.98,4,4,89.9,No,2025-08-27,359.6
858,44,Pro,Google Ads,Sul,9.43,2,34,49.9,No,2025-08-04,1696.6
859,26,Pro,Google Ads,Sul,13.35,4,3,49.9,No,2025-09-15,149.7
860,43,Pro,Google Ads,Sul,14.89,2,3,199.9,No,2025-07-04,599.7
861,64,Basic,Google Ads,Nordeste,17.29,4,38,49.9,No,2023-07-13,1896.2
862,39,Enterprise,Orgânico,Sudeste,5.81,4,1,49.9,Yes,2024-05-20,49.9
863,64,Pro,Orgânico,Centro-Oeste,19.99,0,12,49.9,Yes,2024-05-01,598.8
864,47,Basic,LinkedIn,Sul,8.29,1,19,49.9,No,2025-12-24,948.1
865,60,Pro,Orgânico,Sudeste,20.62,3,35,89.9,No,2024-09-04,3146.5
866,34,Pro,Orgânico,Sudeste,9.85,0,5,49.9,No,2024-04-02,249.5
867,43,Enterprise,Indicação,Sudeste,19.12,2,43,49.9,Yes,2023-08-07,2145.7
868,53,Basic,LinkedIn,Sudeste,34.34,0,39,89.9,No,2024-04-02,3506.1000000000004
869,18,Pro,Google Ads,Centro-Oeste,16.12,6,10,89.9,No,2024-11-04,899.0
870,25,Basic,LinkedIn,Centro-Oeste,11.28,2,10,89.9,No,2024-06-18,899.0
871,52,Basic,Google Ads,Sul,13.57,2,37,199.9,No,2023-03-19,7396.3
872,32,Pro,Instagram,Nordeste,34.15,0,36,49.9,No,2023-12-13,1796.3999999999999
873,64,Pro,Orgânico,Sudeste,17.06,2,35,199.9,Yes,2024-07-01,6996.5
874,39,Pro,Instagram,Sudeste,34.08,4,25,49.9,No,2023-05-22,1247.5
875,31,Basic,Google Ads,Nordeste,32.04,3,31,49.9,No,2023-08-29,1546.8999999999999
876,43,Basic,LinkedIn,Norte,13.91,2,44,89.9,No,2025-03-12,3955.6000000000004
877,45,Pro,Indicação,Nordeste,45.28,2,36,89.9,No,2024-09-25,3236.4
878,40,Basic,Google Ads,Sul,7.6,3,19,49.9,No,2024-07-28,948.1
879,31,Basic,Google Ads,Norte,12.11,3,7,49.9,No,2023-11-22,349.3
880,41,Basic,Orgânico,Centro-Oeste,22.37,0,9,89.9,No,2024-07-02,809.1
881,19,Basic,Google Ads,Sudeste,11.07,1,25,89.9,No,2025-03-01,2247.5
882,62,Basic,Orgânico,Norte,10.22,2,23,89.9,No,2025-05-26,2067.7000000000003
883,43,Pro,LinkedIn,Nordeste,42.25,1,13,89.9,No,2023-10-15,1168.7
884,31,Basic,Instagram,Centro-Oeste,5.81,3,42,49.9,Yes,2024-10-06,2095.7999999999997
885,24,Basic,Instagram,Nordeste,22.06,1,11,49.9,No,2024-10-13,548.9
886,20,Pro,Orgânico,Sudeste,8.95,1,35,49.9,Yes,2024-08-06,1746.5
887,64,Basic,Orgânico,Centro-Oeste,57.89,1,24,49.9,No,2025-10-29,1197.6
888,40,Pro,Instagram,Sudeste,28.93,7,34,199.9,No,2024-06-03,6796.6
889,63,Basic,Google Ads,Norte,21.9,3,45,89.9,No,2025-12-15,4045.5000000000005
890,60,Basic,Google Ads,Sudeste,8.39,3,15,49.9,Yes,2025-03-06,748.5
891,64,Basic,Orgânico,Nordeste,8.91,2,11,89.9,No,2024-09-19,988.9000000000001
892,62,Basic,Instagram,Sudeste,12.9,6,19,89.9,No,2024-12-13,1708.1000000000001
893,35,Pro,Google Ads,Nordeste,21.73,6,48,89.9,No,2025-07-19,4315.200000000001
894,55,Enterprise,Instagram,Sudeste,17.71,2,28,89.9,No,2025-11-10,2517.2000000000003
895,52,Basic,LinkedIn,Sudeste,42.68,0,48,49.9,No,2023-02-02,2395.2
896,32,Basic,Orgânico,Nordeste,28.31,3,38,49.9,No,2023-03-15,1896.2
897,42,Pro,Indicação,Sul,22.78,1,14,49.9,No,2025-01-30,698.6
898,54,Pro,Google Ads,Sudeste,32.61,0,7,49.9,No,2024-12-18,349.3
899,45,Pro,Google Ads,Sudeste,41.96,3,32,49.9,No,2024-01-21,1596.8
900,27,Basic,Instagram,Sudeste,16.13,2,1,49.9,No,2025-07-17,49.9
901,56,Enterprise,Google Ads,Sudeste,22.99,0,22,199.9,No,2023-08-19,4397.8
902,34,Basic,Orgânico,Sudeste,8.44,2,33,199.9,No,2023-01-20,6596.7
903,56,Basic,Instagram,Sudeste,12.09,2,48,89.9,No,2023-10-18,4315.200000000001
904,39,Enterprise,Instagram,Nordeste,41.43,1,12,49.9,No,2023-08-13,598.8
905,43,Pro,LinkedIn,Norte,15.54,2,29,199.9,No,2024-05-21,5797.1
906,61,Pro,Indicação,Nordeste,15.1,0,33,199.9,No,2023-09-09,6596.7
907,42,Pro,LinkedIn,Sul,15.77,1,33,49.9,No,2023-05-23,1646.7
908,34,Pro,Orgânico,Nordeste,27.96,6,22,89.9,No,2024-08-27,1977.8000000000002
909,30,Basic,Indicação,Sudeste,10.39,0,6,49.9,No,2025-05-23,299.4
910,37,Pro,Orgânico,Nordeste,19.07,2,31,199.9,No,2023-03-25,6196.900000000001
911,42,Basic,Indicação,Sudeste,6.69,1,45,49.9,No,2025-02-10,2245.5
912,21,Pro,Google Ads,Sul,33.77,2,20,49.9,No,2024-08-09,998.0
913,27,Enterprise,Google Ads,Centro-Oeste,11.1,4,16,89.9,No,2025-01-07,1438.4
914,20,Basic,Orgânico,Sudeste,11.63,2,33,49.9,No,2024-07-19,1646.7
915,58,Basic,Orgânico,Nordeste,28.86,3,11,49.9,No,2023-02-06,548.9
916,62,Basic,Indicação,Nordeste,41.73,4,34,89.9,No,2024-07-19,3056.6000000000004
917,35,Basic,Indicação,Sudeste,22.2,1,37,89.9,No,2024-06-03,3326.3
918,64,Enterprise,Instagram,Nordeste,24.52,5,37,89.9,No,2025-10-31,3326.3
919,53,Basic,LinkedIn,Sudeste,16.57,1,28,89.9,No,2025-04-17,2517.2000000000003
920,64,Basic,Orgânico,Sudeste,20.27,3,6,89.9,No,2023-01-09,539.4000000000001
921,39,Pro,Orgânico,Sudeste,29.0,4,44,49.9,No,2025-01-19,2195.6
922,51,Enterprise,Instagram,Sudeste,14.76,0,1,199.9,No,2025-09-01,199.9
923,64,Pro,Instagram,Sul,20.38,3,37,89.9,No,2023-09-02,3326.3
924,25,Pro,LinkedIn,Sudeste,14.19,4,22,89.9,No,2025-04-26,1977.8000000000002
925,57,Pro,Instagram,Sudeste,11.25,2,33,199.9,No,2023-10-15,6596.7
926,61,Enterprise,Instagram,Sul,31.88,1,18,199.9,No,2023-02-20,3598.2000000000003
927,36,Pro,Indicação,Nordeste,8.22,5,38,199.9,No,2023-06-14,7596.2
928,59,Pro,Google Ads,Sul,28.2,1,29,49.9,No,2024-12-29,1447.1
929,58,Basic,Orgânico,Sudeste,12.43,1,39,199.9,No,2025-02-18,7796.1
930,54,Basic,Indicação,Sudeste,56.27,4,2,199.9,No,2025-03-24,399.8
931,23,Pro,Orgânico,Sudeste,26.42,2,1,89.9,No,2025-02-04,89.9
932,43,Enterprise,Orgânico,Norte,9.37,0,6,89.9,No,2024-10-19,539.4000000000001
933,51,Enterprise,LinkedIn,Centro-Oeste,13.54,0,48,199.9,No,2025-07-22,9595.2
934,62,Enterprise,Orgânico,Nordeste,8.14,1,27,49.9,No,2024-07-24,1347.3
935,23,Pro,LinkedIn,Sudeste,10.06,1,42,49.9,No,2024-10-08,2095.7999999999997
936,54,Pro,Orgânico,Nordeste,10.85,2,15,49.9,No,2025-09-27,748.5
937,50,Pro,Google Ads,Norte,14.65,7,14,199.9,Yes,2023-07-30,2798.6
938,39,Pro,Orgânico,Sudeste,21.87,1,32,49.9,No,2023-03-29,1596.8
939,38,Basic,Instagram,Sudeste,13.81,3,11,49.9,No,2025-01-20,548.9
940,23,Pro,Google Ads,Sudeste,26.16,1,5,89.9,No,2025-06-15,449.5
941,23,Enterprise,Instagram,Norte,13.17,1,19,89.9,No,2023-06-09,1708.1000000000001
942,21,Basic,Indicação,Sudeste,21.64,3,27,89.9,No,2024-08-28,2427.3
943,47,Enterprise,Google Ads,Centro-Oeste,19.49,5,46,49.9,No,2025-05-12,2295.4
944,28,Basic,LinkedIn,Sul,15.91,1,1,49.9,No,2023-05-28,49.9
945,47,Pro,Orgânico,Norte,48.79,3,47,89.9,No,2023-01-04,4225.3
946,48,Pro,Instagram,Sudeste,38.02,3,41,89.9,No,2023-07-01,3685.9
947,41,Pro,LinkedIn,Nordeste,5.15,1,33,49.9,No,2023-04-02,1646.7
948,26,Basic,Instagram,Nordeste,13.05,5,31,49.9,No,2025-04-12,1546.8999999999999
949,20,Enterprise,LinkedIn,Sudeste,63.37,2,29,89.9,No,2025-08-04,2607.1000000000004
950,48,Pro,Indicação,Centro-Oeste,17.05,1,39,89.9,No,2024-06-22,3506.1000000000004
951,57,Basic,Instagram,Centro-Oeste,24.93,2,1,89.9,No,2025-01-13,89.9
952,54,Pro,Orgânico,Sudeste,22.95,1,45,89.9,No,2025-02-02,4045.5000000000005
953,53,Basic,LinkedIn,Sudeste,13.74,1,27,89.9,No,2025-07-10,2427.3
954,41,Basic,Orgânico,Sudeste,16.03,1,41,49.9,No,2023-12-04,2045.8999999999999
955,48,Basic,Indicação,Sudeste,16.41,0,7,49.9,No,2025-02-23,349.3
956,23,Enterprise,Orgânico,Norte,9.29,3,43,199.9,No,2025-07-26,8595.7
957,19,Pro,Google Ads,Sudeste,10.55,1,31,89.9,No,2025-03-11,2786.9
958,37,Pro,Google Ads,Nordeste,21.81,3,29,49.9,No,2025-06-05,1447.1
959,45,Basic,LinkedIn,Sul,10.21,6,43,49.9,No,2025-12-20,2145.7
960,28,Basic,Orgânico,Sudeste,10.42,1,38,89.9,No,2024-06-24,3416.2000000000003
961,21,Enterprise,Google Ads,Sul,15.05,1,45,49.9,No,2025-12-22,2245.5
962,32,Pro,Orgânico,Sudeste,19.11,2,3,49.9,No,2024-07-02,149.7
963,23,Enterprise,Google Ads,Sul,12.45,1,43,89.9,No,2024-05-03,3865.7000000000003
964,47,Basic,Google Ads,Centro-Oeste,29.04,6,2,49.9,No,2023-11-08,99.8
965,55,Basic,Google Ads,Sudeste,13.42,1,9,89.9,No,2023-06-19,809.1
966,19,Enterprise,LinkedIn,Nordeste,17.33,0,39,199.9,No,2025-08-22,7796.1
967,32,Pro,Orgânico,Sudeste,27.7,2,30,89.9,No,2023-10-14,2697.0
968,28,Basic,Instagram,Norte,11.01,1,14,89.9,No,2023-05-10,1258.6000000000001
969,25,Basic,LinkedIn,Nordeste,49.01,5,48,199.9,No,2025-08-24,9595.2
970,43,Pro,Google Ads,Sul,10.01,3,20,49.9,No,2025-08-31,998.0
971,62,Pro,Indicação,Sudeste,25.29,1,14,199.9,No,2025-09-20,2798.6
972,61,Pro,Google Ads,Sul,39.32,1,22,89.9,No,2023-07-09,1977.8000000000002
973,22,Basic,LinkedIn,Sudeste,12.01,2,27,49.9,No,2024-11-24,1347.3
974,23,Basic,Indicação,Sudeste,10.26,1,15,49.9,No,2024-12-09,748.5
975,43,Enterprise,LinkedIn,Norte,14.34,3,26,89.9,No,2024-07-16,2337.4
976,21,Basic,Google Ads,Sudeste,28.12,3,15,199.9,No,2024-12-21,2998.5
977,36,Pro,Google Ads,Nordeste,11.27,1,31,49.9,No,2025-09-17,1546.8999999999999
978,37,Pro,Indicação,Sudeste,19.31,2,11,89.9,No,2024-11-04,988.9000000000001
979,50,Basic,Orgânico,Sudeste,28.17,4,14,49.9,No,2025-06-15,698.6
980,37,Basic,Orgânico,Nordeste,10.07,5,4,49.9,No,2023-06-15,199.6
981,29,Pro,Orgânico,Sudeste,11.48,2,35,49.9,No,2025-11-06,1746.5
982,64,Pro,Orgânico,Nordeste,38.85,3,32,199.9,No,2025-06-06,6396.8
983,18,Pro,Instagram,Sudeste,11.58,4,36,49.9,No,2023-12-20,1796.3999999999999
984,43,Basic,Instagram,Nordeste,14.1,2,32,49.9,No,2024-07-13,1596.8
985,31,Pro,Google Ads,Nordeste,28.38,4,14,49.9,No,2023-03-12,698.6
986,55,Pro,Instagram,Centro-Oeste,23.44,1,34,89.9,No,2024-05-20,3056.6000000000004
987,54,Pro,Indicação,Nordeste,20.34,4,3,49.9,Yes,2024-01-17,149.7
988,28,Basic,Orgânico,Sudeste,25.56,3,37,49.9,No,2025-03-22,1846.3
989,53,Pro,Instagram,Sudeste,20.04,0,23,49.9,No,2023-12-13,1147.7
990,30,Enterprise,LinkedIn,Sudeste,16.95,1,36,49.9,Yes,2024-02-03,1796.3999999999999
991,60,Pro,Indicação,Sudeste,27.08,2,22,49.9,No,2023-04-14,1097.8
992,20,Pro,LinkedIn,Sudeste,24.33,2,48,49.9,No,2023-11-13,2395.2
993,50,Pro,Instagram,Nordeste,18.14,2,44,199.9,No,2024-03-11,8795.6
994,23,Enterprise,Orgânico,Sul,6.7,0,1,199.9,Yes,2024-03-11,199.9
995,27,Enterprise,Google Ads,Norte,35.41,2,36,89.9,No,2025-06-08,3236.4
996,22,Basic,Orgânico,Norte,22.61,2,14,49.9,No,2023-06-13,698.6
997,40,Basic,Orgânico,Nordeste,13.77,2,17,49.9,No,2025-12-04,848.3
998,27,Basic,Instagram,Norte,23.87,1,15,49.9,No,2023-01-02,748.5
999,61,Basic,Instagram,Nordeste,31.22,2,27,49.9,No,2024-09-30,1347.3
1000,19,Basic,Indicação,Sudeste,17.11,0,47,89.9,No,2025-07-02,4225.3
1001,30,Pro,LinkedIn,Centro-Oeste,26.02,3,17,49.9,No,2023-12-30,848.3
1002,57,Basic,Google Ads,Centro-Oeste,28.38,2,2,199.9,No,2023-12-20,399.8
1003,19,Pro,Orgânico,Sul,12.87,1,25,49.9,No,2023-10-18,1247.5
1004,37,Pro,Instagram,Sudeste,9.83,3,8,49.9,No,2025-07-10,399.2
1005,18,Basic,Google Ads,Sudeste,29.73,4,10,89.9,No,2024-07-10,899.0
1006,54,Enterprise,LinkedIn,Sul,30.72,1,28,199.9,No,2025-08-22,5597.2
1007,26,Pro,Google Ads,Norte,11.97,4,36,199.9,No,2024-07-28,7196.400000000001
1008,34,Pro,Google Ads,Sudeste,9.26,4,40,49.9,No,2024-11-07,1996.0
1009,26,Basic,LinkedIn,Sudeste,25.96,3,35,89.9,No,2025-02-07,3146.5
1010,28,Basic,Instagram,Sudeste,18.43,1,16,89.9,No,2023-10-09,1438.4
1011,32,Pro,LinkedIn,Sudeste,15.07,2,17,89.9,Yes,2024-11-12,1528.3000000000002
1012,41,Basic,Orgânico,Sudeste,29.96,2,1,49.9,No,2025-07-24,49.9
1013,55,Pro,Orgânico,Sul,10.7,0,22,49.9,No,2023-08-20,1097.8
1014,52,Pro,Google Ads,Norte,14.54,0,4,49.9,No,2024-08-12,199.6
1015,47,Basic,Google Ads,Sudeste,9.1,1,27,49.9,No,2023-07-09,1347.3
1016,48,Enterprise,Indicação,Centro-Oeste,11.62,1,38,49.9,No,2025-09-07,1896.2
1017,22,Basic,Indicação,Sul,10.98,1,21,89.9,Yes,2023-06-13,1887.9
1018,61,Enterprise,Orgânico,Norte,7.13,2,11,89.9,No,2024-06-12,988.9000000000001
1019,31,Basic,Indicação,Sudeste,27.07,1,31,199.9,No,2023-02-10,6196.900000000001
1020,28,Pro,Google Ads,Centro-Oeste,30.15,1,4,89.9,No,2023-11-07,359.6
1021,26,Basic,LinkedIn,Nordeste,9.67,0,23,89.9,No,2023-11-09,2067.7000000000003
1022,51,Pro,Orgânico,Centro-Oeste,21.97,4,44,49.9,No,2024-07-03,2195.6
1023,29,Pro,Orgânico,Sul,13.29,1,39,89.9,No,2025-12-09,3506.1000000000004
1024,52,Basic,Google Ads,Sudeste,22.22,0,36,199.9,No,2024-10-02,7196.400000000001
1025,52,Pro,LinkedIn,Sudeste,10.77,1,24,49.9,No,2023-09-09,1197.6
1026,18,Basic,Google Ads,Sudeste,30.95,5,11,89.9,No,2024-07-09,988.9000000000001
1027,57,Pro,LinkedIn,Sudeste,7.28,2,37,89.9,No,2023-04-11,3326.3
1028,39,Enterprise,Google Ads,Nordeste,21.2,1,12,89.9,No,2025-04-23,1078.8000000000002
1029,46,Basic,Orgânico,Sudeste,9.22,1,41,89.9,No,2023-11-05,3685.9
1030,25,Basic,Indicação,Sudeste,6.93,2,10,49.9,No,2024-12-01,499.0
1031,28,Basic,Orgânico,Norte,17.39,2,36,89.9,No,2024-06-08,3236.4
1032,58,Pro,Orgânico,Norte,25.6,3,30,49.9,No,2023-06-23,1497.0
1033,54,Basic,Google Ads,Norte,16.52,1,15,49.9,No,2023-07-28,748.5
1034,31,Basic,Indicação,Sudeste,24.9,1,7,199.9,No,2025-03-20,1399.3
1035,47,Basic,Orgânico,Sul,39.03,2,32,89.9,No,2023-05-24,2876.8
1036,52,Basic,LinkedIn,Nordeste,13.37,0,40,89.9,No,2025-05-21,3596.0
1037,38,Enterprise,Indicação,Sul,16.71,2,47,89.9,No,2025-02-04,4225.3
1038,54,Basic,Instagram,Sudeste,12.08,2,7,49.9,No,2023-04-19,349.3
1039,22,Pro,Indicação,Sudeste,19.35,2,6,89.9,No,2025-04-29,539.4000000000001
1040,36,Pro,Instagram,Centro-Oeste,21.92,2,44,49.9,No,2024-06-17,2195.6
1041,31,Pro,LinkedIn,Sul,25.06,3,30,199.9,No,2025-09-10,5997.0
1042,43,Basic,Google Ads,Nordeste,18.36,2,44,49.9,No,2024-04-13,2195.6
1043,21,Pro,Google Ads,Sul,9.67,1,15,49.9,No,2023-04-15,748.5
1044,42,Enterprise,Google Ads,Sul,13.5,3,34,89.9,No,2023-11-01,3056.6000000000004
1045,62,Basic,Google Ads,Sudeste,29.48,0,48,49.9,No,2023-07-18,2395.2
1046,59,Basic,LinkedIn,Sudeste,21.52,1,37,89.9,No,2023-03-17,3326.3
1047,42,Basic,Google Ads,Norte,20.77,3,6,89.9,No,2023-03-05,539.4000000000001
1048,35,Basic,Google Ads,Norte,11.77,3,27,89.9,No,2023-08-19,2427.3
1049,57,Basic,Orgânico,Sudeste,14.81,1,41,199.9,No,2024-10-21,8195.9
1050,25,Pro,Orgânico,Norte,14.98,1,42,49.9,No,2023-07-20,2095.7999999999997
1051,56,Basic,Orgânico,Centro-Oeste,19.24,2,4,49.9,No,2025-01-21,199.6
1052,57,Pro,Orgânico,Sudeste,17.43,1,15,89.9,Yes,2024-01-27,1348.5
1053,31,Pro,Google Ads,Nordeste,25.38,3,16,89.9,Yes,2025-04-11,1438.4
1054,49,Pro,Google Ads,Norte,38.78,3,15,199.9,No,2024-09-01,2998.5
1055,55,Pro,Instagram,Sudeste,16.85,3,21,89.9,No,2023-09-04,1887.9
1056,50,Basic,Orgânico,Sudeste,14.61,3,23,89.9,No,2024-11-25,2067.7000000000003
1057,40,Enterprise,Orgânico,Sudeste,20.43,2,25,89.9,No,2025-11-15,2247.5
1058,32,Pro,Instagram,Sudeste,7.23,4,9,49.9,No,2025-04-24,449.09999999999997
1059,50,Pro,Google Ads,Sudeste,10.14,3,32,49.9,No,2024-03-05,1596.8
1060,42,Pro,Indicação,Centro-Oeste,22.24,1,45,49.9,No,2023-09-10,2245.5
1061,34,Basic,Instagram,Nordeste,17.04,2,5,89.9,No,2025-04-01,449.5
1062,50,Basic,LinkedIn,Sudeste,26.89,0,37,89.9,No,2024-12-12,3326.3
1063,64,Pro,Orgânico,Sudeste,26.06,0,29,89.9,No,2024-12-25,2607.1000000000004
1064,19,Pro,LinkedIn,Nordeste,17.05,0,21,89.9,No,2023-11-30,1887.9
1065,31,Enterprise,Orgânico,Sudeste,19.25,4,1,49.9,No,2023-05-09,49.9
1066,57,Enterprise,Instagram,Nordeste,34.26,1,7,49.9,No,2025-12-03,349.3
1067,57,Basic,Indicação,Norte,26.68,2,6,89.9,No,2024-06-26,539.4000000000001
1068,56,Basic,Orgânico,Norte,30.77,1,19,49.9,No,2025-06-06,948.1
1069,23,Basic,LinkedIn,Centro-Oeste,21.61,3,40,199.9,No,2025-02-21,7996.0
1070,23,Basic,Indicação,Sudeste,12.1,1,14,49.9,No,2025-02-01,698.6
1071,20,Pro,Indicação,Sul,37.74,3,6,89.9,No,2023-10-10,539.4000000000001
1072,24,Pro,Orgânico,Nordeste,17.96,7,9,199.9,No,2025-07-10,1799.1000000000001
1073,25,Pro,Google Ads,Norte,14.93,0,32,89.9,No,2025-11-02,2876.8
1074,59,Basic,Instagram,Sul,13.33,6,8,49.9,No,2025-09-16,399.2
1075,32,Basic,Instagram,Sul,10.62,1,41,49.9,No,2024-12-11,2045.8999999999999
1076,64,Basic,Orgânico,Nordeste,13.05,0,22,49.9,No,2024-08-21,1097.8
1077,46,Pro,Orgânico,Sul,12.59,3,8,49.9,No,2025-07-24,399.2
1078,50,Basic,Google Ads,Sul,5.63,0,44,89.9,No,2023-06-20,3955.6000000000004
1079,47,Pro,Google Ads,Norte,21.21,1,34,89.9,No,2024-08-21,3056.6000000000004
1080,56,Pro,Orgânico,Sul,4.8,1,9,89.9,No,2023-03-30,809.1
1081,44,Pro,Instagram,Sul,22.17,1,10,49.9,No,2025-03-17,499.0
1082,53,Basic,Google Ads,Sudeste,15.79,2,22,199.9,No,2023-07-13,4397.8
1083,46,Pro,Google Ads,Nordeste,19.26,1,13,89.9,No,2024-12-29,1168.7
1084,55,Pro,Instagram,Sudeste,19.89,3,42,49.9,No,2023-08-25,2095.7999999999997
1085,50,Pro,Indicação,Sudeste,26.94,0,35,49.9,No,2024-07-01,1746.5
1086,54,Basic,Instagram,Centro-Oeste,15.81,2,8,89.9,Yes,2024-12-04,719.2
1087,44,Pro,LinkedIn,Sudeste,20.8,2,13,49.9,Yes,2025-01-14,648.6999999999999
1088,50,Pro,Orgânico,Sul,40.68,4,35,49.9,No,2024-04-06,1746.5
1089,21,Basic,Google Ads,Sul,17.52,0,29,49.9,No,2024-01-08,1447.1
1090,39,Basic,Google Ads,Sudeste,46.25,2,10,89.9,No,2023-08-11,899.0
1091,19,Enterprise,Orgânico,Nordeste,24.44,1,30,49.9,No,2025-12-30,1497.0
1092,27,Basic,Orgânico,Nordeste,7.56,2,6,49.9,No,2024-10-05,299.4
1093,22,Basic,Instagram,Nordeste,11.94,1,29,49.9,No,2025-04-11,1447.1
1094,27,Basic,Instagram,Nordeste,32.15,0,38,49.9,No,2024-06-17,1896.2
1095,50,Pro,Instagram,Sul,22.76,5,5,49.9,No,2023-10-23,249.5
1096,55,Basic,Indicação,Nordeste,20.31,4,7,89.9,No,2025-11-09,629.3000000000001
1097,30,Pro,Google Ads,Nordeste,25.28,1,11,49.9,No,2024-07-30,548.9
1098,48,Basic,LinkedIn,Sudeste,16.19,3,20,49.9,No,2024-01-18,998.0
1099,64,Basic,Google Ads,Sudeste,17.72,4,27,49.9,No,2023-08-29,1347.3
1100,53,Pro,Orgânico,Sudeste,11.79,1,15,49.9,No,2025-11-24,748.5
1101,62,Basic,Instagram,Sudeste,7.46,1,29,89.9,No,2024-08-26,2607.1000000000004
1102,41,Enterprise,LinkedIn,Sudeste,11.08,0,12,89.9,Yes,2024-11-29,1078.8000000000002
1103,32,Basic,Google Ads,Centro-Oeste,10.77,5,38,89.9,Yes,2023-01-14,3416.2000000000003
1104,46,Basic,Google Ads,Nordeste,8.56,3,33,199.9,No,2025-11-17,6596.7
1105,25,Basic,Indicação,Nordeste,12.81,4,35,49.9,No,2023-03-09,1746.5
1106,22,Basic,Orgânico,Sul,28.01,0,44,49.9,No,2023-12-21,2195.6
1107,46,Enterprise,Indicação,Sudeste,24.99,2,48,49.9,No,2024-08-04,2395.2
1108,64,Enterprise,Indicação,Centro-Oeste,22.68,2,33,49.9,No,2025-05-22,1646.7
1109,21,Basic,Google Ads,Nordeste,25.01,2,15,89.9,No,2023-12-18,1348.5
1110,29,Pro,Indicação,Sudeste,29.01,2,36,199.9,No,2023-01-31,7196.400000000001
1111,62,Pro,Google Ads,Nordeste,15.32,2,45,49.9,No,2025-11-03,2245.5
1112,19,Basic,Google Ads,Sul,18.71,4,31,49.9,No,2023-04-19,1546.8999999999999
1113,44,Basic,Orgânico,Centro-Oeste,7.99,3,44,89.9,Yes,2025-08-20,3955.6000000000004
1114,48,Enterprise,Orgânico,Norte,13.84,2,42,49.9,No,2024-06-16,2095.7999999999997
1115,53,Enterprise,Indicação,Centro-Oeste,25.56,6,25,89.9,No,2023-09-26,2247.5
1116,53,Enterprise,Orgânico,Norte,18.57,3,2,49.9,No,2025-10-16,99.8
1117,43,Pro,Orgânico,Sudeste,27.82,3,18,49.9,No,2024-03-09,898.1999999999999
1118,60,Pro,Google Ads,Nordeste,16.93,2,41,49.9,No,2025-12-27,2045.8999999999999
1119,44,Basic,Orgânico,Sul,23.54,1,44,49.9,No,2023-01-12,2195.6
1120,22,Basic,Indicação,Sul,5.75,1,26,89.9,No,2025-12-07,2337.4
1121,37,Basic,Orgânico,Sul,27.95,2,14,49.9,No,2025-12-23,698.6
1122,28,Pro,Indicação,Sudeste,24.03,5,7,49.9,No,2023-05-23,349.3
1123,27,Pro,LinkedIn,Sudeste,12.69,2,44,49.9,No,2025-02-22,2195.6
1124,57,Pro,Indicação,Nordeste,11.64,0,26,89.9,No,2025-05-29,2337.4
1125,55,Enterprise,Instagram,Norte,23.56,2,40,49.9,No,2023-11-24,1996.0
1126,23,Enterprise,Orgânico,Centro-Oeste,46.43,2,15,89.9,No,2023-06-27,1348.5
1127,25,Enterprise,Google Ads,Sudeste,13.18,4,11,49.9,No,2023-01-04,548.9
1128,40,Basic,Instagram,Norte,13.22,0,30,49.9,No,2025-02-14,1497.0
1129,64,Pro,Google Ads,Sudeste,8.36,2,2,89.9,No,2023-03-30,179.8
1130,43,Pro,Instagram,Nordeste,14.16,2,39,89.9,No,2023-08-30,3506.1000000000004
1131,63,Basic,Google Ads,Nordeste,10.66,1,26,199.9,No,2025-11-22,5197.400000000001
1132,60,Enterprise,Google Ads,Norte,15.57,3,47,49.9,No,2024-04-18,2345.2999999999997
1133,29,Enterprise,LinkedIn,Sudeste,13.37,2,13,199.9,No,2025-10-25,2598.7000000000003
1134,43,Basic,LinkedIn,Nordeste,12.9,3,32,89.9,No,2025-09-14,2876.8
1135,30,Basic,Google Ads,Sudeste,19.54,0,45,199.9,No,2023-12-19,8995.5
1136,57,Pro,Instagram,Sudeste,16.39,2,39,89.9,No,2025-12-20,3506.1000000000004
1137,35,Pro,Orgânico,Sudeste,29.59,0,21,89.9,No,2023-06-01,1887.9
1138,42,Enterprise,Google Ads,Sudeste,24.58,0,42,89.9,No,2025-01-06,3775.8
1139,50,Basic,Instagram,Sudeste,15.54,0,14,49.9,No,2025-10-01,698.6
1140,64,Basic,Google Ads,Nordeste,11.03,3,15,89.9,No,2024-06-22,1348.5
1141,57,Basic,Google Ads,Sudeste,20.46,3,22,89.9,No,2024-10-30,1977.8000000000002
1142,60,Basic,Indicação,Centro-Oeste,13.92,1,42,199.9,No,2024-08-01,8395.800000000001
1143,29,Basic,Instagram,Nordeste,11.55,0,9,49.9,No,2024-08-28,449.09999999999997
1144,61,Enterprise,LinkedIn,Nordeste,21.36,1,8,199.9,No,2024-07-02,1599.2
1145,53,Basic,Google Ads,Sudeste,10.91,0,10,199.9,No,2023-09-04,1999.0
1146,21,Basic,Indicação,Nordeste,30.02,2,16,49.9,No,2025-08-06,798.4
1147,22,Basic,Orgânico,Norte,7.87,0,9,49.9,No,2023-04-30,449.09999999999997
1148,54,Basic,Google Ads,Centro-Oeste,20.83,6,30,89.9,No,2023-02-06,2697.0
1149,25,Pro,Google Ads,Nordeste,5.22,3,1,89.9,No,2023-03-14,89.9
1150,59,Pro,Google Ads,Sudeste,8.4,4,11,89.9,No,2024-05-18,988.9000000000001
1151,45,Pro,Indicação,Norte,14.73,3,34,89.9,No,2023-12-17,3056.6000000000004
1152,48,Basic,Google Ads,Centro-Oeste,11.12,2,8,89.9,No,2024-12-16,719.2
1153,26,Basic,LinkedIn,Sudeste,23.41,2,6,49.9,No,2024-12-12,299.4
1154,46,Pro,Google Ads,Sudeste,4.39,0,33,199.9,No,2024-04-04,6596.7
1155,31,Basic,Google Ads,Centro-Oeste,20.45,0,11,49.9,No,2025-08-28,548.9
1156,57,Pro,Google Ads,Sudeste,8.66,2,10,49.9,No,2025-06-18,499.0
1157,58,Basic,Instagram,Nordeste,11.77,2,27,89.9,No,2025-01-04,2427.3
1158,39,Pro,Google Ads,Sudeste,18.22,4,17,89.9,No,2023-06-13,1528.3000000000002
1159,28,Basic,Instagram,Sudeste,21.55,0,25,199.9,No,2025-03-30,4997.5
1160,40,Pro,LinkedIn,Centro-Oeste,18.42,0,6,49.9,No,2023-03-25,299.4
1161,18,Enterprise,Instagram,Nordeste,27.9,4,18,49.9,No,2023-01-31,898.1999999999999
1162,63,Pro,Indicação,Nordeste,24.74,4,43,49.9,No,2024-03-01,2145.7
1163,54,Pro,Indicação,Nordeste,24.52,2,42,199.9,No,2023-10-01,8395.800000000001
1164,38,Enterprise,Indicação,Norte,55.82,1,3,89.9,No,2024-09-25,269.70000000000005
1165,43,Pro,Orgânico,Sudeste,49.94,0,17,49.9,No,2025-09-07,848.3
1166,63,Basic,Google Ads,Nordeste,33.33,3,47,89.9,No,2024-05-14,4225.3
1167,53,Basic,Google Ads,Sudeste,17.85,2,42,89.9,No,2023-07-16,3775.8
1168,40,Pro,Indicação,Nordeste,17.0,0,15,49.9,No,2024-11-28,748.5
1169,18,Pro,LinkedIn,Sudeste,19.94,4,16,49.9,No,2023-08-01,798.4
1170,57,Basic,LinkedIn,Norte,26.8,1,38,49.9,No,2024-04-29,1896.2
1171,32,Basic,Google Ads,Sudeste,24.5,2,44,89.9,No,2025-08-09,3955.6000000000004
1172,38,Enterprise,LinkedIn,Sudeste,12.25,0,40,89.9,No,2025-11-21,3596.0
1173,64,Basic,Orgânico,Sul,22.28,1,46,89.9,No,2025-07-06,4135.400000000001
1174,26,Basic,Instagram,Sudeste,19.44,2,36,89.9,Yes,2023-03-02,3236.4
1175,26,Basic,Orgânico,Sudeste,15.4,3,20,89.9,No,2024-02-19,1798.0
1176,27,Pro,Instagram,Sudeste,14.07,2,2,89.9,No,2024-01-20,179.8
1177,43,Basic,Google Ads,Norte,21.84,2,3,199.9,No,2025-01-09,599.7
1178,58,Pro,Instagram,Sudeste,20.86,1,30,89.9,No,2025-09-28,2697.0
1179,52,Basic,LinkedIn,Sudeste,23.4,0,44,49.9,No,2024-12-27,2195.6
1180,42,Pro,Indicação,Nordeste,38.86,3,9,199.9,No,2023-12-06,1799.1000000000001
1181,43,Pro,LinkedIn,Sul,16.97,4,20,49.9,No,2025-01-05,998.0
1182,28,Basic,LinkedIn,Nordeste,15.35,4,12,49.9,No,2024-06-17,598.8
1183,55,Pro,Google Ads,Sudeste,8.3,0,13,199.9,No,2024-09-23,2598.7000000000003
1184,19,Basic,Instagram,Centro-Oeste,15.1,3,3,199.9,No,2023-04-23,599.7
1185,24,Basic,Instagram,Sudeste,8.07,1,27,89.9,Yes,2023-05-22,2427.3
1186,35,Pro,Orgânico,Sul,11.01,2,18,49.9,No,2024-05-10,898.1999999999999
1187,44,Basic,Instagram,Nordeste,19.92,2,46,49.9,No,2023-05-30,2295.4
1188,51,Pro,Orgânico,Sudeste,14.49,1,34,199.9,No,2023-09-29,6796.6
1189,44,Basic,Instagram,Norte,14.73,1,11,199.9,No,2023-08-09,2198.9
1190,34,Basic,Google Ads,Sudeste,5.97,2,12,199.9,No,2025-07-06,2398.8
1191,60,Basic,Google Ads,Nordeste,15.95,1,20,49.9,No,2025-11-08,998.0
1192,61,Pro,Instagram,Norte,32.06,3,7,89.9,No,2025-05-08,629.3000000000001
1193,41,Pro,Orgânico,Sudeste,37.64,3,46,89.9,No,2023-12-09,4135.400000000001
1194,42,Pro,Indicação,Nordeste,15.88,1,16,199.9,No,2023-01-21,3198.4
1195,24,Basic,Orgânico,Sul,29.97,3,19,89.9,No,2023-10-10,1708.1000000000001
1196,23,Basic,Orgânico,Centro-Oeste,35.6,2,14,49.9,No,2024-06-14,698.6
1197,41,Pro,LinkedIn,Nordeste,36.09,4,28,89.9,No,2024-06-21,2517.2000000000003
1198,50,Pro,Indicação,Sudeste,23.71,1,36,49.9,No,2023-09-10,1796.3999999999999
1199,46,Basic,Indicação,Sudeste,11.7,2,41,49.9,No,2023-09-11,2045.8999999999999
1200,60,Pro,Indicação,Centro-Oeste,22.05,3,7,89.9,No,2025-04-05,629.3000000000001
1201,39,Basic,Instagram,Nordeste,9.52,1,41,89.9,No,2024-04-25,3685.9
1202,43,Pro,Instagram,Norte,12.02,6,9,89.9,Yes,2025-05-20,809.1
1203,45,Enterprise,LinkedIn,Nordeste,8.62,2,34,49.9,No,2023-06-02,1696.6
1204,38,Enterprise,Google Ads,Sudeste,12.95,5,24,49.9,Yes,2023-11-30,1197.6
1205,24,Pro,LinkedIn,Nordeste,37.2,1,17,49.9,No,2024-12-14,848.3
1206,34,Basic,Orgânico,Nordeste,11.93,3,31,89.9,No,2024-05-17,2786.9
1207,37,Pro,LinkedIn,Sudeste,10.64,3,15,49.9,No,2024-08-22,748.5
1208,58,Pro,LinkedIn,Sudeste,29.44,5,28,199.9,No,2024-09-10,5597.2
1209,37,Basic,Google Ads,Nordeste,9.25,1,44,89.9,No,2025-05-31,3955.6000000000004
1210,39,Pro,Orgânico,Nordeste,29.74,2,15,89.9,No,2025-07-06,1348.5
1211,45,Enterprise,Instagram,Sul,9.07,1,17,199.9,No,2023-04-08,3398.3
1212,57,Enterprise,Orgânico,Norte,15.14,3,24,49.9,No,2024-10-15,1197.6
1213,24,Basic,Orgânico,Sudeste,42.74,1,13,199.9,No,2024-01-28,2598.7000000000003
1214,18,Pro,Orgânico,Norte,15.21,1,42,89.9,No,2024-09-25,3775.8
1215,49,Pro,Google Ads,Sudeste,18.16,0,21,89.9,No,2024-09-17,1887.9
1216,30,Basic,Instagram,Sudeste,6.35,0,25,49.9,Yes,2023-07-23,1247.5
1217,47,Pro,Orgânico,Sudeste,51.54,1,19,49.9,No,2025-02-28,948.1
1218,40,Pro,Orgânico,Nordeste,15.1,1,48,49.9,No,2024-12-22,2395.2
1219,36,Basic,Orgânico,Sudeste,7.72,2,3,49.9,No,2023-04-30,149.7
1220,49,Basic,LinkedIn,Nordeste,35.55,4,46,89.9,No,2023-04-08,4135.400000000001
1221,47,Pro,LinkedIn,Sul,8.71,4,24,49.9,No,2024-07-05,1197.6
1222,46,Enterprise,Google Ads,Nordeste,15.04,2,21,49.9,No,2023-07-12,1047.8999999999999
1223,62,Pro,Orgânico,Sudeste,37.3,7,1,49.9,No,2024-11-23,49.9
1224,46,Pro,Indicação,Sul,18.65,2,31,89.9,No,2024-02-19,2786.9
1225,47,Basic,Google Ads,Sudeste,20.46,3,7,49.9,No,2023-09-23,349.3
1226,33,Basic,Google Ads,Sudeste,16.97,1,32,49.9,No,2023-10-20,1596.8
1227,57,Pro,LinkedIn,Nordeste,25.63,1,43,49.9,No,2025-06-27,2145.7
1228,36,Basic,Indicação,Sudeste,45.19,2,36,49.9,No,2025-03-16,1796.3999999999999
1229,35,Enterprise,Google Ads,Sudeste,12.26,2,3,89.9,No,2023-05-18,269.70000000000005
1230,18,Basic,Google Ads,Sudeste,30.07,6,1,89.9,Yes,2023-10-05,89.9
1231,31,Basic,Google Ads,Sudeste,20.88,2,12,89.9,No,2025-07-22,1078.8000000000002
1232,64,Basic,Google Ads,Sul,19.93,1,10,89.9,No,2023-11-01,899.0
1233,19,Enterprise,Orgânico,Sudeste,17.95,2,7,49.9,No,2024-04-02,349.3
1234,45,Basic,Indicação,Centro-Oeste,20.59,1,25,49.9,No,2023-12-17,1247.5
1235,47,Basic,Indicação,Sudeste,19.25,1,27,89.9,No,2024-09-13,2427.3
1236,55,Basic,Orgânico,Sudeste,12.23,2,27,49.9,No,2024-09-01,1347.3
1237,21,Pro,Instagram,Sudeste,9.74,1,6,49.9,Yes,2025-05-06,299.4
1238,18,Basic,Orgânico,Sudeste,19.52,3,20,49.9,No,2024-07-27,998.0
1239,25,Basic,Orgânico,Nordeste,11.95,1,22,49.9,No,2023-05-17,1097.8
1240,46,Basic,Indicação,Norte,10.01,1,26,89.9,No,2024-12-22,2337.4
1241,56,Pro,Instagram,Sudeste,8.06,2,45,89.9,No,2023-10-13,4045.5000000000005
1242,20,Basic,Indicação,Sudeste,17.81,0,41,49.9,No,2025-02-27,2045.8999999999999
1243,49,Basic,Orgânico,Sudeste,14.62,1,32,49.9,No,2024-06-24,1596.8
1244,27,Basic,Google Ads,Nordeste,32.91,1,23,49.9,No,2024-05-23,1147.7
1245,27,Pro,Instagram,Centro-Oeste,26.41,3,1,89.9,No,2023-07-15,89.9
1246,36,Pro,Orgânico,Nordeste,21.6,4,36,49.9,No,2024-08-31,1796.3999999999999
1247,63,Pro,Orgânico,Sudeste,18.35,2,21,89.9,No,2023-03-05,1887.9
1248,51,Enterprise,LinkedIn,Nordeste,38.78,2,14,89.9,No,2025-06-21,1258.6000000000001
1249,50,Enterprise,Instagram,Centro-Oeste,8.23,3,19,49.9,No,2024-02-22,948.1
1250,40,Basic,Instagram,Sudeste,30.66,2,25,199.9,No,2023-05-15,4997.5
1251,45,Pro,LinkedIn,Sudeste,21.72,2,9,89.9,No,2025-05-21,809.1
1252,49,Pro,Orgânico,Sudeste,15.97,2,41,49.9,No,2025-01-24,2045.8999999999999
1253,24,Enterprise,Google Ads,Nordeste,11.78,0,29,49.9,No,2025-10-05,1447.1
1254,46,Basic,Instagram,Norte,14.33,2,46,199.9,No,2023-08-07,9195.4
1255,25,Pro,Orgânico,Sul,9.23,1,47,49.9,Yes,2023-05-12,2345.2999999999997
1256,18,Basic,Instagram,Sudeste,12.92,2,2,49.9,No,2023-07-13,99.8
1257,20,Enterprise,Orgânico,Norte,9.53,2,47,89.9,No,2024-04-01,4225.3
1258,41,Basic,Instagram,Sul,14.81,3,31,49.9,No,2023-07-09,1546.8999999999999
1259,40,Basic,Orgânico,Sudeste,16.4,0,31,49.9,No,2023-10-16,1546.8999999999999
1260,25,Basic,Orgânico,Sul,37.36,5,14,49.9,No,2025-04-09,698.6
1261,64,Basic,Instagram,Sul,14.23,4,23,89.9,No,2024-05-26,2067.7000000000003
1262,54,Pro,Orgânico,Norte,6.88,0,31,89.9,No,2023-08-22,2786.9
1263,20,Basic,Orgânico,Sudeste,54.41,1,38,89.9,No,2023-11-27,3416.2000000000003
1264,50,Basic,Orgânico,Centro-Oeste,17.51,4,16,89.9,No,2023-05-14,1438.4
1265,45,Enterprise,Instagram,Sul,20.96,0,8,49.9,No,2024-09-15,399.2
1266,64,Basic,LinkedIn,Sul,27.38,0,12,89.9,No,2024-05-22,1078.8000000000002
1267,25,Pro,Instagram,Nordeste,17.76,1,1,199.9,Yes,2024-11-19,199.9
1268,51,Basic,Instagram,Sudeste,8.6,2,40,89.9,No,2024-08-06,3596.0
1269,52,Basic,LinkedIn,Sul,4.53,5,14,49.9,No,2025-07-27,698.6
1270,49,Pro,Google Ads,Norte,19.37,2,28,199.9,Yes,2025-06-09,5597.2
1271,41,Pro,Indicação,Sudeste,15.22,1,1,49.9,No,2023-09-10,49.9
1272,31,Basic,LinkedIn,Sudeste,22.42,3,22,49.9,Yes,2025-02-20,1097.8
1273,49,Enterprise,Orgânico,Centro-Oeste,14.41,1,45,49.9,No,2023-03-13,2245.5
1274,63,Enterprise,Orgânico,Sul,51.18,5,28,49.9,No,2023-06-10,1397.2
1275,60,Enterprise,Instagram,Sudeste,31.03,2,13,49.9,No,2025-11-18,648.6999999999999
1276,33,Basic,LinkedIn,Centro-Oeste,16.09,1,8,49.9,No,2025-10-22,399.2
1277,21,Basic,Orgânico,Sudeste,8.63,1,7,89.9,No,2024-12-27,629.3000000000001
1278,54,Pro,Google Ads,Nordeste,33.91,4,3,89.9,No,2023-06-29,269.70000000000005
1279,38,Pro,Google Ads,Sudeste,10.47,2,27,89.9,No,2024-03-04,2427.3
1280,31,Basic,Orgânico,Nordeste,7.49,1,19,49.9,No,2025-05-01,948.1
1281,48,Pro,Google Ads,Sul,30.6,3,46,199.9,Yes,2025-12-04,9195.4
1282,35,Basic,Orgânico,Norte,21.15,0,21,49.9,No,2023-05-24,1047.8999999999999
1283,24,Pro,Orgânico,Nordeste,6.65,0,44,49.9,Yes,2025-10-07,2195.6
1284,27,Basic,LinkedIn,Sudeste,16.65,3,1,49.9,No,2025-10-10,49.9
1285,24,Pro,Orgânico,Norte,27.3,5,30,49.9,No,2023-12-09,1497.0
1286,50,Basic,Instagram,Sudeste,21.14,3,20,49.9,No,2025-03-25,998.0
1287,40,Pro,Orgânico,Nordeste,23.59,2,13,49.9,No,2024-02-13,648.6999999999999
1288,38,Pro,Orgânico,Nordeste,26.39,2,4,49.9,No,2025-01-10,199.6
1289,36,Pro,Google Ads,Sul,16.87,2,28,89.9,No,2023-11-09,2517.2000000000003
1290,36,Enterprise,LinkedIn,Sudeste,10.73,3,26,89.9,No,2023-06-15,2337.4
1291,53,Pro,Indicação,Sudeste,13.41,1,41,49.9,No,2023-05-08,2045.8999999999999
1292,46,Enterprise,Google Ads,Sudeste,23.13,2,3,49.9,No,2023-08-16,149.7
1293,35,Basic,Orgânico,Sudeste,16.03,1,38,199.9,No,2023-03-07,7596.2
1294,19,Basic,Instagram,Sudeste,27.04,2,39,49.9,No,2024-01-23,1946.1
1295,18,Basic,LinkedIn,Sudeste,25.61,1,7,199.9,No,2024-04-18,1399.3
1296,64,Basic,Google Ads,Centro-Oeste,8.58,0,5,49.9,No,2023-09-01,249.5
1297,22,Pro,Indicação,Sul,15.0,4,18,89.9,No,2024-05-26,1618.2
1298,37,Basic,Orgânico,Sudeste,14.81,1,2,89.9,No,2025-05-24,179.8
1299,28,Pro,LinkedIn,Sudeste,13.4,1,13,89.9,No,2024-12-16,1168.7
1300,59,Pro,Orgânico,Nordeste,9.73,0,13,49.9,Yes,2023-07-11,648.6999999999999
1301,19,Pro,Indicação,Nordeste,15.12,1,47,49.9,No,2023-07-04,2345.2999999999997
1302,20,Pro,Google Ads,Sul,12.31,0,33,89.9,No,2023-06-27,2966.7000000000003
1303,40,Pro,Instagram,Nordeste,15.32,1,46,89.9,No,2023-01-17,4135.400000000001
1304,29,Basic,Google Ads,Nordeste,6.86,6,33,89.9,No,2023-04-15,2966.7000000000003
1305,37,Basic,Google Ads,Norte,16.71,0,47,49.9,Yes,2025-09-02,2345.2999999999997
1306,22,Pro,Google Ads,Sudeste,43.56,0,16,49.9,No,2023-09-16,798.4
1307,54,Pro,Orgânico,Sudeste,33.89,1,8,49.9,No,2024-05-18,399.2
1308,55,Basic,Orgânico,Sudeste,13.73,1,44,89.9,No,2023-10-27,3955.6000000000004
1309,47,Enterprise,Google Ads,Sudeste,21.16,2,41,199.9,No,2025-04-09,8195.9
1310,26,Basic,Instagram,Centro-Oeste,30.68,1,48,49.9,No,2023-12-14,2395.2
1311,51,Basic,Google Ads,Sudeste,23.8,4,48,49.9,No,2024-01-11,2395.2
1312,61,Basic,Orgânico,Centro-Oeste,15.11,0,12,49.9,No,2024-01-28,598.8
1313,52,Pro,LinkedIn,Sul,33.18,2,38,199.9,No,2024-01-18,7596.2
1314,39,Pro,Indicação,Sul,31.52,5,44,89.9,No,2023-11-12,3955.6000000000004
1315,61,Basic,LinkedIn,Norte,23.75,0,35,49.9,No,2023-03-16,1746.5
1316,41,Basic,Indicação,Norte,6.84,2,32,49.9,No,2025-08-29,1596.8
1317,34,Pro,Instagram,Nordeste,23.51,4,2,89.9,No,2025-04-04,179.8
1318,27,Basic,Google Ads,Sudeste,0.91,4,44,89.9,No,2025-05-16,3955.6000000000004
1319,47,Basic,Google Ads,Norte,38.22,0,7,49.9,No,2024-05-25,349.3
1320,63,Pro,Instagram,Sudeste,31.24,0,40,89.9,No,2024-03-20,3596.0
1321,40,Basic,Orgânico,Nordeste,31.78,2,41,89.9,No,2025-01-17,3685.9
1322,49,Enterprise,Instagram,Sul,20.43,1,7,89.9,No,2024-09-16,629.3000000000001
1323,34,Basic,Google Ads,Centro-Oeste,15.22,0,35,49.9,No,2025-12-17,1746.5
1324,34,Pro,Orgânico,Nordeste,33.1,0,15,199.9,No,2025-03-25,2998.5
1325,31,Pro,Google Ads,Nordeste,26.1,1,6,49.9,No,2025-02-24,299.4
1326,26,Enterprise,Google Ads,Nordeste,18.49,1,6,49.9,No,2025-11-26,299.4
1327,57,Basic,Orgânico,Norte,16.21,2,12,89.9,No,2024-12-10,1078.8000000000002
1328,19,Pro,Indicação,Sudeste,28.8,4,34,89.9,No,2024-02-05,3056.6000000000004
1329,62,Pro,Instagram,Centro-Oeste,21.47,4,4,89.9,No,2025-02-09,359.6
1330,42,Pro,Orgânico,Sudeste,6.7,2,34,89.9,No,2023-08-18,3056.6000000000004
1331,56,Pro,Indicação,Sul,45.06,1,35,49.9,No,2025-03-11,1746.5
1332,26,Pro,Google Ads,Nordeste,32.32,3,7,49.9,No,2024-12-24,349.3
1333,39,Enterprise,Indicação,Nordeste,36.41,3,40,49.9,No,2025-10-13,1996.0
1334,60,Basic,Indicação,Sudeste,22.55,2,11,49.9,No,2025-10-11,548.9
1335,63,Basic,Orgânico,Sul,16.03,2,33,49.9,No,2025-06-21,1646.7
1336,21,Pro,Orgânico,Sudeste,17.01,1,8,49.9,Yes,2024-11-04,399.2
1337,43,Basic,Instagram,Nordeste,31.34,1,45,89.9,No,2024-10-05,4045.5000000000005
1338,46,Enterprise,LinkedIn,Sudeste,23.24,3,7,49.9,No,2023-07-23,349.3
1339,62,Pro,Google Ads,Sudeste,11.25,3,23,89.9,Yes,2023-03-15,2067.7000000000003
1340,51,Pro,Google Ads,Sul,15.85,2,3,49.9,No,2024-03-08,149.7
1341,40,Basic,Instagram,Sudeste,9.58,1,9,49.9,Yes,2023-05-04,449.09999999999997
1342,54,Basic,Indicação,Nordeste,7.36,3,29,49.9,Yes,2023-03-10,1447.1
1343,28,Pro,LinkedIn,Norte,10.81,2,7,49.9,No,2025-11-06,349.3
1344,23,Enterprise,Instagram,Sudeste,7.09,3,18,89.9,No,2024-05-17,1618.2
1345,35,Enterprise,Orgânico,Sudeste,17.13,4,20,49.9,No,2023-06-15,998.0
1346,38,Basic,Orgânico,Nordeste,22.13,2,31,89.9,No,2025-01-23,2786.9
1347,59,Basic,Indicação,Nordeste,21.34,0,20,49.9,No,2024-05-15,998.0
1348,53,Basic,Google Ads,Sudeste,24.55,0,23,49.9,No,2025-08-14,1147.7
1349,58,Enterprise,Orgânico,Sul,10.16,0,22,89.9,No,2023-03-25,1977.8000000000002
1350,55,Basic,Orgânico,Norte,9.94,0,47,89.9,No,2025-09-09,4225.3
1351,51,Basic,Google Ads,Centro-Oeste,15.71,2,22,49.9,Yes,2024-10-24,1097.8
1352,34,Basic,Instagram,Norte,10.62,4,44,199.9,No,2025-04-14,8795.6
1353,54,Basic,Orgânico,Sudeste,8.46,4,41,49.9,No,2024-04-25,2045.8999999999999
1354,42,Enterprise,LinkedIn,Centro-Oeste,26.69,2,15,49.9,No,2025-06-13,748.5
1355,55,Pro,LinkedIn,Centro-Oeste,22.87,1,13,89.9,Yes,2024-10-26,1168.7
1356,29,Basic,Google Ads,Nordeste,18.33,2,11,49.9,No,2023-01-24,548.9
1357,40,Basic,LinkedIn,Norte,9.61,4,20,89.9,No,2025-11-19,1798.0
1358,59,Basic,Instagram,Sul,27.08,2,27,49.9,No,2023-03-13,1347.3
1359,39,Basic,Google Ads,Centro-Oeste,19.83,3,26,89.9,No,2024-03-05,2337.4
1360,38,Basic,LinkedIn,Sudeste,25.62,2,47,89.9,No,2025-01-09,4225.3
1361,44,Pro,Google Ads,Nordeste,17.79,3,18,89.9,No,2023-08-01,1618.2
1362,48,Basic,Indicação,Nordeste,16.2,2,28,89.9,No,2025-01-27,2517.2000000000003
1363,23,Basic,Orgânico,Nordeste,26.09,4,2,199.9,No,2023-03-03,399.8
1364,44,Basic,LinkedIn,Sudeste,49.13,1,12,89.9,No,2025-11-18,1078.8000000000002
1365,57,Pro,Indicação,Sudeste,21.28,5,4,49.9,No,2024-11-07,199.6
1366,51,Pro,Instagram,Sul,31.15,2,10,49.9,No,2023-12-12,499.0
1367,29,Pro,Google Ads,Sudeste,27.05,2,41,89.9,No,2024-08-22,3685.9
1368,62,Pro,Orgânico,Sudeste,36.88,4,46,49.9,No,2023-05-05,2295.4
1369,24,Pro,Google Ads,Norte,21.24,4,16,89.9,No,2024-07-05,1438.4
1370,27,Basic,Google Ads,Sudeste,28.71,5,33,89.9,No,2024-05-20,2966.7000000000003
1371,62,Enterprise,LinkedIn,Sudeste,20.4,0,44,199.9,No,2024-10-28,8795.6
1372,34,Basic,Indicação,Nordeste,5.96,1,2,49.9,No,2024-04-03,99.8
1373,43,Basic,Instagram,Nordeste,20.93,2,47,49.9,No,2025-10-13,2345.2999999999997
1374,38,Pro,Google Ads,Sudeste,21.97,4,23,49.9,No,2025-12-10,1147.7
1375,45,Basic,Orgânico,Sul,16.12,0,14,49.9,No,2024-12-31,698.6
1376,63,Enterprise,Instagram,Sudeste,8.75,1,28,199.9,No,2024-05-27,5597.2
1377,19,Pro,Google Ads,Sudeste,41.66,1,43,49.9,No,2023-09-24,2145.7
1378,60,Enterprise,Instagram,Nordeste,5.04,2,33,89.9,No,2025-08-09,2966.7000000000003
1379,18,Pro,Google Ads,Nordeste,15.68,1,48,89.9,No,2024-11-08,4315.200000000001
1380,53,Enterprise,LinkedIn,Centro-Oeste,15.01,2,24,89.9,No,2024-11-24,2157.6000000000004
1381,43,Enterprise,Indicação,Nordeste,19.71,2,28,89.9,No,2024-06-18,2517.2000000000003
1382,46,Enterprise,Orgânico,Nordeste,12.45,2,39,49.9,No,2025-08-04,1946.1
1383,38,Pro,Google Ads,Norte,16.11,2,27,49.9,No,2023-11-13,1347.3
1384,28,Basic,Google Ads,Nordeste,37.71,0,13,199.9,No,2024-08-13,2598.7000000000003
1385,57,Basic,Google Ads,Sudeste,29.29,0,2,49.9,No,2025-07-06,99.8
1386,28,Pro,Google Ads,Sul,10.65,4,29,49.9,No,2025-04-14,1447.1
1387,53,Enterprise,Google Ads,Sudeste,19.3,2,17,49.9,No,2023-05-02,848.3
1388,56,Pro,Instagram,Centro-Oeste,40.86,0,18,89.9,No,2025-09-15,1618.2
1389,57,Enterprise,Google Ads,Centro-Oeste,11.51,2,14,199.9,No,2023-02-19,2798.6
1390,52,Pro,LinkedIn,Sudeste,14.74,2,26,199.9,No,2024-07-18,5197.400000000001
1391,51,Basic,Instagram,Nordeste,21.36,3,4,49.9,No,2025-05-09,199.6
1392,64,Basic,Google Ads,Sudeste,24.77,0,6,199.9,No,2024-09-15,1199.4
1393,41,Basic,Instagram,Norte,23.04,1,16,89.9,No,2024-05-05,1438.4
1394,39,Basic,Google Ads,Sudeste,10.55,1,21,49.9,No,2023-06-05,1047.8999999999999
1395,22,Pro,Indicação,Sul,15.97,2,43,49.9,Yes,2024-04-16,2145.7
1396,50,Enterprise,Instagram,Sudeste,3.69,0,47,49.9,Yes,2024-03-26,2345.2999999999997
1397,53,Pro,Google Ads,Sul,14.77,3,8,199.9,No,2024-01-29,1599.2
1398,64,Basic,Instagram,Sul,18.81,3,7,199.9,No,2024-05-24,1399.3
1399,37,Basic,Google Ads,Nordeste,9.8,2,14,49.9,Yes,2025-03-12,698.6
1400,36,Basic,Orgânico,Sudeste,25.58,1,47,49.9,No,2024-05-27,2345.2999999999997
1401,52,Pro,Orgânico,Nordeste,12.56,3,7,199.9,No,2025-07-21,1399.3
1402,60,Basic,Google Ads,Sudeste,34.14,4,11,89.9,No,2025-01-31,988.9000000000001
1403,34,Basic,Indicação,Sul,11.68,4,43,49.9,No,2023-03-12,2145.7
1404,62,Basic,Instagram,Nordeste,29.97,3,41,89.9,No,2025-08-20,3685.9
1405,60,Basic,Google Ads,Sudeste,35.66,2,20,199.9,No,2023-07-25,3998.0
1406,51,Enterprise,Google Ads,Sudeste,4.42,1,25,49.9,No,2023-02-27,1247.5
1407,26,Basic,Orgânico,Sudeste,14.81,1,32,199.9,No,2024-06-11,6396.8
1408,43,Basic,Instagram,Sul,28.19,3,19,49.9,No,2024-02-16,948.1
1409,19,Basic,Orgânico,Sudeste,25.77,0,21,199.9,No,2023-03-11,4197.900000000001
1410,26,Basic,Instagram,Sudeste,23.11,1,10,49.9,Yes,2024-08-16,499.0
1411,26,Pro,Google Ads,Sul,19.56,7,3,199.9,No,2025-06-28,599.7
1412,57,Pro,Orgânico,Sudeste,26.69,0,41,49.9,No,2024-10-15,2045.8999999999999
1413,34,Pro,Orgânico,Nordeste,16.58,3,48,199.9,No,2025-11-08,9595.2
1414,18,Pro,Orgânico,Sudeste,11.25,3,46,49.9,Yes,2025-05-11,2295.4
1415,42,Basic,Indicação,Norte,34.13,3,31,49.9,No,2023-10-02,1546.8999999999999
1416,60,Pro,Instagram,Sul,11.06,4,38,199.9,No,2025-06-14,7596.2
1417,57,Basic,Google Ads,Nordeste,26.03,5,39,89.9,No,2025-07-17,3506.1000000000004
1418,59,Basic,Google Ads,Nordeste,10.74,2,1,89.9,No,2023-06-15,89.9
1419,42,Pro,Instagram,Sudeste,25.22,1,21,49.9,No,2023-02-01,1047.8999999999999
1420,56,Pro,Orgânico,Norte,5.98,1,25,49.9,No,2025-11-03,1247.5
1421,52,Pro,Indicação,Sudeste,20.8,4,14,49.9,No,2024-10-24,698.6
1422,20,Basic,Orgânico,Sul,11.42,2,44,199.9,No,2023-04-08,8795.6
1423,54,Basic,Instagram,Sudeste,4.64,3,38,49.9,No,2024-08-23,1896.2
1424,61,Enterprise,Indicação,Norte,29.33,1,36,89.9,No,2025-09-08,3236.4
1425,61,Basic,Orgânico,Nordeste,25.04,4,30,89.9,No,2025-05-22,2697.0
1426,47,Basic,LinkedIn,Sudeste,17.79,2,21,89.9,No,2023-12-30,1887.9
1427,55,Basic,Instagram,Sudeste,20.62,1,37,199.9,No,2024-04-23,7396.3
1428,51,Basic,Indicação,Sul,16.5,0,22,89.9,No,2025-08-20,1977.8000000000002
1429,29,Basic,LinkedIn,Sudeste,18.03,1,31,89.9,No,2023-05-23,2786.9
1430,36,Pro,Orgânico,Sudeste,17.46,0,46,89.9,No,2025-08-12,4135.400000000001
1431,54,Pro,Instagram,Sudeste,17.1,1,3,49.9,No,2024-11-01,149.7
1432,61,Enterprise,Google Ads,Sudeste,16.51,1,47,49.9,No,2024-08-03,2345.2999999999997
1433,34,Basic,LinkedIn,Norte,15.58,1,18,89.9,No,2023-01-14,1618.2
1434,27,Basic,Google Ads,Sudeste,30.45,4,32,89.9,No,2023-10-05,2876.8
1435,64,Pro,LinkedIn,Nordeste,10.58,2,12,89.9,No,2025-02-03,1078.8000000000002
1436,29,Pro,Google Ads,Sudeste,22.42,3,20,199.9,No,2025-04-30,3998.0
1437,33,Pro,Orgânico,Norte,17.03,1,23,199.9,No,2023-04-16,4597.7
1438,41,Pro,Orgânico,Sul,27.34,1,29,89.9,No,2023-08-22,2607.1000000000004
1439,36,Basic,Google Ads,Sudeste,17.35,2,16,49.9,No,2023-05-08,798.4
1440,25,Pro,Google Ads,Nordeste,11.21,3,36,49.9,No,2024-03-30,1796.3999999999999
1441,48,Pro,LinkedIn,Nordeste,17.96,0,32,49.9,No,2024-05-16,1596.8
1442,38,Basic,Orgânico,Sudeste,28.94,1,1,49.9,No,2024-10-06,49.9
1443,34,Enterprise,Google Ads,Sudeste,20.25,1,41,89.9,No,2025-11-13,3685.9
1444,40,Pro,Google Ads,Centro-Oeste,6.74,0,37,49.9,No,2025-12-07,1846.3
1445,54,Basic,LinkedIn,Sudeste,12.28,0,27,89.9,No,2025-02-21,2427.3
1446,33,Basic,Indicação,Centro-Oeste,31.72,1,18,89.9,No,2025-03-06,1618.2
1447,23,Basic,Google Ads,Sudeste,30.57,0,4,49.9,No,2024-01-16,199.6
1448,25,Pro,Indicação,Sudeste,22.77,1,29,49.9,No,2025-05-02,1447.1
1449,42,Basic,Orgânico,Sul,8.62,0,8,49.9,No,2024-12-06,399.2
1450,35,Basic,Google Ads,Sul,10.27,5,24,89.9,No,2025-12-13,2157.6000000000004
1451,42,Basic,LinkedIn,Nordeste,11.82,1,10,89.9,No,2023-05-09,899.0
1452,29,Pro,Google Ads,Sudeste,13.03,4,39,199.9,No,2025-04-27,7796.1
1453,32,Pro,Google Ads,Sudeste,11.01,1,28,49.9,No,2024-09-04,1397.2
1454,43,Pro,Google Ads,Sudeste,11.36,2,3,49.9,No,2023-07-26,149.7
1455,58,Basic,Instagram,Sul,40.21,6,42,49.9,No,2025-01-12,2095.7999999999997
1456,62,Enterprise,Orgânico,Sudeste,32.38,1,48,49.9,No,2025-05-01,2395.2
1457,43,Pro,LinkedIn,Sudeste,5.92,4,3,49.9,Yes,2023-05-07,149.7
1458,64,Enterprise,Google Ads,Nordeste,2.92,1,23,49.9,Yes,2024-05-24,1147.7
1459,49,Basic,Google Ads,Norte,22.72,1,27,89.9,No,2024-05-12,2427.3
1460,27,Basic,LinkedIn,Nordeste,23.26,4,42,49.9,No,2025-04-25,2095.7999999999997
1461,33,Pro,Google Ads,Sudeste,2.99,2,24,89.9,Yes,2024-12-07,2157.6000000000004
1462,24,Basic,Instagram,Centro-Oeste,23.68,5,43,89.9,Yes,2025-04-26,3865.7000000000003
1463,34,Pro,LinkedIn,Norte,2.86,2,8,49.9,No,2023-12-30,399.2
1464,40,Pro,Orgânico,Sudeste,16.04,0,8,49.9,No,2025-02-06,399.2
1465,43,Pro,Google Ads,Centro-Oeste,11.7,2,47,49.9,No,2024-11-19,2345.2999999999997
1466,38,Enterprise,Indicação,Centro-Oeste,32.08,4,17,199.9,Yes,2023-06-20,3398.3
1467,39,Pro,Google Ads,Nordeste,8.02,3,33,49.9,No,2025-07-23,1646.7
1468,24,Basic,Indicação,Centro-Oeste,24.24,4,10,89.9,No,2023-10-09,899.0
1469,31,Basic,LinkedIn,Centro-Oeste,41.81,3,48,49.9,No,2025-07-18,2395.2
1470,32,Pro,Orgânico,Nordeste,17.88,2,37,49.9,No,2023-03-27,1846.3
1471,24,Pro,LinkedIn,Nordeste,15.43,1,11,199.9,No,2023-02-05,2198.9
1472,26,Basic,Instagram,Sudeste,18.94,4,26,89.9,No,2024-04-09,2337.4
1473,25,Basic,Google Ads,Nordeste,18.99,3,33,89.9,No,2024-12-14,2966.7000000000003
1474,40,Pro,Google Ads,Sul,6.07,1,43,49.9,No,2025-01-30,2145.7
1475,46,Pro,LinkedIn,Nordeste,12.45,5,8,49.9,No,2023-01-31,399.2
1476,35,Enterprise,Orgânico,Sudeste,10.5,3,29,89.9,No,2024-02-23,2607.1000000000004
1477,48,Pro,LinkedIn,Sudeste,21.43,0,14,89.9,No,2024-12-23,1258.6000000000001
1478,47,Pro,Indicação,Nordeste,23.21,2,20,89.9,No,2024-08-11,1798.0
1479,56,Pro,Instagram,Centro-Oeste,20.6,3,34,89.9,No,2025-07-04,3056.6000000000004
1480,52,Enterprise,Instagram,Sudeste,23.8,0,40,89.9,No,2023-03-04,3596.0
1481,35,Pro,Instagram,Sudeste,16.19,0,11,89.9,No,2025-12-29,988.9000000000001
1482,59,Enterprise,Google Ads,Norte,16.9,4,8,89.9,No,2024-10-14,719.2
1483,56,Enterprise,Instagram,Sul,33.04,6,1,49.9,No,2024-02-21,49.9
1484,34,Enterprise,Orgânico,Sul,43.12,1,27,89.9,No,2024-03-09,2427.3
1485,31,Basic,Instagram,Centro-Oeste,21.68,3,15,89.9,No,2023-07-02,1348.5
1486,48,Basic,Indicação,Centro-Oeste,19.94,1,20,49.9,No,2025-05-01,998.0
1487,41,Basic,Orgânico,Nordeste,18.53,1,30,89.9,No,2024-07-17,2697.0
1488,52,Basic,Instagram,Nordeste,19.6,2,47,199.9,No,2023-12-09,9395.300000000001
1489,61,Basic,Orgânico,Nordeste,32.6,1,22,49.9,No,2024-01-29,1097.8
1490,62,Basic,Instagram,Norte,28.64,3,13,49.9,No,2023-04-16,648.6999999999999
1491,51,Basic,Instagram,Nordeste,16.04,3,38,89.9,No,2024-01-05,3416.2000000000003
1492,20,Pro,Google Ads,Sudeste,10.06,2,23,49.9,No,2025-04-25,1147.7
1493,54,Pro,Google Ads,Sudeste,12.37,1,22,89.9,No,2024-01-16,1977.8000000000002
1494,60,Basic,Indicação,Centro-Oeste,26.03,2,3,89.9,No,2023-04-15,269.70000000000005
1495,57,Pro,Orgânico,Sudeste,23.37,2,15,89.9,No,2024-01-08,1348.5
1496,43,Pro,Google Ads,Sudeste,16.43,1,13,49.9,No,2025-12-01,648.6999999999999
1497,40,Pro,Google Ads,Sudeste,10.26,1,15,199.9,No,2025-10-17,2998.5
1498,61,Enterprise,Instagram,Nordeste,17.03,2,22,49.9,No,2023-08-08,1097.8
1499,56,Basic,Indicação,Sudeste,12.31,1,12,49.9,No,2023-01-31,598.8
1500,32,Basic,Instagram,Centro-Oeste,23.72,1,48,89.9,No,2023-01-07,4315.200000000001
1501,21,Basic,LinkedIn,Centro-Oeste,19.8,1,44,49.9,No,2025-03-20,2195.6
1502,46,Basic,Indicação,Sudeste,17.9,1,17,89.9,No,2025-03-19,1528.3000000000002
1503,39,Pro,Instagram,Sudeste,14.53,3,32,89.9,No,2023-02-12,2876.8
1504,42,Basic,Orgânico,Sudeste,14.11,3,45,49.9,No,2023-01-09,2245.5
1505,30,Basic,Instagram,Sudeste,17.32,3,41,49.9,No,2025-11-14,2045.8999999999999
1506,35,Basic,Orgânico,Nordeste,20.72,0,10,89.9,No,2024-05-16,899.0
1507,50,Basic,Google Ads,Nordeste,36.26,0,45,49.9,No,2023-05-11,2245.5
1508,33,Pro,Google Ads,Sudeste,20.44,5,43,49.9,No,2025-11-26,2145.7
1509,62,Pro,Orgânico,Sul,15.01,1,18,89.9,No,2024-02-16,1618.2
1510,59,Basic,Indicação,Nordeste,13.17,2,41,89.9,No,2024-03-19,3685.9
1511,61,Basic,Orgânico,Sudeste,25.88,0,19,49.9,No,2023-11-26,948.1
1512,19,Basic,Instagram,Sul,27.24,0,43,49.9,No,2023-07-07,2145.7
1513,52,Basic,Orgânico,Sudeste,6.38,2,27,49.9,No,2023-08-24,1347.3
1514,59,Enterprise,Google Ads,Nordeste,5.53,2,8,89.9,No,2024-08-03,719.2
1515,51,Basic,Google Ads,Nordeste,32.58,2,18,49.9,No,2025-06-06,898.1999999999999
1516,47,Pro,Instagram,Norte,19.16,1,46,49.9,No,2024-01-27,2295.4
1517,30,Enterprise,Orgânico,Sudeste,4.85,5,30,199.9,No,2024-08-06,5997.0
1518,30,Basic,Indicação,Sudeste,9.74,0,25,49.9,No,2023-04-18,1247.5
1519,35,Basic,Instagram,Centro-Oeste,11.17,1,1,49.9,No,2024-10-25,49.9
1520,49,Enterprise,Instagram,Nordeste,19.36,2,38,49.9,No,2024-12-23,1896.2
1521,49,Pro,Google Ads,Sudeste,23.61,2,18,49.9,No,2023-01-25,898.1999999999999
1522,52,Pro,Instagram,Sudeste,12.05,1,14,49.9,No,2023-09-13,698.6
1523,56,Pro,LinkedIn,Sudeste,9.94,6,13,49.9,No,2024-06-15,648.6999999999999
1524,63,Pro,Indicação,Nordeste,22.42,0,47,49.9,No,2024-05-14,2345.2999999999997
1525,46,Basic,Indicação,Sudeste,20.15,5,25,49.9,No,2025-02-06,1247.5
1526,46,Enterprise,Orgânico,Norte,19.28,2,8,49.9,No,2024-05-07,399.2
1527,61,Pro,Google Ads,Sudeste,28.16,1,19,89.9,No,2025-11-10,1708.1000000000001
1528,33,Pro,Instagram,Sudeste,14.83,4,40,49.9,No,2023-10-12,1996.0
1529,61,Enterprise,LinkedIn,Sudeste,11.79,0,41,89.9,No,2023-03-13,3685.9
1530,64,Pro,Indicação,Sul,17.31,4,41,49.9,No,2024-09-01,2045.8999999999999
1531,27,Basic,LinkedIn,Centro-Oeste,11.5,5,3,199.9,No,2023-01-09,599.7
1532,47,Basic,Orgânico,Nordeste,29.44,4,29,89.9,No,2023-12-01,2607.1000000000004
1533,42,Pro,Indicação,Sul,5.66,3,16,199.9,No,2025-01-10,3198.4
1534,56,Pro,Google Ads,Sudeste,14.95,7,7,89.9,No,2025-10-27,629.3000000000001
1535,37,Pro,Google Ads,Nordeste,26.37,2,21,89.9,No,2024-05-19,1887.9
1536,22,Enterprise,Orgânico,Sudeste,13.63,2,46,89.9,No,2024-12-07,4135.400000000001
1537,18,Enterprise,Indicação,Sudeste,20.35,5,43,89.9,No,2023-08-30,3865.7000000000003
1538,47,Basic,Google Ads,Sudeste,23.67,1,14,89.9,No,2025-10-05,1258.6000000000001
1539,20,Basic,Google Ads,Sudeste,12.86,3,39,49.9,No,2023-04-14,1946.1
1540,62,Pro,LinkedIn,Sudeste,33.13,0,24,49.9,No,2023-09-03,1197.6
1541,31,Pro,Indicação,Sudeste,34.23,2,48,89.9,No,2023-12-21,4315.200000000001
1542,47,Pro,Google Ads,Sudeste,45.28,2,30,49.9,No,2025-11-26,1497.0
1543,21,Pro,LinkedIn,Norte,34.2,1,33,89.9,No,2023-07-02,2966.7000000000003
1544,35,Pro,Instagram,Sul,31.42,1,22,199.9,No,2024-09-22,4397.8
1545,54,Basic,Orgânico,Sudeste,12.23,5,10,49.9,No,2024-10-11,499.0
1546,42,Basic,Google Ads,Nordeste,20.4,0,11,89.9,No,2024-04-05,988.9000000000001
1547,18,Pro,Indicação,Sul,2.19,2,15,199.9,Yes,2023-02-26,2998.5
1548,63,Basic,LinkedIn,Sudeste,38.86,5,48,89.9,No,2025-11-18,4315.200000000001
1549,32,Basic,Google Ads,Sudeste,27.42,2,30,89.9,No,2025-05-14,2697.0
1550,26,Basic,LinkedIn,Norte,25.22,0,14,49.9,No,2025-01-20,698.6
1551,32,Pro,Google Ads,Sudeste,5.43,2,32,49.9,No,2025-01-27,1596.8
1552,41,Basic,Indicação,Norte,23.72,0,26,89.9,No,2023-06-29,2337.4
1553,21,Pro,LinkedIn,Nordeste,10.98,2,21,199.9,Yes,2025-01-09,4197.900000000001
1554,29,Pro,Google Ads,Centro-Oeste,13.43,0,5,199.9,No,2023-01-29,999.5
1555,54,Pro,Google Ads,Nordeste,28.81,1,47,89.9,No,2024-09-12,4225.3
1556,54,Pro,Orgânico,Sul,6.14,1,12,89.9,No,2023-07-05,1078.8000000000002
1557,60,Basic,Instagram,Sul,16.99,2,29,89.9,No,2023-06-05,2607.1000000000004
1558,23,Pro,LinkedIn,Sudeste,13.51,2,21,49.9,No,2025-08-13,1047.8999999999999
1559,56,Enterprise,Instagram,Sul,28.14,0,25,89.9,No,2024-06-25,2247.5
1560,63,Pro,Orgânico,Norte,17.28,1,16,89.9,No,2023-04-12,1438.4
1561,41,Enterprise,LinkedIn,Sudeste,20.26,4,31,49.9,No,2024-05-16,1546.8999999999999
1562,28,Pro,Indicação,Sudeste,14.65,1,20,199.9,No,2024-03-31,3998.0
1563,30,Basic,Google Ads,Nordeste,38.88,1,31,49.9,No,2023-11-06,1546.8999999999999
1564,51,Basic,Google Ads,Norte,14.81,3,11,89.9,No,2024-08-20,988.9000000000001
1565,42,Pro,Instagram,Norte,9.48,0,32,199.9,No,2025-10-08,6396.8
1566,24,Basic,Instagram,Nordeste,9.21,3,48,49.9,Yes,2023-01-12,2395.2
1567,21,Basic,Indicação,Sudeste,15.55,4,8,49.9,No,2025-08-09,399.2
1568,25,Pro,LinkedIn,Sul,16.69,3,23,49.9,No,2025-03-14,1147.7
1569,37,Basic,Instagram,Sul,3.66,1,8,49.9,No,2023-05-22,399.2
1570,46,Basic,Indicação,Sul,57.56,3,2,199.9,No,2024-10-06,399.8
1571,62,Pro,Google Ads,Sul,12.54,2,27,89.9,No,2025-05-24,2427.3
1572,63,Pro,Google Ads,Norte,3.57,3,36,89.9,No,2025-04-07,3236.4
1573,27,Basic,Orgânico,Norte,22.88,4,35,89.9,No,2023-11-09,3146.5
1574,60,Pro,LinkedIn,Centro-Oeste,21.15,3,23,49.9,No,2024-07-08,1147.7
1575,51,Enterprise,Indicação,Nordeste,19.22,1,41,89.9,Yes,2024-12-14,3685.9
1576,43,Basic,Instagram,Sudeste,17.94,2,48,49.9,No,2023-11-07,2395.2
1577,58,Basic,Instagram,Sudeste,14.54,0,13,49.9,No,2024-08-23,648.6999999999999
1578,20,Basic,Google Ads,Norte,15.41,2,31,49.9,No,2025-09-06,1546.8999999999999
1579,23,Pro,Orgânico,Sudeste,5.57,0,45,199.9,Yes,2024-09-11,8995.5
1580,22,Basic,LinkedIn,Nordeste,28.06,3,30,49.9,No,2023-11-29,1497.0
1581,22,Enterprise,Google Ads,Sudeste,16.79,1,6,89.9,No,2023-12-29,539.4000000000001
1582,64,Pro,Orgânico,Nordeste,39.5,4,20,199.9,No,2023-10-16,3998.0
1583,40,Pro,Instagram,Centro-Oeste,22.5,2,26,49.9,No,2023-01-02,1297.3999999999999
1584,26,Enterprise,Orgânico,Centro-Oeste,34.25,3,36,89.9,No,2024-06-18,3236.4
1585,52,Enterprise,Google Ads,Sul,3.45,2,19,49.9,No,2025-02-22,948.1
1586,37,Basic,Google Ads,Sudeste,6.04,1,22,89.9,No,2023-09-05,1977.8000000000002
1587,59,Basic,Google Ads,Sudeste,9.58,1,12,49.9,No,2023-12-27,598.8
1588,52,Pro,Google Ads,Sudeste,20.31,6,3,49.9,No,2023-08-02,149.7
1589,35,Basic,Orgânico,Nordeste,11.65,1,5,49.9,No,2024-02-13,249.5
1590,34,Pro,Indicação,Nordeste,24.34,1,5,49.9,Yes,2024-08-02,249.5
1591,41,Pro,Indicação,Sudeste,31.12,0,43,49.9,No,2024-12-07,2145.7
1592,20,Enterprise,Orgânico,Sudeste,34.48,4,23,49.9,No,2024-05-12,1147.7
1593,49,Basic,Google Ads,Nordeste,27.68,6,14,199.9,Yes,2023-04-18,2798.6
1594,52,Pro,Orgânico,Sudeste,9.49,2,39,89.9,No,2023-02-08,3506.1000000000004
1595,55,Basic,Orgânico,Sul,9.18,0,7,199.9,No,2025-10-02,1399.3
1596,30,Pro,Instagram,Sul,32.05,1,35,49.9,Yes,2024-01-07,1746.5
1597,64,Basic,Google Ads,Sul,14.1,2,38,89.9,No,2025-11-11,3416.2000000000003
1598,42,Enterprise,Indicação,Sudeste,25.01,1,14,49.9,No,2023-07-07,698.6
1599,26,Basic,Instagram,Sudeste,24.38,5,17,199.9,No,2023-06-13,3398.3
1600,21,Pro,Orgânico,Centro-Oeste,6.9,1,7,89.9,No,2024-11-19,629.3000000000001
1601,31,Basic,Google Ads,Centro-Oeste,9.92,4,20,89.9,Yes,2024-08-23,1798.0
1602,54,Basic,LinkedIn,Sudeste,49.65,3,34,199.9,No,2023-10-16,6796.6
1603,51,Pro,LinkedIn,Sudeste,23.38,2,30,49.9,No,2023-07-30,1497.0
1604,28,Basic,Google Ads,Nordeste,30.34,2,40,89.9,No,2024-10-20,3596.0
1605,58,Basic,Instagram,Nordeste,11.67,2,13,89.9,No,2025-04-18,1168.7
1606,20,Basic,Google Ads,Sudeste,16.03,2,6,89.9,No,2024-06-01,539.4000000000001
1607,45,Pro,LinkedIn,Sudeste,5.44,0,27,49.9,No,2025-08-29,1347.3
1608,46,Pro,Orgânico,Sudeste,23.24,2,18,49.9,No,2023-07-25,898.1999999999999
1609,26,Basic,Instagram,Sudeste,57.72,5,24,49.9,No,2023-01-08,1197.6
1610,20,Pro,Orgânico,Norte,16.61,3,32,199.9,No,2024-08-12,6396.8
1611,42,Basic,Google Ads,Sudeste,20.89,2,39,199.9,No,2023-12-23,7796.1
1612,51,Pro,Indicação,Centro-Oeste,12.31,4,26,89.9,Yes,2024-08-14,2337.4
1613,29,Basic,Orgânico,Sudeste,52.13,2,34,89.9,No,2025-03-26,3056.6000000000004
1614,59,Pro,Instagram,Norte,9.65,0,21,49.9,No,2024-08-22,1047.8999999999999
1615,26,Basic,Orgânico,Sudeste,15.13,1,28,49.9,No,2025-08-07,1397.2
1616,32,Enterprise,LinkedIn,Sudeste,15.13,1,5,89.9,No,2023-09-11,449.5
1617,57,Basic,Instagram,Sudeste,25.65,5,42,89.9,No,2023-12-24,3775.8
1618,42,Basic,Orgânico,Sudeste,15.06,0,18,49.9,No,2025-10-29,898.1999999999999
1619,22,Basic,Google Ads,Sudeste,35.66,1,8,199.9,No,2025-10-04,1599.2
1620,28,Enterprise,Google Ads,Sudeste,14.8,4,43,49.9,No,2025-01-08,2145.7
1621,51,Pro,LinkedIn,Sudeste,24.95,4,48,89.9,No,2025-04-16,4315.200000000001
1622,41,Pro,Orgânico,Sudeste,24.51,3,34,49.9,No,2025-12-13,1696.6
1623,32,Enterprise,Orgânico,Sudeste,18.08,2,22,49.9,No,2024-05-13,1097.8
1624,55,Enterprise,Google Ads,Centro-Oeste,12.01,2,23,89.9,No,2025-06-22,2067.7000000000003
1625,25,Pro,Orgânico,Sudeste,12.66,3,9,49.9,No,2024-09-24,449.09999999999997
1626,22,Basic,Indicação,Nordeste,19.2,2,27,199.9,No,2024-02-17,5397.3
1627,43,Pro,Orgânico,Norte,12.37,0,14,89.9,No,2023-02-01,1258.6000000000001
1628,35,Basic,Instagram,Nordeste,26.5,1,20,89.9,No,2024-05-07,1798.0
1629,23,Pro,Indicação,Sul,32.93,1,26,89.9,No,2025-11-22,2337.4
1630,54,Pro,Orgânico,Sudeste,34.87,7,41,49.9,No,2025-09-05,2045.8999999999999
1631,30,Pro,Instagram,Sudeste,22.55,4,7,89.9,No,2024-03-09,629.3000000000001
1632,45,Pro,Orgânico,Sudeste,53.04,4,24,49.9,No,2025-05-16,1197.6
1633,22,Pro,Instagram,Sudeste,41.22,3,9,49.9,No,2025-03-17,449.09999999999997
1634,30,Enterprise,Instagram,Sudeste,15.15,0,43,199.9,No,2025-09-11,8595.7
1635,34,Basic,Orgânico,Sul,19.61,0,7,49.9,No,2024-06-15,349.3
1636,57,Basic,Orgânico,Sudeste,13.07,0,37,49.9,No,2024-11-09,1846.3
1637,62,Pro,Instagram,Sudeste,18.43,3,4,199.9,Yes,2025-02-14,799.6
1638,49,Enterprise,Google Ads,Sudeste,5.4,1,11,199.9,No,2025-06-09,2198.9
1639,46,Basic,Orgânico,Sudeste,7.46,3,4,49.9,No,2025-11-19,199.6
1640,20,Basic,Orgânico,Sul,14.38,0,28,89.9,No,2025-01-28,2517.2000000000003
1641,57,Basic,Indicação,Sudeste,42.89,3,27,89.9,No,2025-05-01,2427.3
1642,51,Basic,Indicação,Nordeste,12.21,1,17,89.9,No,2023-08-19,1528.3000000000002
1643,57,Enterprise,Orgânico,Nordeste,14.47,2,40,89.9,No,2024-10-21,3596.0
1644,44,Pro,Google Ads,Sudeste,5.48,1,6,89.9,Yes,2024-06-23,539.4000000000001
1645,30,Pro,Orgânico,Nordeste,21.99,3,17,49.9,No,2025-04-17,848.3
1646,62,Pro,Instagram,Sudeste,14.14,3,43,89.9,No,2025-08-07,3865.7000000000003
1647,50,Pro,Indicação,Sudeste,29.01,1,12,49.9,No,2024-04-01,598.8
1648,23,Basic,LinkedIn,Sul,23.64,4,40,89.9,No,2025-07-04,3596.0
1649,41,Basic,LinkedIn,Nordeste,22.12,2,1,89.9,No,2024-10-24,89.9
1650,36,Pro,Indicação,Sul,8.63,3,29,199.9,No,2024-07-04,5797.1
1651,33,Basic,Orgânico,Sul,13.2,1,26,199.9,No,2023-10-17,5197.400000000001
1652,57,Basic,Indicação,Sudeste,21.97,1,8,199.9,No,2023-05-30,1599.2
1653,45,Basic,Orgânico,Norte,31.04,0,30,89.9,No,2024-06-13,2697.0
1654,50,Basic,Google Ads,Sul,12.46,3,30,89.9,No,2023-11-13,2697.0
1655,58,Basic,Orgânico,Sudeste,19.04,2,4,49.9,No,2024-04-13,199.6
1656,30,Pro,Instagram,Sudeste,27.69,1,24,49.9,No,2024-02-18,1197.6
1657,60,Basic,Google Ads,Nordeste,24.62,4,26,49.9,No,2023-05-02,1297.3999999999999
1658,62,Enterprise,Google Ads,Sudeste,5.78,1,8,89.9,No,2025-10-10,719.2
1659,42,Basic,Indicação,Centro-Oeste,23.91,2,31,89.9,No,2025-08-02,2786.9
1660,59,Pro,Orgânico,Sudeste,12.72,2,18,49.9,No,2023-04-03,898.1999999999999
1661,53,Enterprise,Indicação,Sudeste,6.42,1,34,49.9,No,2023-05-25,1696.6
1662,44,Enterprise,Instagram,Sul,12.3,4,33,89.9,No,2025-04-19,2966.7000000000003
1663,55,Enterprise,Google Ads,Sudeste,20.79,4,40,199.9,No,2024-03-02,7996.0
1664,24,Basic,LinkedIn,Nordeste,33.35,1,9,49.9,No,2025-08-08,449.09999999999997
1665,22,Basic,Google Ads,Centro-Oeste,6.94,1,20,89.9,No,2025-01-26,1798.0
1666,60,Basic,Instagram,Norte,13.16,2,40,49.9,Yes,2023-10-05,1996.0
1667,62,Basic,Indicação,Nordeste,26.93,1,47,49.9,No,2023-09-30,2345.2999999999997
1668,48,Basic,Orgânico,Sudeste,3.98,3,46,199.9,Yes,2023-09-07,9195.4
1669,40,Enterprise,Instagram,Centro-Oeste,28.76,2,2,49.9,No,2025-12-27,99.8
1670,59,Pro,Google Ads,Nordeste,13.09,2,43,49.9,No,2025-07-13,2145.7
1671,27,Pro,Orgânico,Sudeste,30.69,2,39,49.9,No,2025-11-20,1946.1
1672,49,Enterprise,Indicação,Sul,14.05,3,21,89.9,No,2025-09-17,1887.9
1673,60,Pro,Orgânico,Sudeste,17.44,5,14,49.9,Yes,2023-05-06,698.6
1674,47,Pro,Google Ads,Sul,13.24,2,30,49.9,No,2024-07-19,1497.0
1675,56,Pro,Instagram,Sudeste,15.73,2,42,199.9,No,2023-01-27,8395.800000000001
1676,48,Basic,Orgânico,Norte,18.26,3,46,49.9,No,2025-07-16,2295.4
1677,35,Basic,Google Ads,Nordeste,18.17,2,17,199.9,No,2025-09-18,3398.3
1678,53,Enterprise,Indicação,Sudeste,19.39,1,33,49.9,Yes,2025-06-02,1646.7
1679,19,Enterprise,Google Ads,Sudeste,18.05,3,11,49.9,No,2025-10-04,548.9
1680,31,Enterprise,LinkedIn,Sudeste,32.56,0,42,89.9,No,2024-07-22,3775.8
1681,30,Pro,Orgânico,Sudeste,15.3,4,48,49.9,No,2023-04-13,2395.2
1682,46,Enterprise,LinkedIn,Sudeste,19.38,2,37,49.9,No,2025-04-09,1846.3
1683,29,Basic,Orgânico,Nordeste,10.55,2,8,89.9,No,2023-10-16,719.2
1684,56,Basic,Instagram,Norte,12.04,2,4,49.9,No,2023-03-01,199.6
1685,19,Basic,Orgânico,Sudeste,13.21,1,39,199.9,No,2023-05-28,7796.1
1686,49,Pro,Instagram,Sudeste,10.09,2,42,49.9,No,2023-03-17,2095.7999999999997
1687,30,Basic,Google Ads,Sudeste,22.86,0,11,89.9,No,2023-05-21,988.9000000000001
1688,63,Basic,Instagram,Sudeste,8.15,3,21,49.9,No,2025-11-19,1047.8999999999999
1689,44,Basic,Indicação,Sul,20.04,2,4,49.9,No,2024-04-22,199.6
1690,58,Pro,Orgânico,Nordeste,25.5,2,47,199.9,No,2023-01-02,9395.300000000001
1691,34,Pro,LinkedIn,Norte,9.52,1,43,89.9,No,2025-07-03,3865.7000000000003
1692,57,Pro,LinkedIn,Norte,10.65,3,13,89.9,No,2024-11-20,1168.7
1693,48,Basic,Orgânico,Nordeste,21.52,2,31,49.9,Yes,2024-02-05,1546.8999999999999
1694,51,Pro,Orgânico,Norte,18.98,3,4,49.9,No,2023-04-30,199.6
1695,41,Pro,Indicação,Norte,26.8,3,16,89.9,No,2024-06-16,1438.4
1696,62,Pro,Orgânico,Centro-Oeste,10.23,4,40,89.9,No,2025-04-20,3596.0
1697,52,Basic,LinkedIn,Sudeste,13.68,2,42,49.9,No,2023-09-27,2095.7999999999997
1698,23,Pro,Google Ads,Sudeste,3.77,4,22,49.9,Yes,2023-01-22,1097.8
1699,36,Enterprise,Google Ads,Sul,20.43,2,30,49.9,No,2025-10-26,1497.0
1700,47,Basic,Orgânico,Sudeste,11.53,3,16,89.9,No,2023-05-02,1438.4
1701,24,Basic,Google Ads,Nordeste,11.46,1,4,49.9,No,2025-11-05,199.6
1702,27,Basic,Instagram,Sudeste,24.34,1,25,49.9,No,2023-10-27,1247.5
1703,58,Pro,Orgânico,Sudeste,12.61,2,39,49.9,No,2025-03-07,1946.1
1704,49,Basic,Google Ads,Sul,25.31,2,42,49.9,No,2024-06-16,2095.7999999999997
1705,51,Basic,Orgânico,Sul,12.48,0,45,89.9,Yes,2023-10-19,4045.5000000000005
1706,45,Basic,Orgânico,Sudeste,14.05,0,48,89.9,No,2023-05-11,4315.200000000001
1707,32,Enterprise,Orgânico,Sul,20.57,1,23,49.9,No,2025-08-10,1147.7
1708,47,Pro,Instagram,Sul,23.89,3,46,49.9,No,2023-02-10,2295.4
1709,54,Pro,Instagram,Sudeste,20.79,0,45,89.9,No,2025-01-10,4045.5000000000005
1710,46,Pro,Orgânico,Sudeste,10.15,1,2,49.9,No,2024-08-26,99.8
1711,39,Basic,Google Ads,Sudeste,14.65,2,32,49.9,No,2024-03-09,1596.8
1712,21,Enterprise,LinkedIn,Centro-Oeste,12.1,3,3,49.9,No,2025-11-03,149.7
1713,37,Pro,Indicação,Sudeste,29.31,4,21,49.9,No,2025-07-07,1047.8999999999999
1714,49,Basic,Instagram,Sul,20.27,1,8,49.9,No,2025-04-13,399.2
1715,53,Pro,Orgânico,Centro-Oeste,10.91,1,39,49.9,No,2025-01-02,1946.1
1716,21,Pro,Indicação,Sudeste,15.83,1,4,89.9,No,2025-03-21,359.6
1717,44,Pro,Google Ads,Sul,4.9,2,27,49.9,Yes,2024-03-07,1347.3
1718,34,Basic,Google Ads,Norte,5.47,1,36,49.9,No,2025-09-11,1796.3999999999999
1719,29,Enterprise,Google Ads,Sudeste,11.21,5,48,49.9,No,2023-10-13,2395.2
1720,39,Enterprise,Google Ads,Sudeste,5.04,0,48,49.9,No,2023-10-25,2395.2
1721,34,Basic,Indicação,Nordeste,45.98,3,9,89.9,No,2024-05-13,809.1
1722,27,Basic,Google Ads,Norte,21.9,3,8,49.9,No,2025-11-13,399.2
1723,18,Basic,Instagram,Sudeste,24.46,2,14,89.9,No,2023-07-28,1258.6000000000001
1724,39,Enterprise,Orgânico,Nordeste,15.45,4,38,89.9,No,2023-11-11,3416.2000000000003
1725,43,Pro,LinkedIn,Nordeste,30.24,6,3,49.9,Yes,2023-07-12,149.7
1726,35,Basic,Instagram,Sul,16.06,2,45,89.9,No,2024-07-19,4045.5000000000005
1727,31,Basic,Orgânico,Nordeste,13.32,2,10,89.9,No,2023-08-22,899.0
1728,64,Basic,Google Ads,Sul,16.67,2,33,89.9,No,2025-06-12,2966.7000000000003
1729,46,Pro,Orgânico,Sudeste,6.18,3,18,49.9,No,2023-12-01,898.1999999999999
1730,29,Basic,Indicação,Centro-Oeste,22.5,3,38,89.9,No,2025-10-04,3416.2000000000003
1731,53,Enterprise,Indicação,Sudeste,23.59,2,27,49.9,No,2024-06-06,1347.3
1732,52,Pro,Orgânico,Nordeste,14.13,2,30,49.9,No,2025-07-26,1497.0
1733,29,Pro,LinkedIn,Nordeste,38.26,0,10,89.9,No,2023-09-01,899.0
1734,24,Basic,Orgânico,Norte,20.22,1,40,49.9,No,2024-11-25,1996.0
1735,46,Basic,Orgânico,Sudeste,16.37,2,40,49.9,No,2024-02-29,1996.0
1736,28,Pro,Instagram,Sul,18.13,4,14,89.9,No,2023-08-17,1258.6000000000001
1737,50,Basic,Instagram,Nordeste,16.83,2,47,49.9,No,2024-10-04,2345.2999999999997
1738,23,Basic,Orgânico,Sudeste,14.06,1,7,49.9,No,2023-11-12,349.3
1739,64,Enterprise,LinkedIn,Sudeste,33.58,2,11,89.9,Yes,2023-05-20,988.9000000000001
1740,32,Basic,Orgânico,Nordeste,22.95,2,31,49.9,No,2023-02-08,1546.8999999999999
1741,49,Basic,Indicação,Sudeste,19.89,1,26,49.9,No,2024-05-26,1297.3999999999999
1742,28,Basic,LinkedIn,Sudeste,23.26,2,22,89.9,No,2023-01-16,1977.8000000000002
1743,40,Basic,Google Ads,Sudeste,19.92,1,6,89.9,No,2025-06-02,539.4000000000001
1744,43,Enterprise,Instagram,Sudeste,10.14,1,20,49.9,No,2025-07-12,998.0
1745,51,Basic,LinkedIn,Sudeste,24.31,1,43,49.9,No,2023-09-09,2145.7
1746,63,Basic,LinkedIn,Sul,26.44,1,15,89.9,No,2025-04-28,1348.5
1747,51,Pro,Indicação,Sudeste,39.27,2,29,49.9,No,2023-09-09,1447.1
1748,46,Basic,Indicação,Nordeste,17.61,2,31,89.9,No,2024-10-30,2786.9
1749,21,Basic,Indicação,Sudeste,19.4,3,10,49.9,No,2023-03-23,499.0
1750,34,Basic,Orgânico,Centro-Oeste,22.08,3,14,49.9,No,2024-12-03,698.6
1751,52,Basic,Instagram,Sudeste,16.53,4,9,89.9,No,2025-06-15,809.1
1752,30,Basic,Indicação,Centro-Oeste,34.22,2,24,49.9,No,2025-03-06,1197.6
1753,58,Basic,Google Ads,Norte,44.63,2,37,49.9,No,2023-02-15,1846.3
1754,56,Pro,LinkedIn,Sudeste,22.35,2,28,89.9,No,2024-05-29,2517.2000000000003
1755,32,Basic,Instagram,Centro-Oeste,19.64,2,19,49.9,Yes,2023-05-22,948.1
1756,46,Pro,Instagram,Sul,11.58,2,29,49.9,No,2024-11-09,1447.1
1757,46,Pro,Instagram,Sudeste,25.79,0,20,89.9,No,2024-06-20,1798.0
1758,28,Pro,Google Ads,Nordeste,43.6,5,15,49.9,Yes,2025-09-06,748.5
1759,49,Basic,LinkedIn,Nordeste,10.88,1,40,49.9,No,2023-05-02,1996.0
1760,19,Basic,Orgânico,Sudeste,19.76,5,36,49.9,No,2025-01-12,1796.3999999999999
1761,64,Pro,Instagram,Norte,25.92,4,32,49.9,No,2025-06-25,1596.8
1762,31,Pro,Indicação,Sul,48.3,4,20,49.9,No,2024-07-31,998.0
1763,37,Pro,LinkedIn,Centro-Oeste,21.14,0,21,199.9,Yes,2023-02-08,4197.900000000001
1764,39,Basic,Instagram,Sudeste,5.17,2,36,89.9,No,2023-08-19,3236.4
1765,28,Enterprise,Google Ads,Centro-Oeste,15.94,2,28,49.9,No,2024-01-12,1397.2
1766,44,Basic,Google Ads,Sul,50.15,3,38,89.9,No,2024-08-08,3416.2000000000003
1767,20,Basic,Orgânico,Norte,19.55,5,6,49.9,No,2024-01-10,299.4
1768,34,Basic,Instagram,Nordeste,18.29,1,5,199.9,No,2024-05-07,999.5
1769,61,Basic,Google Ads,Sudeste,10.01,1,7,49.9,No,2025-10-01,349.3
1770,45,Pro,Instagram,Centro-Oeste,24.9,2,45,199.9,No,2023-06-13,8995.5
1771,46,Pro,LinkedIn,Nordeste,15.38,1,47,89.9,No,2024-06-15,4225.3
1772,38,Pro,Indicação,Sudeste,27.64,5,24,89.9,No,2023-05-01,2157.6000000000004
1773,64,Enterprise,Instagram,Sul,16.44,0,35,49.9,No,2024-09-08,1746.5
1774,33,Pro,LinkedIn,Sudeste,8.38,3,29,199.9,Yes,2023-03-16,5797.1
1775,54,Pro,LinkedIn,Sul,36.5,1,48,49.9,No,2023-11-20,2395.2
1776,37,Basic,Google Ads,Sudeste,16.52,5,14,199.9,No,2023-11-02,2798.6
1777,23,Pro,Instagram,Sudeste,7.85,3,35,49.9,No,2025-04-03,1746.5
1778,36,Basic,LinkedIn,Sudeste,16.26,2,4,89.9,Yes,2025-11-06,359.6
1779,22,Basic,LinkedIn,Sudeste,29.05,1,18,89.9,No,2025-03-10,1618.2
1780,20,Basic,Indicação,Norte,7.98,3,48,89.9,No,2025-09-10,4315.200000000001
1781,18,Basic,Indicação,Nordeste,12.18,3,22,49.9,No,2023-09-24,1097.8
1782,55,Pro,Instagram,Centro-Oeste,26.15,5,40,49.9,Yes,2023-05-26,1996.0
1783,32,Enterprise,Instagram,Sudeste,8.31,5,30,49.9,No,2024-06-25,1497.0
1784,51,Basic,LinkedIn,Sul,14.0,2,42,89.9,No,2023-12-29,3775.8
1785,52,Enterprise,Indicação,Sul,7.29,1,43,199.9,Yes,2023-03-03,8595.7
1786,42,Pro,Google Ads,Nordeste,12.53,2,15,89.9,No,2024-01-26,1348.5
1787,41,Pro,Orgânico,Sudeste,25.51,1,43,89.9,No,2025-06-19,3865.7000000000003
1788,29,Pro,LinkedIn,Sudeste,48.85,2,9,89.9,No,2025-04-17,809.1
1789,35,Basic,Instagram,Nordeste,6.46,0,20,89.9,No,2023-05-22,1798.0
1790,32,Pro,Indicação,Sudeste,12.45,1,4,89.9,No,2025-04-30,359.6
1791,61,Pro,Google Ads,Nordeste,22.18,1,1,49.9,No,2023-04-13,49.9
1792,33,Enterprise,LinkedIn,Nordeste,23.38,0,18,49.9,No,2025-11-01,898.1999999999999
1793,44,Pro,LinkedIn,Sul,30.21,2,4,49.9,No,2024-01-18,199.6
1794,25,Pro,Google Ads,Norte,23.4,1,28,89.9,No,2025-10-05,2517.2000000000003
1795,63,Pro,Orgânico,Sul,10.58,1,7,49.9,No,2025-10-12,349.3
1796,42,Basic,Orgânico,Norte,15.27,4,14,89.9,No,2025-12-09,1258.6000000000001
1797,34,Basic,Google Ads,Sudeste,4.88,3,40,49.9,No,2025-05-25,1996.0
1798,46,Basic,Instagram,Nordeste,12.29,2,38,89.9,No,2025-04-26,3416.2000000000003
1799,25,Pro,Google Ads,Nordeste,21.93,2,17,49.9,No,2024-06-03,848.3
1800,32,Basic,Orgânico,Sudeste,24.18,2,39,49.9,No,2024-09-17,1946.1
1801,44,Enterprise,Instagram,Centro-Oeste,14.49,1,6,49.9,No,2024-10-18,299.4
1802,63,Pro,Instagram,Norte,56.28,2,26,49.9,No,2025-03-07,1297.3999999999999
1803,24,Enterprise,Instagram,Norte,10.88,1,41,89.9,No,2024-02-11,3685.9
1804,20,Pro,Instagram,Centro-Oeste,18.85,3,4,49.9,No,2025-12-21,199.6
1805,46,Pro,Indicação,Centro-Oeste,23.69,2,28,89.9,No,2024-10-01,2517.2000000000003
1806,61,Enterprise,Indicação,Sudeste,9.31,4,13,49.9,No,2023-03-20,648.6999999999999
1807,41,Pro,LinkedIn,Nordeste,12.18,1,34,89.9,Yes,2023-05-20,3056.6000000000004
1808,20,Enterprise,Indicação,Centro-Oeste,10.06,1,46,49.9,No,2024-07-13,2295.4
1809,37,Basic,LinkedIn,Nordeste,22.97,1,18,49.9,No,2024-02-21,898.1999999999999
1810,63,Basic,Google Ads,Centro-Oeste,6.73,3,24,89.9,No,2024-04-27,2157.6000000000004
1811,32,Basic,Google Ads,Sudeste,30.89,3,30,49.9,Yes,2023-08-03,1497.0
1812,42,Pro,Instagram,Sudeste,11.03,4,10,49.9,No,2025-10-03,499.0
1813,47,Pro,Indicação,Sul,39.99,3,2,199.9,Yes,2024-12-17,399.8
1814,31,Pro,Orgânico,Sudeste,13.94,2,43,49.9,No,2023-04-24,2145.7
1815,24,Basic,Google Ads,Sudeste,46.25,1,29,49.9,No,2023-06-27,1447.1
1816,34,Enterprise,Instagram,Centro-Oeste,23.52,4,1,49.9,Yes,2025-06-11,49.9
1817,61,Pro,Google Ads,Sul,16.0,1,17,199.9,No,2023-09-25,3398.3
1818,37,Basic,Orgânico,Sudeste,13.47,1,22,49.9,No,2025-03-04,1097.8
1819,53,Pro,Orgânico,Sudeste,27.33,4,26,49.9,No,2023-12-17,1297.3999999999999
1820,26,Pro,Google Ads,Sudeste,20.03,2,10,199.9,No,2023-04-23,1999.0
1821,55,Enterprise,Indicação,Sul,20.72,4,8,49.9,No,2024-07-30,399.2
1822,39,Pro,Indicação,Nordeste,15.41,5,20,199.9,No,2024-05-29,3998.0
1823,19,Basic,Google Ads,Sul,18.4,0,22,89.9,No,2025-06-09,1977.8000000000002
1824,41,Basic,Instagram,Sul,25.92,3,48,49.9,No,2025-02-04,2395.2
1825,25,Pro,Indicação,Norte,24.12,3,24,49.9,No,2025-08-26,1197.6
1826,28,Enterprise,Google Ads,Sudeste,14.58,2,22,89.9,No,2023-01-17,1977.8000000000002
1827,30,Basic,Instagram,Nordeste,31.13,2,23,49.9,No,2024-12-11,1147.7
1828,34,Enterprise,Google Ads,Norte,7.09,1,28,89.9,No,2025-06-22,2517.2000000000003
1829,25,Pro,LinkedIn,Sudeste,13.44,2,2,49.9,No,2025-07-02,99.8
1830,38,Enterprise,Orgânico,Sudeste,39.35,2,42,89.9,No,2023-11-18,3775.8
1831,35,Basic,LinkedIn,Sudeste,21.4,3,37,49.9,No,2023-05-10,1846.3
1832,47,Enterprise,Google Ads,Sudeste,19.54,2,4,49.9,Yes,2024-03-19,199.6
1833,35,Enterprise,Google Ads,Sudeste,22.36,2,37,49.9,No,2024-09-27,1846.3
1834,63,Enterprise,Indicação,Sudeste,11.08,3,21,199.9,No,2024-01-22,4197.900000000001
1835,64,Basic,Instagram,Sudeste,10.13,2,26,49.9,No,2023-08-09,1297.3999999999999
1836,48,Basic,LinkedIn,Nordeste,13.07,5,15,89.9,No,2023-04-23,1348.5
1837,55,Pro,Google Ads,Sudeste,56.23,2,35,49.9,No,2025-11-19,1746.5
1838,49,Basic,Orgânico,Nordeste,31.42,2,47,49.9,No,2024-04-09,2345.2999999999997
1839,28,Basic,Orgânico,Centro-Oeste,6.31,1,15,49.9,No,2024-03-21,748.5
1840,62,Basic,Orgânico,Sul,61.65,2,22,89.9,No,2025-07-31,1977.8000000000002
1841,42,Pro,Instagram,Sul,30.72,1,1,49.9,No,2025-09-03,49.9
1842,50,Pro,Indicação,Sudeste,15.25,3,26,199.9,No,2025-02-23,5197.400000000001
1843,55,Basic,Instagram,Centro-Oeste,36.17,1,10,89.9,No,2025-04-10,899.0
1844,58,Basic,Orgânico,Sudeste,14.51,0,20,89.9,No,2024-09-28,1798.0
1845,25,Pro,Google Ads,Centro-Oeste,9.49,0,48,49.9,No,2025-07-26,2395.2
1846,28,Pro,Orgânico,Centro-Oeste,13.2,1,1,199.9,Yes,2023-06-25,199.9
1847,39,Basic,Instagram,Nordeste,36.57,2,12,89.9,No,2024-07-27,1078.8000000000002
1848,41,Basic,Orgânico,Sul,26.03,1,41,89.9,No,2023-04-25,3685.9
1849,58,Enterprise,Indicação,Sudeste,11.24,4,24,89.9,No,2025-01-12,2157.6000000000004
1850,34,Enterprise,Instagram,Sul,28.46,2,26,199.9,No,2024-11-25,5197.400000000001
1851,29,Enterprise,Orgânico,Sudeste,22.22,3,43,49.9,No,2023-08-17,2145.7
1852,63,Enterprise,Instagram,Sudeste,9.69,4,2,49.9,Yes,2023-06-15,99.8
1853,49,Basic,Orgânico,Nordeste,34.98,2,20,49.9,No,2023-11-21,998.0
1854,32,Pro,Orgânico,Norte,15.99,3,19,199.9,No,2025-11-28,3798.1
1855,33,Basic,Orgânico,Sudeste,17.37,2,25,49.9,No,2024-02-17,1247.5
1856,39,Pro,Google Ads,Sudeste,29.45,0,39,199.9,No,2024-05-26,7796.1
1857,45,Basic,Instagram,Sudeste,7.06,2,1,49.9,No,2025-04-25,49.9
1858,37,Pro,Indicação,Centro-Oeste,11.75,4,31,49.9,No,2024-10-30,1546.8999999999999
1859,50,Pro,Orgânico,Sudeste,15.22,1,4,89.9,No,2023-04-19,359.6
1860,27,Basic,Google Ads,Sudeste,25.4,4,3,199.9,No,2025-05-20,599.7
1861,57,Pro,Google Ads,Sudeste,9.93,1,36,89.9,Yes,2025-12-19,3236.4
1862,49,Basic,Instagram,Centro-Oeste,13.01,2,11,49.9,No,2024-05-04,548.9
1863,50,Basic,Orgânico,Sul,44.22,0,19,89.9,No,2023-09-09,1708.1000000000001
1864,19,Basic,Orgânico,Sudeste,19.42,2,9,89.9,No,2023-07-13,809.1
1865,50,Basic,Instagram,Sudeste,15.21,1,42,49.9,No,2023-01-04,2095.7999999999997
1866,50,Basic,Google Ads,Sul,20.44,3,41,89.9,No,2024-06-15,3685.9
1867,58,Enterprise,LinkedIn,Sudeste,8.8,0,20,199.9,No,2024-12-22,3998.0
1868,30,Basic,Google Ads,Nordeste,34.82,1,9,49.9,No,2024-07-20,449.09999999999997
1869,47,Pro,Indicação,Nordeste,28.28,3,18,199.9,No,2025-12-06,3598.2000000000003
1870,50,Basic,Instagram,Sul,17.68,1,45,49.9,No,2024-08-20,2245.5
1871,30,Pro,Indicação,Centro-Oeste,22.94,0,36,89.9,No,2023-11-22,3236.4
1872,43,Pro,Orgânico,Sudeste,11.86,2,42,49.9,No,2025-06-28,2095.7999999999997
1873,39,Pro,LinkedIn,Norte,39.35,1,32,89.9,No,2025-03-10,2876.8
1874,56,Pro,Instagram,Norte,14.45,1,4,89.9,No,2024-01-13,359.6
1875,19,Enterprise,Orgânico,Sudeste,37.97,2,30,49.9,No,2024-11-12,1497.0
1876,55,Enterprise,Instagram,Sul,14.18,1,11,89.9,No,2025-07-24,988.9000000000001
1877,56,Pro,Orgânico,Sudeste,21.09,4,42,49.9,No,2024-02-08,2095.7999999999997
1878,43,Basic,Google Ads,Nordeste,20.97,0,19,49.9,No,2025-03-23,948.1
1879,63,Pro,Orgânico,Norte,16.85,4,18,89.9,No,2023-08-30,1618.2
1880,32,Pro,Google Ads,Sudeste,17.34,1,45,89.9,No,2025-06-03,4045.5000000000005
1881,51,Pro,Google Ads,Nordeste,28.32,1,5,49.9,No,2024-05-04,249.5
1882,59,Pro,Instagram,Centro-Oeste,6.07,3,43,199.9,No,2024-01-21,8595.7
1883,61,Pro,Orgânico,Sul,31.68,2,38,49.9,No,2025-08-09,1896.2
1884,57,Pro,Orgânico,Sudeste,13.83,3,19,49.9,No,2024-10-17,948.1
1885,28,Basic,Google Ads,Sudeste,13.18,2,20,49.9,No,2025-12-04,998.0
1886,20,Basic,Google Ads,Centro-Oeste,15.03,1,2,49.9,No,2023-06-18,99.8
1887,23,Basic,Instagram,Centro-Oeste,26.06,3,19,49.9,No,2023-10-27,948.1
1888,26,Enterprise,Instagram,Norte,16.22,3,37,89.9,No,2023-08-01,3326.3
1889,23,Pro,Orgânico,Norte,5.39,3,43,49.9,No,2023-10-08,2145.7
1890,26,Pro,Instagram,Sul,6.54,6,11,49.9,No,2025-10-07,548.9
1891,56,Pro,Orgânico,Sul,13.84,1,13,89.9,No,2024-03-24,1168.7
1892,48,Pro,Indicação,Nordeste,25.93,2,20,89.9,No,2025-04-26,1798.0
1893,49,Enterprise,LinkedIn,Centro-Oeste,27.75,3,42,89.9,No,2023-07-10,3775.8
1894,58,Pro,Orgânico,Nordeste,22.56,0,42,89.9,No,2023-12-21,3775.8
1895,29,Pro,Google Ads,Sudeste,39.41,1,2,89.9,No,2025-06-20,179.8
1896,25,Pro,Google Ads,Nordeste,14.62,2,9,199.9,No,2023-06-06,1799.1000000000001
1897,25,Basic,Orgânico,Sudeste,28.84,3,45,49.9,No,2025-07-10,2245.5
1898,45,Pro,Google Ads,Sudeste,16.59,0,7,89.9,No,2023-12-29,629.3000000000001
1899,37,Basic,Google Ads,Sul,28.84,1,4,199.9,No,2024-04-08,799.6
1900,64,Basic,Orgânico,Nordeste,9.2,1,48,199.9,No,2024-02-17,9595.2
1901,24,Pro,Indicação,Sudeste,16.01,2,2,49.9,No,2025-03-24,99.8
1902,28,Pro,Instagram,Norte,21.91,1,23,199.9,No,2023-07-11,4597.7
1903,37,Enterprise,Indicação,Nordeste,11.67,2,1,89.9,No,2024-03-14,89.9
1904,33,Basic,Instagram,Sul,20.96,1,5,89.9,Yes,2024-10-18,449.5
1905,21,Pro,Orgânico,Sudeste,42.96,2,32,49.9,No,2024-12-12,1596.8
1906,23,Basic,Google Ads,Sul,9.24,0,19,89.9,No,2023-05-15,1708.1000000000001
1907,39,Basic,Indicação,Sudeste,24.32,2,31,49.9,No,2024-08-07,1546.8999999999999
1908,43,Basic,Orgânico,Sudeste,17.03,3,4,89.9,No,2025-02-09,359.6
1909,20,Basic,LinkedIn,Centro-Oeste,4.46,0,7,89.9,No,2024-03-13,629.3000000000001
1910,58,Basic,Orgânico,Sudeste,21.76,1,32,49.9,No,2025-02-15,1596.8
1911,59,Basic,Orgânico,Sudeste,29.01,4,33,49.9,No,2025-12-09,1646.7
1912,31,Basic,Indicação,Sudeste,16.47,4,6,49.9,No,2023-03-12,299.4
1913,28,Pro,Instagram,Sudeste,25.73,2,34,89.9,Yes,2025-10-28,3056.6000000000004
1914,35,Basic,LinkedIn,Norte,15.56,1,15,89.9,No,2023-03-16,1348.5
1915,29,Pro,Orgânico,Sudeste,26.75,2,28,89.9,No,2023-06-26,2517.2000000000003
1916,40,Pro,Instagram,Nordeste,13.35,2,16,89.9,No,2025-10-10,1438.4
1917,29,Pro,Indicação,Sul,33.23,1,21,89.9,No,2023-03-19,1887.9
1918,30,Enterprise,LinkedIn,Sudeste,28.83,4,22,89.9,No,2025-03-18,1977.8000000000002
1919,42,Pro,Google Ads,Sudeste,32.65,5,33,89.9,No,2024-02-24,2966.7000000000003
1920,62,Pro,Google Ads,Nordeste,5.96,0,35,89.9,No,2023-06-11,3146.5
1921,36,Basic,Orgânico,Sudeste,33.94,1,25,199.9,No,2023-11-26,4997.5
1922,63,Pro,Indicação,Sudeste,9.19,2,40,89.9,No,2025-06-11,3596.0
1923,53,Pro,Google Ads,Nordeste,18.62,2,26,89.9,No,2023-03-08,2337.4
1924,62,Basic,Orgânico,Sudeste,23.79,0,19,89.9,No,2025-04-27,1708.1000000000001
1925,25,Basic,LinkedIn,Sul,14.07,3,20,89.9,No,2023-08-30,1798.0
1926,46,Basic,Orgânico,Sudeste,25.23,1,30,89.9,Yes,2025-05-21,2697.0
1927,49,Pro,Google Ads,Sudeste,25.62,2,42,49.9,Yes,2023-11-18,2095.7999999999997
1928,61,Basic,Orgânico,Norte,3.41,1,47,199.9,Yes,2024-09-09,9395.300000000001
1929,35,Pro,LinkedIn,Sudeste,19.84,4,36,89.9,No,2023-11-06,3236.4
1930,23,Basic,Indicação,Sudeste,50.24,4,20,199.9,No,2025-02-03,3998.0
1931,35,Pro,Google Ads,Norte,31.07,3,41,89.9,No,2025-04-27,3685.9
1932,36,Basic,Instagram,Norte,12.43,2,45,49.9,No,2024-10-11,2245.5
1933,39,Basic,Instagram,Sudeste,24.08,2,22,49.9,No,2025-09-04,1097.8
1934,54,Pro,Orgânico,Nordeste,20.17,0,37,49.9,No,2023-01-14,1846.3
1935,49,Basic,Google Ads,Sul,12.35,3,27,49.9,No,2023-02-20,1347.3
1936,58,Basic,Indicação,Nordeste,30.18,2,32,199.9,No,2025-06-15,6396.8
1937,20,Basic,Google Ads,Sudeste,33.07,1,46,89.9,No,2024-04-26,4135.400000000001
1938,45,Pro,Google Ads,Sudeste,15.85,7,22,89.9,No,2024-06-17,1977.8000000000002
1939,27,Enterprise,Instagram,Sudeste,33.59,1,8,49.9,No,2024-07-01,399.2
1940,52,Pro,Orgânico,Norte,14.2,4,12,49.9,No,2023-08-26,598.8
1941,46,Pro,Orgânico,Sul,17.3,4,25,49.9,No,2024-04-21,1247.5
1942,32,Basic,Orgânico,Sudeste,20.28,1,18,199.9,No,2023-03-03,3598.2000000000003
1943,50,Pro,Orgânico,Centro-Oeste,30.76,0,1,49.9,No,2025-01-04,49.9
1944,24,Pro,Google Ads,Centro-Oeste,22.3,1,32,89.9,No,2025-06-24,2876.8
1945,29,Basic,Orgânico,Nordeste,21.57,1,46,49.9,No,2023-07-27,2295.4
1946,47,Basic,LinkedIn,Nordeste,18.65,5,2,49.9,No,2023-02-04,99.8
1947,38,Basic,Orgânico,Nordeste,18.91,3,36,89.9,No,2025-09-08,3236.4
1948,48,Pro,Google Ads,Sudeste,38.3,2,46,49.9,No,2024-04-13,2295.4
1949,41,Basic,Orgânico,Sudeste,29.02,2,22,49.9,No,2025-03-04,1097.8
1950,37,Pro,Google Ads,Sudeste,21.34,2,16,49.9,No,2025-10-04,798.4
1951,54,Basic,Instagram,Norte,32.05,1,48,89.9,No,2024-08-08,4315.200000000001
1952,21,Basic,Google Ads,Sudeste,26.17,4,28,89.9,No,2025-04-19,2517.2000000000003
1953,45,Basic,Google Ads,Sudeste,11.36,3,48,89.9,No,2023-11-16,4315.200000000001
1954,61,Pro,Instagram,Centro-Oeste,21.44,3,36,49.9,No,2025-02-04,1796.3999999999999
1955,37,Basic,Orgânico,Sudeste,29.94,2,16,49.9,No,2025-05-25,798.4
1956,41,Basic,Orgânico,Sudeste,13.18,2,35,49.9,No,2023-09-26,1746.5
1957,49,Basic,Google Ads,Nordeste,24.83,0,33,49.9,No,2024-11-20,1646.7
1958,58,Basic,Google Ads,Sudeste,19.77,1,25,89.9,No,2023-11-19,2247.5
1959,53,Basic,Instagram,Centro-Oeste,18.11,3,39,89.9,No,2024-05-29,3506.1000000000004
1960,51,Enterprise,Orgânico,Sudeste,23.57,4,12,49.9,No,2024-07-03,598.8
1961,53,Pro,Google Ads,Sudeste,19.68,3,16,49.9,No,2023-07-14,798.4
1962,19,Pro,LinkedIn,Norte,25.75,3,36,49.9,No,2024-05-08,1796.3999999999999
1963,32,Basic,Google Ads,Sudeste,10.49,4,33,199.9,No,2024-07-20,6596.7
1964,51,Basic,LinkedIn,Sudeste,19.45,1,48,49.9,No,2025-07-11,2395.2
1965,53,Basic,Google Ads,Nordeste,15.46,2,41,89.9,No,2024-06-11,3685.9
1966,23,Pro,Google Ads,Sul,13.65,0,36,49.9,No,2024-01-23,1796.3999999999999
1967,56,Pro,Google Ads,Sul,5.14,3,36,89.9,No,2023-10-29,3236.4
1968,59,Basic,Instagram,Sudeste,13.58,1,28,49.9,No,2025-03-27,1397.2
1969,29,Pro,Instagram,Sudeste,22.63,6,34,89.9,No,2023-03-13,3056.6000000000004
1970,20,Pro,Indicação,Sudeste,26.44,1,16,49.9,No,2025-05-07,798.4
1971,62,Basic,Google Ads,Centro-Oeste,19.05,0,29,89.9,No,2023-09-09,2607.1000000000004
1972,35,Basic,Google Ads,Sudeste,24.95,3,29,89.9,No,2025-01-30,2607.1000000000004
1973,57,Pro,Google Ads,Sudeste,21.77,0,24,89.9,No,2023-07-23,2157.6000000000004
1974,38,Pro,Orgânico,Sudeste,9.36,3,23,199.9,No,2025-08-24,4597.7
1975,32,Basic,Indicação,Sudeste,15.18,0,17,89.9,No,2025-10-22,1528.3000000000002
1976,50,Basic,Indicação,Sudeste,31.57,1,4,49.9,No,2023-06-26,199.6
1977,52,Pro,Instagram,Sudeste,22.13,2,23,89.9,No,2024-12-28,2067.7000000000003
1978,43,Basic,Google Ads,Norte,18.74,0,22,89.9,No,2024-12-24,1977.8000000000002
1979,25,Pro,Google Ads,Sul,7.41,1,38,49.9,No,2023-05-22,1896.2
1980,53,Pro,LinkedIn,Sudeste,14.72,0,27,49.9,No,2025-09-12,1347.3
1981,47,Basic,LinkedIn,Sudeste,6.96,1,30,89.9,Yes,2025-11-14,2697.0
1982,40,Basic,Orgânico,Nordeste,31.41,2,22,89.9,No,2024-02-04,1977.8000000000002
1983,59,Pro,Orgânico,Norte,15.75,2,6,49.9,No,2023-10-22,299.4
1984,61,Basic,Instagram,Norte,9.94,0,27,89.9,No,2025-09-16,2427.3
1985,31,Basic,Instagram,Sudeste,35.67,2,22,89.9,No,2023-01-30,1977.8000000000002
1986,31,Pro,Google Ads,Sudeste,10.53,1,13,49.9,No,2025-01-08,648.6999999999999
1987,19,Basic,Instagram,Sudeste,10.77,1,24,49.9,No,2023-10-04,1197.6
1988,54,Pro,Orgânico,Sudeste,24.37,0,33,199.9,No,2023-03-13,6596.7
1989,22,Basic,Google Ads,Nordeste,30.92,3,30,89.9,No,2024-11-13,2697.0
1990,55,Pro,Orgânico,Sudeste,14.3,1,22,49.9,No,2023-08-09,1097.8
1991,62,Basic,LinkedIn,Centro-Oeste,30.79,2,7,49.9,No,2023-07-08,349.3
1992,58,Enterprise,LinkedIn,Norte,18.41,1,9,49.9,No,2024-06-15,449.09999999999997
1993,64,Pro,Google Ads,Sudeste,19.54,1,32,49.9,No,2023-10-07,1596.8
1994,31,Basic,Indicação,Centro-Oeste,13.41,3,35,49.9,No,2024-07-29,1746.5
1995,56,Basic,LinkedIn,Sul,20.76,3,17,199.9,No,2025-10-13,3398.3
1996,42,Basic,Instagram,Sul,8.49,2,22,49.9,No,2023-03-06,1097.8
1997,37,Pro,Instagram,Sul,21.08,2,26,49.9,No,2025-05-07,1297.3999999999999
1998,19,Pro,Google Ads,Sul,7.33,2,32,49.9,No,2025-05-23,1596.8
1999,56,Pro,LinkedIn,Sudeste,10.35,3,29,49.9,No,2025-04-22,1447.1
2000,23,Basic,Instagram,Sudeste,25.31,1,37,49.9,No,2025-07-17,1846.3
2001,34,Pro,Indicação,Nordeste,17.81,2,36,89.9,No,2025-07-28,3236.4
2002,42,Basic,Indicação,Sul,37.66,1,46,49.9,No,2024-04-30,2295.4
2003,45,Pro,Instagram,Nordeste,24.8,1,42,49.9,No,2024-04-27,2095.7999999999997
2004,19,Pro,Indicação,Nordeste,9.99,1,10,49.9,No,2025-03-10,499.0
2005,52,Basic,Instagram,Nordeste,21.32,2,23,89.9,No,2024-05-09,2067.7000000000003
2006,54,Basic,Indicação,Sudeste,26.55,1,5,49.9,Yes,2024-05-23,249.5
2007,22,Pro,Google Ads,Sul,20.02,5,11,49.9,No,2024-12-19,548.9
2008,18,Pro,Google Ads,Nordeste,20.75,4,12,49.9,No,2024-02-18,598.8
2009,57,Basic,Google Ads,Nordeste,12.17,2,20,199.9,No,2025-05-31,3998.0
2010,29,Basic,Orgânico,Sudeste,13.35,0,10,89.9,No,2024-04-27,899.0
2011,53,Pro,Google Ads,Nordeste,20.88,2,26,199.9,No,2025-05-07,5197.400000000001
2012,62,Basic,Google Ads,Sul,14.0,2,12,199.9,No,2025-10-22,2398.8
2013,40,Basic,Instagram,Nordeste,7.54,2,42,89.9,No,2025-03-26,3775.8
2014,64,Basic,Google Ads,Sul,36.32,2,25,89.9,No,2024-08-01,2247.5
2015,48,Basic,Orgânico,Sudeste,7.97,2,8,199.9,No,2024-08-04,1599.2
2016,28,Pro,LinkedIn,Sudeste,27.28,0,20,199.9,No,2025-03-12,3998.0
2017,27,Enterprise,Orgânico,Sudeste,25.44,0,10,89.9,No,2025-06-05,899.0
2018,20,Pro,Google Ads,Sul,14.3,0,25,89.9,No,2023-07-01,2247.5
2019,31,Basic,Instagram,Norte,8.11,1,48,89.9,No,2023-12-08,4315.200000000001
2020,33,Pro,Indicação,Sudeste,29.67,1,47,49.9,No,2025-02-28,2345.2999999999997
2021,27,Pro,Indicação,Sudeste,27.42,3,30,49.9,No,2024-05-23,1497.0
2022,46,Basic,Google Ads,Centro-Oeste,21.66,2,12,89.9,No,2025-04-15,1078.8000000000002
2023,27,Enterprise,LinkedIn,Nordeste,4.49,0,8,199.9,Yes,2024-06-29,1599.2
2024,29,Basic,Orgânico,Sul,21.02,3,23,199.9,No,2025-05-12,4597.7
2025,47,Enterprise,Google Ads,Nordeste,15.68,4,17,49.9,No,2025-03-30,848.3
2026,58,Basic,Indicação,Sudeste,6.27,5,4,89.9,Yes,2025-10-13,359.6
2027,18,Pro,Instagram,Sul,34.95,2,1,89.9,No,2023-05-14,89.9
2028,22,Basic,Orgânico,Centro-Oeste,5.07,3,37,49.9,No,2023-11-11,1846.3
2029,37,Pro,LinkedIn,Norte,26.98,0,39,89.9,No,2025-11-29,3506.1000000000004
2030,25,Basic,Google Ads,Sul,20.44,4,8,89.9,No,2024-06-11,719.2
2031,60,Pro,Instagram,Sudeste,10.57,1,33,199.9,No,2024-07-31,6596.7
2032,29,Pro,Orgânico,Sudeste,18.9,4,37,49.9,No,2023-06-07,1846.3
2033,18,Pro,Indicação,Sudeste,11.15,2,39,49.9,No,2023-03-09,1946.1
2034,37,Pro,Instagram,Norte,20.5,1,35,89.9,No,2024-05-30,3146.5
2035,45,Pro,LinkedIn,Centro-Oeste,24.65,3,25,49.9,No,2023-11-16,1247.5
2036,60,Basic,LinkedIn,Nordeste,8.15,0,29,49.9,No,2023-04-10,1447.1
2037,54,Pro,Google Ads,Sudeste,41.46,5,40,89.9,No,2025-11-14,3596.0
2038,64,Pro,Google Ads,Sudeste,19.27,1,28,49.9,No,2024-10-07,1397.2
2039,54,Pro,LinkedIn,Sudeste,24.09,0,35,199.9,No,2024-08-03,6996.5
2040,29,Pro,Instagram,Sudeste,8.0,5,48,49.9,Yes,2023-06-20,2395.2
2041,54,Basic,Google Ads,Nordeste,15.4,2,3,89.9,No,2025-09-13,269.70000000000005
2042,61,Basic,Orgânico,Sudeste,26.04,1,2,49.9,Yes,2025-06-29,99.8
2043,45,Enterprise,LinkedIn,Sudeste,41.66,5,16,89.9,No,2024-04-06,1438.4
2044,64,Pro,Instagram,Nordeste,19.0,0,47,49.9,No,2023-01-24,2345.2999999999997
2045,32,Basic,Google Ads,Nordeste,25.9,4,46,89.9,No,2024-01-10,4135.400000000001
2046,23,Pro,Indicação,Sudeste,18.57,1,33,49.9,No,2023-09-06,1646.7
2047,61,Enterprise,Indicação,Nordeste,7.21,1,7,89.9,No,2025-12-25,629.3000000000001
2048,37,Basic,Indicação,Sudeste,27.82,1,23,89.9,No,2024-05-12,2067.7000000000003
2049,31,Pro,Google Ads,Centro-Oeste,13.8,1,31,49.9,No,2024-02-29,1546.8999999999999
2050,19,Enterprise,LinkedIn,Sudeste,5.27,4,44,49.9,Yes,2024-11-23,2195.6
2051,26,Enterprise,Orgânico,Sudeste,17.82,3,18,49.9,No,2023-07-16,898.1999999999999
2052,54,Enterprise,Instagram,Nordeste,22.25,4,20,89.9,No,2025-12-09,1798.0
2053,37,Pro,Google Ads,Sudeste,15.92,0,8,89.9,No,2023-05-16,719.2
2054,43,Basic,Orgânico,Sudeste,28.51,0,30,89.9,Yes,2024-01-31,2697.0
2055,46,Basic,Google Ads,Sudeste,8.21,0,13,49.9,Yes,2024-12-31,648.6999999999999
2056,18,Basic,Instagram,Sul,12.74,1,38,89.9,Yes,2025-03-07,3416.2000000000003
2057,52,Basic,Google Ads,Nordeste,9.41,1,30,89.9,No,2024-04-23,2697.0
2058,23,Basic,Instagram,Sul,3.99,0,20,49.9,No,2024-09-29,998.0
2059,54,Basic,Instagram,Sudeste,21.25,2,10,49.9,No,2025-09-17,499.0
2060,22,Basic,Google Ads,Nordeste,25.04,1,45,49.9,No,2023-06-03,2245.5
2061,50,Basic,Orgânico,Sudeste,16.23,2,28,199.9,No,2025-05-28,5597.2
2062,31,Pro,LinkedIn,Sudeste,12.28,3,19,89.9,No,2024-11-27,1708.1000000000001
2063,29,Basic,LinkedIn,Sudeste,8.47,3,2,49.9,No,2025-03-03,99.8
2064,59,Pro,Instagram,Sudeste,29.64,2,45,89.9,No,2025-12-08,4045.5000000000005
2065,37,Pro,Indicação,Sul,22.09,0,27,89.9,No,2025-01-30,2427.3
2066,41,Basic,Instagram,Centro-Oeste,13.37,3,45,89.9,No,2024-08-08,4045.5000000000005
2067,60,Enterprise,Orgânico,Nordeste,39.74,1,45,89.9,No,2024-04-28,4045.5000000000005
2068,51,Pro,Orgânico,Nordeste,27.19,3,13,89.9,No,2024-02-03,1168.7
2069,42,Basic,Indicação,Nordeste,38.27,2,12,49.9,No,2023-02-11,598.8
2070,46,Basic,LinkedIn,Norte,23.16,3,32,49.9,Yes,2023-10-04,1596.8
2071,56,Basic,Orgânico,Norte,32.8,4,17,199.9,No,2023-01-27,3398.3
2072,48,Basic,LinkedIn,Nordeste,17.12,3,40,49.9,No,2025-12-22,1996.0
2073,64,Basic,Google Ads,Nordeste,26.76,2,38,89.9,No,2023-06-28,3416.2000000000003
2074,60,Pro,Google Ads,Centro-Oeste,10.84,2,21,49.9,No,2024-11-02,1047.8999999999999
2075,40,Enterprise,Orgânico,Sudeste,32.52,1,33,199.9,No,2024-06-07,6596.7
2076,61,Pro,Google Ads,Sudeste,15.36,2,24,49.9,No,2024-02-12,1197.6
2077,55,Basic,Orgânico,Sul,32.83,3,16,49.9,No,2023-06-20,798.4
2078,37,Basic,Google Ads,Norte,25.37,1,3,89.9,No,2023-03-16,269.70000000000005
2079,40,Basic,Instagram,Centro-Oeste,75.19,1,23,89.9,No,2025-09-16,2067.7000000000003
2080,62,Basic,Indicação,Nordeste,5.94,1,18,49.9,No,2023-10-10,898.1999999999999
2081,33,Basic,Google Ads,Sudeste,15.64,4,10,89.9,No,2025-09-09,899.0
2082,59,Pro,Indicação,Sudeste,7.57,2,32,199.9,No,2024-05-19,6396.8
2083,25,Basic,Indicação,Sul,29.81,2,44,49.9,No,2023-11-08,2195.6
2084,38,Pro,LinkedIn,Nordeste,20.03,4,13,49.9,No,2025-10-22,648.6999999999999
2085,18,Basic,LinkedIn,Nordeste,39.97,5,19,49.9,No,2023-11-21,948.1
2086,25,Enterprise,Google Ads,Nordeste,9.02,5,32,49.9,No,2023-12-27,1596.8
2087,46,Pro,Instagram,Sul,14.98,1,39,49.9,No,2023-12-26,1946.1
2088,49,Pro,Google Ads,Sudeste,6.92,3,13,49.9,No,2023-11-17,648.6999999999999
2089,55,Basic,Instagram,Sudeste,34.29,2,47,89.9,Yes,2025-06-18,4225.3
2090,22,Enterprise,Orgânico,Sudeste,30.13,1,9,49.9,No,2025-08-23,449.09999999999997
2091,64,Pro,LinkedIn,Nordeste,6.33,1,12,49.9,No,2024-03-24,598.8
2092,39,Pro,Indicação,Sudeste,16.51,3,6,89.9,No,2024-03-29,539.4000000000001
2093,64,Pro,LinkedIn,Sudeste,6.73,1,20,199.9,Yes,2024-11-02,3998.0
2094,51,Pro,Google Ads,Sudeste,19.71,3,42,89.9,No,2023-02-12,3775.8
2095,18,Basic,LinkedIn,Sudeste,23.86,1,20,49.9,No,2025-08-31,998.0
2096,43,Pro,Orgânico,Sudeste,12.8,3,44,199.9,No,2024-08-03,8795.6
2097,60,Pro,Google Ads,Norte,24.28,2,8,89.9,No,2025-07-30,719.2
2098,27,Basic,Orgânico,Sudeste,16.13,4,9,49.9,No,2024-01-20,449.09999999999997
2099,47,Basic,LinkedIn,Nordeste,18.6,2,4,89.9,Yes,2024-09-28,359.6
2100,35,Basic,Google Ads,Sudeste,27.86,1,21,199.9,No,2023-10-19,4197.900000000001
2101,34,Pro,LinkedIn,Nordeste,22.08,1,8,89.9,No,2025-10-16,719.2
2102,43,Basic,Instagram,Sudeste,14.38,3,35,89.9,No,2023-03-05,3146.5
2103,25,Basic,Instagram,Centro-Oeste,40.42,2,21,49.9,No,2023-08-13,1047.8999999999999
2104,64,Basic,Orgânico,Sudeste,10.62,1,42,49.9,No,2023-11-26,2095.7999999999997
2105,57,Pro,Orgânico,Sul,24.95,1,26,89.9,No,2023-01-29,2337.4
2106,29,Basic,Orgânico,Sul,12.95,4,6,49.9,No,2024-08-16,299.4
2107,44,Pro,Orgânico,Norte,24.78,1,5,89.9,No,2024-03-29,449.5
2108,25,Basic,Orgânico,Sul,28.09,2,26,49.9,No,2024-10-03,1297.3999999999999
2109,42,Pro,Orgânico,Nordeste,20.65,3,27,89.9,No,2024-02-12,2427.3
2110,63,Enterprise,Google Ads,Centro-Oeste,16.93,3,18,49.9,No,2024-07-17,898.1999999999999
2111,21,Basic,LinkedIn,Sudeste,27.68,3,37,49.9,Yes,2024-05-27,1846.3
2112,50,Basic,Google Ads,Sudeste,19.38,1,21,49.9,No,2024-10-25,1047.8999999999999
2113,18,Pro,LinkedIn,Sudeste,12.84,0,16,89.9,No,2024-06-23,1438.4
2114,36,Basic,Orgânico,Sudeste,22.52,1,33,199.9,No,2023-02-02,6596.7
2115,48,Basic,Google Ads,Sudeste,5.51,5,40,49.9,No,2023-08-18,1996.0
2116,33,Pro,Indicação,Nordeste,43.29,4,2,89.9,Yes,2024-03-09,179.8
2117,31,Enterprise,Indicação,Centro-Oeste,36.89,3,28,49.9,No,2024-07-27,1397.2
2118,22,Pro,Google Ads,Nordeste,11.05,4,46,49.9,No,2023-09-13,2295.4
2119,58,Basic,Google Ads,Sul,28.77,1,4,89.9,No,2023-04-10,359.6
2120,43,Basic,LinkedIn,Centro-Oeste,13.38,1,43,89.9,Yes,2023-12-01,3865.7000000000003
2121,45,Basic,Google Ads,Sudeste,18.09,3,20,49.9,No,2025-03-25,998.0
2122,19,Pro,LinkedIn,Sudeste,13.61,4,22,89.9,No,2024-10-07,1977.8000000000002
2123,23,Pro,LinkedIn,Nordeste,19.7,4,19,89.9,No,2023-01-10,1708.1000000000001
2124,26,Enterprise,LinkedIn,Nordeste,12.54,3,30,89.9,No,2023-02-18,2697.0
2125,50,Basic,Google Ads,Sudeste,9.04,4,47,199.9,No,2025-06-22,9395.300000000001
2126,58,Pro,LinkedIn,Nordeste,12.82,2,35,199.9,No,2024-02-17,6996.5
2127,42,Basic,Google Ads,Sudeste,13.52,1,45,89.9,No,2023-04-25,4045.5000000000005
2128,30,Basic,Orgânico,Nordeste,16.21,1,5,49.9,No,2024-11-08,249.5
2129,26,Pro,Instagram,Sul,18.22,3,4,49.9,No,2023-11-07,199.6
2130,30,Basic,Orgânico,Sul,25.01,1,15,89.9,No,2025-03-30,1348.5
2131,48,Pro,Indicação,Nordeste,10.04,1,24,49.9,No,2025-10-03,1197.6
2132,58,Pro,Orgânico,Centro-Oeste,26.81,3,33,89.9,No,2024-08-18,2966.7000000000003
2133,28,Enterprise,Instagram,Sudeste,20.99,3,10,199.9,No,2023-05-26,1999.0
2134,21,Pro,Google Ads,Centro-Oeste,10.35,2,35,89.9,No,2023-03-22,3146.5
2135,51,Pro,Instagram,Norte,11.37,2,37,89.9,No,2024-05-01,3326.3
2136,55,Pro,Google Ads,Centro-Oeste,13.44,2,32,89.9,No,2023-07-26,2876.8
2137,63,Basic,Orgânico,Centro-Oeste,7.15,1,16,199.9,No,2024-09-04,3198.4
2138,21,Basic,Instagram,Nordeste,51.2,4,13,49.9,No,2025-08-16,648.6999999999999
2139,55,Pro,Orgânico,Nordeste,14.95,3,17,49.9,No,2025-08-29,848.3
2140,36,Pro,Orgânico,Sudeste,17.28,1,5,89.9,No,2024-07-06,449.5
2141,23,Pro,Google Ads,Centro-Oeste,21.47,3,45,89.9,No,2024-02-02,4045.5000000000005
2142,51,Basic,Indicação,Sudeste,9.82,0,8,89.9,No,2024-07-14,719.2
2143,35,Basic,Instagram,Sul,14.3,1,47,49.9,Yes,2023-11-08,2345.2999999999997
2144,30,Basic,Google Ads,Sudeste,26.54,1,26,49.9,No,2025-04-05,1297.3999999999999
2145,58,Pro,Instagram,Sul,25.79,1,12,49.9,No,2025-02-12,598.8
2146,40,Pro,Orgânico,Sudeste,2.48,3,38,89.9,No,2023-04-22,3416.2000000000003
2147,36,Pro,LinkedIn,Norte,17.65,4,39,49.9,No,2024-01-22,1946.1
2148,62,Basic,Indicação,Sul,18.75,3,25,89.9,No,2025-05-07,2247.5
2149,28,Basic,Instagram,Sudeste,15.92,1,45,49.9,No,2025-03-16,2245.5
2150,18,Pro,LinkedIn,Sudeste,23.63,2,35,89.9,No,2025-03-03,3146.5
2151,41,Pro,Instagram,Sudeste,23.06,2,5,89.9,No,2025-01-20,449.5
2152,24,Pro,Instagram,Sudeste,21.81,1,13,89.9,No,2025-10-08,1168.7
2153,42,Pro,Google Ads,Sudeste,22.83,2,45,49.9,No,2024-08-31,2245.5
2154,38,Basic,Instagram,Nordeste,5.6,1,38,199.9,No,2023-02-06,7596.2
2155,32,Pro,Indicação,Sudeste,19.1,5,30,199.9,No,2024-10-08,5997.0
2156,18,Pro,Google Ads,Sudeste,26.18,3,13,49.9,No,2025-01-09,648.6999999999999
2157,29,Pro,Orgânico,Sudeste,9.72,1,15,49.9,No,2023-02-27,748.5
2158,24,Pro,Google Ads,Sul,32.4,0,19,89.9,No,2023-02-04,1708.1000000000001
2159,32,Pro,LinkedIn,Sudeste,28.89,5,38,89.9,No,2023-10-02,3416.2000000000003
2160,38,Pro,Google Ads,Sul,19.35,1,38,89.9,No,2024-07-17,3416.2000000000003
2161,36,Pro,Google Ads,Sudeste,18.45,2,42,199.9,Yes,2023-07-04,8395.800000000001
2162,46,Pro,Orgânico,Nordeste,14.01,3,32,199.9,No,2025-07-10,6396.8
2163,42,Pro,Orgânico,Sudeste,13.31,1,35,89.9,No,2023-01-07,3146.5
2164,50,Basic,Indicação,Centro-Oeste,20.83,3,20,89.9,No,2023-05-27,1798.0
2165,49,Enterprise,Orgânico,Sul,12.59,1,20,49.9,No,2024-11-12,998.0
2166,52,Pro,Orgânico,Nordeste,20.34,2,13,49.9,No,2024-01-27,648.6999999999999
2167,61,Basic,Indicação,Sudeste,14.2,4,26,49.9,No,2024-05-02,1297.3999999999999
2168,55,Pro,Orgânico,Norte,21.9,1,48,49.9,No,2024-09-07,2395.2
2169,43,Basic,Instagram,Sul,22.26,1,17,89.9,No,2023-12-26,1528.3000000000002
2170,28,Basic,LinkedIn,Norte,28.47,2,30,89.9,No,2024-04-08,2697.0
2171,52,Basic,Orgânico,Centro-Oeste,8.05,2,4,89.9,Yes,2025-08-31,359.6
2172,25,Pro,Google Ads,Sul,19.16,3,8,49.9,No,2023-06-07,399.2
2173,63,Enterprise,Orgânico,Norte,9.01,3,9,49.9,No,2023-08-15,449.09999999999997
2174,31,Pro,Google Ads,Sul,23.55,1,22,49.9,No,2024-11-10,1097.8
2175,27,Pro,Orgânico,Nordeste,4.78,4,44,49.9,Yes,2025-06-16,2195.6
2176,19,Basic,Instagram,Nordeste,27.98,1,12,49.9,No,2025-09-24,598.8
2177,63,Basic,Instagram,Sudeste,13.44,1,19,89.9,No,2024-01-15,1708.1000000000001
2178,26,Basic,Google Ads,Sudeste,31.99,1,33,49.9,No,2024-08-02,1646.7
2179,20,Pro,Orgânico,Sudeste,20.27,3,4,199.9,No,2024-02-02,799.6
2180,38,Enterprise,Google Ads,Centro-Oeste,22.93,2,2,49.9,No,2023-11-02,99.8
2181,43,Pro,Indicação,Nordeste,17.88,0,7,199.9,No,2023-09-18,1399.3
2182,25,Pro,Indicação,Nordeste,21.37,0,3,89.9,No,2024-04-11,269.70000000000005
2183,19,Enterprise,Instagram,Sudeste,12.86,1,8,89.9,No,2024-09-08,719.2
2184,23,Basic,Orgânico,Nordeste,15.55,2,9,89.9,No,2025-09-21,809.1
2185,45,Pro,Google Ads,Norte,11.29,1,21,89.9,No,2025-06-01,1887.9
2186,46,Pro,Indicação,Sudeste,8.32,1,21,49.9,Yes,2025-09-27,1047.8999999999999
2187,43,Pro,LinkedIn,Sul,17.48,0,32,199.9,No,2023-03-04,6396.8
2188,42,Basic,Google Ads,Sudeste,6.35,2,1,199.9,No,2023-09-24,199.9
2189,29,Pro,Google Ads,Nordeste,15.51,1,22,89.9,No,2024-12-21,1977.8000000000002
2190,22,Pro,Indicação,Sudeste,5.94,2,43,49.9,Yes,2024-06-26,2145.7
2191,51,Basic,Orgânico,Nordeste,25.94,3,2,89.9,No,2025-06-18,179.8
2192,54,Pro,Google Ads,Norte,4.44,2,9,89.9,No,2023-08-06,809.1
2193,32,Basic,Google Ads,Sul,18.0,3,39,49.9,No,2024-02-14,1946.1
2194,61,Enterprise,Orgânico,Sudeste,11.39,3,15,199.9,No,2025-11-01,2998.5
2195,53,Pro,Google Ads,Sudeste,11.44,0,16,49.9,No,2024-12-30,798.4
2196,32,Pro,LinkedIn,Sudeste,17.28,3,44,49.9,No,2025-12-28,2195.6
2197,60,Basic,LinkedIn,Sudeste,7.96,2,10,89.9,No,2023-11-02,899.0
2198,40,Basic,Instagram,Nordeste,36.04,2,9,49.9,No,2025-09-19,449.09999999999997
2199,23,Basic,Indicação,Sudeste,5.22,2,16,49.9,Yes,2023-07-28,798.4
2200,63,Basic,Orgânico,Norte,35.36,0,12,49.9,No,2024-03-13,598.8
2201,61,Basic,LinkedIn,Sudeste,14.0,1,42,89.9,No,2023-05-17,3775.8
2202,60,Pro,Indicação,Sudeste,15.7,1,21,49.9,No,2024-08-14,1047.8999999999999
2203,62,Basic,Indicação,Nordeste,19.56,1,30,89.9,No,2024-07-09,2697.0
2204,38,Pro,LinkedIn,Sudeste,16.73,2,45,89.9,No,2025-11-03,4045.5000000000005
2205,40,Basic,Google Ads,Sudeste,14.58,0,27,49.9,No,2024-12-15,1347.3
2206,60,Pro,Indicação,Centro-Oeste,23.74,6,13,89.9,No,2025-12-12,1168.7
2207,33,Pro,Instagram,Nordeste,9.86,3,28,49.9,No,2023-09-13,1397.2
2208,64,Pro,Google Ads,Sudeste,8.68,3,45,49.9,No,2023-09-03,2245.5
2209,32,Enterprise,Orgânico,Sudeste,8.07,3,23,49.9,Yes,2025-10-03,1147.7
2210,42,Basic,Orgânico,Norte,15.42,8,27,89.9,No,2024-10-01,2427.3
2211,53,Basic,Orgânico,Sul,53.96,2,22,89.9,No,2024-02-06,1977.8000000000002
2212,28,Basic,Instagram,Sudeste,17.98,3,13,89.9,No,2025-05-29,1168.7
2213,32,Basic,Orgânico,Centro-Oeste,32.37,1,41,89.9,No,2023-03-19,3685.9
2214,21,Pro,Indicação,Sul,16.98,4,31,199.9,No,2025-01-11,6196.900000000001
2215,38,Pro,Orgânico,Sudeste,33.87,1,24,49.9,No,2025-05-06,1197.6
2216,30,Pro,Orgânico,Sul,12.21,2,17,199.9,No,2023-11-30,3398.3
2217,39,Basic,Orgânico,Nordeste,25.32,1,42,89.9,No,2023-07-17,3775.8
2218,36,Enterprise,Orgânico,Nordeste,26.71,1,15,89.9,No,2024-12-29,1348.5
2219,51,Enterprise,Google Ads,Sul,26.72,1,40,49.9,No,2023-10-23,1996.0
2220,31,Basic,Indicação,Sul,13.0,1,46,89.9,No,2023-06-07,4135.400000000001
2221,21,Basic,Instagram,Nordeste,23.97,1,16,49.9,No,2025-03-01,798.4
2222,63,Pro,Indicação,Sudeste,23.48,0,7,49.9,No,2024-06-30,349.3
2223,44,Enterprise,Orgânico,Sudeste,25.77,2,14,49.9,No,2025-07-28,698.6
2224,46,Basic,Google Ads,Sudeste,26.07,3,35,89.9,No,2024-02-12,3146.5
2225,64,Basic,LinkedIn,Sudeste,20.42,0,23,89.9,No,2025-07-17,2067.7000000000003
2226,45,Enterprise,Indicação,Sudeste,8.33,0,10,89.9,No,2024-09-25,899.0
2227,52,Pro,Instagram,Sudeste,13.4,0,1,49.9,No,2025-05-05,49.9
2228,25,Basic,Google Ads,Sudeste,13.26,1,11,199.9,No,2023-12-31,2198.9
2229,33,Pro,Google Ads,Nordeste,4.56,3,41,49.9,No,2024-05-01,2045.8999999999999
2230,59,Enterprise,Google Ads,Sudeste,19.38,6,4,49.9,No,2025-05-10,199.6
2231,53,Pro,Indicação,Centro-Oeste,19.97,2,37,49.9,No,2025-10-16,1846.3
2232,47,Pro,LinkedIn,Sudeste,10.26,4,19,49.9,No,2023-04-19,948.1
2233,35,Pro,Google Ads,Sudeste,30.37,0,43,89.9,Yes,2024-09-13,3865.7000000000003
2234,19,Basic,Orgânico,Sul,11.38,0,38,49.9,No,2024-01-15,1896.2
2235,30,Pro,Indicação,Sudeste,20.35,2,23,89.9,No,2025-05-19,2067.7000000000003
2236,21,Basic,LinkedIn,Centro-Oeste,26.0,2,24,89.9,No,2025-05-28,2157.6000000000004
2237,43,Enterprise,Instagram,Nordeste,5.0,4,44,89.9,No,2025-09-17,3955.6000000000004
2238,42,Basic,Indicação,Sudeste,6.42,4,13,89.9,No,2025-11-21,1168.7
2239,47,Enterprise,Instagram,Centro-Oeste,23.51,3,32,89.9,No,2023-01-26,2876.8
2240,28,Basic,Indicação,Sudeste,29.06,1,1,89.9,No,2025-12-10,89.9
2241,24,Pro,Indicação,Nordeste,33.81,2,22,89.9,No,2025-03-14,1977.8000000000002
2242,48,Basic,Google Ads,Nordeste,13.9,4,38,49.9,No,2025-12-18,1896.2
2243,61,Pro,Orgânico,Sudeste,17.7,5,32,89.9,Yes,2024-09-07,2876.8
2244,27,Pro,LinkedIn,Sudeste,10.75,7,42,199.9,No,2023-05-21,8395.800000000001
2245,56,Pro,Instagram,Centro-Oeste,9.6,2,39,89.9,Yes,2024-10-17,3506.1000000000004
2246,30,Pro,Orgânico,Sudeste,28.85,1,48,49.9,No,2024-07-18,2395.2
2247,48,Basic,Instagram,Norte,9.46,1,39,89.9,No,2025-12-23,3506.1000000000004
2248,24,Enterprise,Indicação,Nordeste,24.05,2,13,49.9,No,2025-07-10,648.6999999999999
2249,59,Pro,Indicação,Centro-Oeste,7.81,3,36,89.9,No,2024-11-01,3236.4
2250,59,Pro,Google Ads,Sudeste,18.71,1,47,89.9,No,2023-01-22,4225.3
2251,53,Pro,Orgânico,Sul,20.65,1,21,89.9,No,2023-12-18,1887.9
2252,37,Pro,LinkedIn,Sul,11.65,2,16,49.9,No,2023-06-21,798.4
2253,21,Basic,Instagram,Sudeste,11.95,1,9,49.9,No,2025-01-13,449.09999999999997
2254,24,Pro,Orgânico,Sudeste,14.18,0,4,89.9,No,2023-05-17,359.6
2255,18,Pro,LinkedIn,Norte,8.73,2,25,89.9,No,2024-03-09,2247.5
2256,61,Enterprise,Indicação,Sudeste,13.54,2,16,89.9,No,2023-06-26,1438.4
2257,62,Pro,Orgânico,Nordeste,19.7,4,10,49.9,No,2025-06-22,499.0
2258,59,Basic,Google Ads,Nordeste,21.27,4,10,89.9,No,2024-08-13,899.0
2259,64,Basic,Google Ads,Nordeste,34.94,2,31,89.9,No,2024-08-10,2786.9
2260,30,Basic,Google Ads,Sudeste,14.89,1,25,49.9,No,2025-06-08,1247.5
2261,39,Basic,Orgânico,Sudeste,13.82,2,9,199.9,No,2023-09-28,1799.1000000000001
2262,38,Pro,Google Ads,Sudeste,12.46,2,28,89.9,No,2024-04-17,2517.2000000000003
2263,39,Enterprise,Instagram,Norte,14.96,2,45,199.9,No,2023-12-04,8995.5
2264,45,Basic,Instagram,Nordeste,21.55,3,14,49.9,No,2025-01-18,698.6
2265,26,Pro,Instagram,Sudeste,5.02,1,5,89.9,No,2024-03-22,449.5
2266,43,Enterprise,Indicação,Sudeste,29.78,5,38,89.9,No,2025-03-22,3416.2000000000003
2267,26,Pro,Orgânico,Sudeste,12.88,2,10,49.9,No,2023-06-16,499.0
2268,32,Pro,Instagram,Sudeste,10.28,0,38,199.9,No,2024-12-08,7596.2
2269,27,Pro,Instagram,Nordeste,12.59,2,28,49.9,No,2023-10-01,1397.2
2270,41,Pro,Orgânico,Nordeste,16.01,2,10,49.9,No,2024-05-23,499.0
2271,59,Basic,Instagram,Nordeste,17.99,1,33,89.9,No,2025-08-01,2966.7000000000003
2272,25,Basic,Orgânico,Centro-Oeste,19.23,7,48,49.9,No,2023-11-25,2395.2
2273,41,Basic,LinkedIn,Sudeste,11.56,1,20,199.9,No,2025-11-19,3998.0
2274,33,Basic,Instagram,Sudeste,16.47,1,31,89.9,No,2023-12-02,2786.9
2275,43,Enterprise,Orgânico,Nordeste,8.1,1,7,49.9,No,2025-11-14,349.3
2276,44,Pro,Instagram,Nordeste,9.67,0,27,199.9,No,2023-12-17,5397.3
2277,54,Basic,Google Ads,Sul,68.91,3,8,49.9,No,2024-04-18,399.2
2278,21,Pro,Google Ads,Sudeste,5.5,3,14,89.9,Yes,2023-10-13,1258.6000000000001
2279,41,Basic,Orgânico,Sul,21.36,2,8,49.9,Yes,2023-08-16,399.2
2280,36,Pro,Orgânico,Nordeste,9.9,2,3,49.9,No,2025-07-25,149.7
2281,53,Pro,Instagram,Sudeste,14.0,2,4,49.9,No,2023-12-18,199.6
2282,56,Basic,Orgânico,Centro-Oeste,18.51,2,20,49.9,No,2024-09-07,998.0
2283,27,Basic,LinkedIn,Sudeste,14.5,0,13,49.9,No,2024-06-29,648.6999999999999
2284,42,Pro,Instagram,Nordeste,15.79,1,6,89.9,No,2023-01-28,539.4000000000001
2285,35,Pro,Indicação,Sudeste,31.15,2,4,89.9,Yes,2024-11-30,359.6
2286,36,Basic,Indicação,Sudeste,17.44,1,21,49.9,No,2025-01-28,1047.8999999999999
2287,53,Pro,LinkedIn,Sudeste,3.31,2,22,49.9,No,2024-07-19,1097.8
2288,27,Pro,Google Ads,Sudeste,40.74,0,43,49.9,No,2025-09-08,2145.7
2289,50,Basic,Google Ads,Nordeste,22.81,2,19,49.9,No,2023-05-16,948.1
2290,22,Basic,Orgânico,Nordeste,14.14,2,23,49.9,No,2025-11-18,1147.7
2291,64,Basic,Orgânico,Sudeste,20.55,4,17,89.9,No,2025-10-13,1528.3000000000002
2292,52,Enterprise,Indicação,Sudeste,14.85,1,4,49.9,No,2025-10-04,199.6
2293,61,Enterprise,Orgânico,Sul,24.99,1,32,89.9,No,2025-11-21,2876.8
2294,51,Enterprise,Indicação,Nordeste,24.69,2,29,49.9,No,2025-04-05,1447.1
2295,50,Pro,Orgânico,Sudeste,17.16,1,31,49.9,No,2025-07-10,1546.8999999999999
2296,38,Pro,Google Ads,Nordeste,16.02,3,21,49.9,No,2025-05-07,1047.8999999999999
2297,34,Pro,Instagram,Sudeste,9.28,0,10,199.9,No,2025-01-25,1999.0
2298,39,Enterprise,LinkedIn,Sudeste,8.25,0,41,89.9,No,2023-07-15,3685.9
2299,54,Basic,Instagram,Sudeste,19.02,1,37,199.9,No,2024-03-17,7396.3
2300,32,Pro,Indicação,Sul,20.98,5,46,49.9,No,2023-01-27,2295.4
2301,52,Pro,Orgânico,Sudeste,19.68,2,10,49.9,No,2025-11-26,499.0
2302,45,Pro,Instagram,Sudeste,23.36,2,36,89.9,No,2023-03-19,3236.4
2303,24,Basic,Orgânico,Sul,25.06,1,28,49.9,No,2023-01-08,1397.2
2304,49,Pro,LinkedIn,Nordeste,24.78,0,20,49.9,No,2023-09-14,998.0
2305,28,Pro,LinkedIn,Sudeste,28.85,1,23,89.9,No,2024-03-30,2067.7000000000003
2306,27,Pro,Indicação,Sudeste,36.04,4,4,49.9,Yes,2024-04-12,199.6
2307,26,Pro,Instagram,Nordeste,24.6,1,26,89.9,No,2025-07-16,2337.4
2308,31,Basic,Instagram,Norte,12.97,1,44,199.9,No,2024-12-23,8795.6
2309,30,Enterprise,LinkedIn,Sudeste,27.46,2,43,49.9,No,2025-09-27,2145.7
2310,42,Pro,Orgânico,Nordeste,14.32,2,22,49.9,No,2024-06-18,1097.8
2311,19,Pro,Indicação,Centro-Oeste,29.75,2,46,89.9,No,2024-01-11,4135.400000000001
2312,52,Basic,Instagram,Norte,45.17,1,28,89.9,No,2023-07-26,2517.2000000000003
2313,24,Basic,Google Ads,Sudeste,28.75,8,9,49.9,No,2023-05-08,449.09999999999997
2314,38,Pro,Orgânico,Norte,28.31,2,21,89.9,No,2023-05-01,1887.9
2315,35,Basic,LinkedIn,Sudeste,17.15,0,5,49.9,No,2025-09-15,249.5
2316,20,Pro,Orgânico,Sudeste,14.92,3,20,89.9,No,2023-10-29,1798.0
2317,59,Basic,LinkedIn,Sudeste,10.5,2,41,49.9,Yes,2025-11-02,2045.8999999999999
2318,56,Pro,Indicação,Sudeste,42.56,2,18,49.9,No,2024-07-04,898.1999999999999
2319,58,Pro,Indicação,Centro-Oeste,16.48,2,32,49.9,No,2023-12-16,1596.8
2320,28,Basic,Instagram,Sudeste,19.73,1,25,49.9,No,2024-12-13,1247.5
2321,56,Pro,Indicação,Sudeste,9.54,3,44,49.9,Yes,2024-10-03,2195.6
2322,41,Pro,LinkedIn,Sul,11.88,2,40,89.9,No,2024-08-08,3596.0
2323,63,Pro,Indicação,Sudeste,25.14,4,4,199.9,No,2023-09-24,799.6
2324,36,Basic,Orgânico,Sudeste,23.17,5,13,49.9,No,2023-07-18,648.6999999999999
2325,21,Pro,Google Ads,Sudeste,26.48,0,4,49.9,No,2025-07-08,199.6
2326,43,Basic,Indicação,Sudeste,16.96,1,26,89.9,No,2025-01-28,2337.4
2327,55,Basic,Google Ads,Sul,31.07,1,1,49.9,No,2025-10-28,49.9
2328,59,Basic,Google Ads,Sudeste,11.03,2,14,89.9,No,2023-08-05,1258.6000000000001
2329,49,Pro,Indicação,Nordeste,31.37,1,16,89.9,Yes,2025-08-03,1438.4
2330,56,Basic,Google Ads,Sudeste,22.02,2,34,49.9,No,2025-08-22,1696.6
2331,62,Enterprise,LinkedIn,Sul,16.21,0,5,199.9,No,2024-06-20,999.5
2332,63,Basic,Google Ads,Sudeste,15.97,0,31,49.9,No,2024-05-11,1546.8999999999999
2333,53,Basic,Instagram,Sudeste,12.32,2,42,199.9,No,2024-05-30,8395.800000000001
2334,57,Pro,Google Ads,Sudeste,10.83,4,17,49.9,No,2023-03-08,848.3
2335,54,Basic,Google Ads,Norte,16.57,4,25,49.9,No,2024-06-02,1247.5
2336,50,Pro,Orgânico,Nordeste,5.7,1,28,49.9,No,2023-10-27,1397.2
2337,53,Basic,Indicação,Centro-Oeste,24.82,4,17,89.9,No,2023-07-29,1528.3000000000002
2338,20,Basic,Orgânico,Sudeste,23.78,2,40,49.9,No,2023-01-17,1996.0
2339,26,Basic,Google Ads,Sudeste,32.53,3,22,199.9,No,2023-05-16,4397.8
2340,25,Basic,Orgânico,Sudeste,14.9,2,20,49.9,No,2025-08-10,998.0
2341,50,Basic,Indicação,Nordeste,24.21,1,46,89.9,No,2023-12-01,4135.400000000001
2342,23,Pro,Instagram,Nordeste,20.5,6,41,49.9,No,2025-07-16,2045.8999999999999
2343,58,Pro,Indicação,Sudeste,9.11,2,17,199.9,No,2023-09-03,3398.3
2344,56,Pro,Indicação,Sudeste,23.49,3,46,89.9,No,2025-11-29,4135.400000000001
2345,21,Pro,LinkedIn,Sudeste,20.32,2,4,89.9,Yes,2024-12-12,359.6
2346,30,Pro,Indicação,Sul,21.46,3,11,49.9,No,2024-10-22,548.9
2347,19,Enterprise,Instagram,Nordeste,17.56,1,39,49.9,No,2023-11-20,1946.1
2348,22,Basic,Instagram,Sudeste,16.13,1,14,89.9,Yes,2023-09-18,1258.6000000000001
2349,61,Basic,LinkedIn,Sudeste,20.65,3,32,49.9,No,2024-01-19,1596.8
2350,44,Basic,Orgânico,Nordeste,28.96,2,46,49.9,No,2024-05-09,2295.4
2351,49,Basic,Instagram,Sul,22.68,1,17,199.9,No,2025-10-30,3398.3
2352,38,Basic,Instagram,Sudeste,28.78,1,47,89.9,No,2025-11-19,4225.3
2353,25,Pro,Indicação,Sul,26.13,3,27,89.9,No,2024-07-27,2427.3
2354,55,Pro,Orgânico,Sudeste,24.68,0,46,89.9,No,2024-03-12,4135.400000000001
2355,25,Enterprise,Indicação,Sul,26.11,2,22,49.9,No,2025-10-21,1097.8
2356,20,Basic,Google Ads,Sudeste,31.13,3,40,199.9,No,2024-09-20,7996.0
2357,61,Basic,Indicação,Nordeste,37.45,1,2,89.9,Yes,2025-08-05,179.8
2358,20,Enterprise,LinkedIn,Centro-Oeste,36.83,3,41,49.9,No,2025-02-11,2045.8999999999999
2359,39,Pro,LinkedIn,Sudeste,28.99,2,14,49.9,No,2024-12-21,698.6
2360,23,Pro,LinkedIn,Nordeste,22.59,0,45,49.9,No,2025-10-29,2245.5
2361,19,Pro,Indicação,Sudeste,6.82,2,38,49.9,No,2023-11-23,1896.2
2362,40,Pro,Orgânico,Nordeste,27.82,1,3,49.9,No,2025-02-22,149.7
2363,61,Pro,Indicação,Sudeste,9.61,0,36,49.9,Yes,2024-03-06,1796.3999999999999
2364,19,Basic,LinkedIn,Sudeste,16.65,1,39,49.9,No,2025-11-02,1946.1
2365,55,Pro,Instagram,Sul,24.02,1,6,199.9,No,2025-06-07,1199.4
2366,34,Pro,Google Ads,Sul,31.25,2,23,89.9,No,2024-09-20,2067.7000000000003
2367,52,Basic,Orgânico,Norte,40.83,2,21,89.9,No,2025-02-09,1887.9
2368,51,Pro,LinkedIn,Sudeste,11.69,4,5,49.9,No,2023-06-10,249.5
2369,40,Basic,LinkedIn,Sudeste,19.26,1,11,49.9,No,2023-08-07,548.9
2370,47,Enterprise,Orgânico,Sudeste,11.95,2,26,49.9,No,2024-10-09,1297.3999999999999
2371,25,Basic,Google Ads,Sudeste,17.13,3,39,49.9,No,2023-01-30,1946.1
2372,39,Enterprise,Orgânico,Nordeste,34.01,1,45,199.9,No,2023-10-02,8995.5
2373,61,Pro,Orgânico,Norte,13.86,2,37,49.9,No,2024-06-09,1846.3
2374,53,Basic,Orgânico,Sudeste,16.08,2,48,89.9,No,2024-02-12,4315.200000000001
2375,22,Basic,Google Ads,Sul,16.61,1,15,89.9,No,2025-10-20,1348.5
2376,30,Pro,LinkedIn,Sudeste,16.71,3,40,89.9,No,2023-04-30,3596.0
2377,46,Enterprise,Google Ads,Sudeste,9.78,1,22,89.9,No,2024-10-13,1977.8000000000002
2378,48,Basic,LinkedIn,Sudeste,42.48,1,4,49.9,No,2024-07-11,199.6
2379,64,Basic,Indicação,Sudeste,47.46,2,45,89.9,No,2024-01-08,4045.5000000000005
2380,33,Pro,Google Ads,Nordeste,24.45,1,25,89.9,No,2024-07-22,2247.5
2381,59,Pro,Indicação,Sudeste,14.52,2,15,49.9,No,2025-08-03,748.5
2382,47,Basic,Instagram,Sudeste,18.34,1,34,89.9,No,2023-01-19,3056.6000000000004
2383,33,Pro,Orgânico,Sudeste,8.37,2,5,49.9,Yes,2023-05-21,249.5
2384,29,Pro,LinkedIn,Nordeste,20.47,1,3,49.9,No,2025-09-10,149.7
2385,34,Basic,Instagram,Sudeste,23.91,4,19,89.9,No,2025-03-14,1708.1000000000001
2386,33,Pro,Instagram,Sudeste,23.79,2,5,199.9,Yes,2023-01-24,999.5
2387,29,Basic,Orgânico,Sudeste,11.16,4,38,89.9,No,2025-05-08,3416.2000000000003
2388,25,Pro,LinkedIn,Sudeste,32.44,2,19,49.9,No,2025-01-22,948.1
2389,37,Pro,Instagram,Sudeste,33.24,0,8,89.9,No,2024-09-09,719.2
2390,20,Pro,Google Ads,Norte,21.55,3,21,49.9,No,2024-04-11,1047.8999999999999
2391,33,Basic,Instagram,Nordeste,19.13,3,8,49.9,No,2024-05-13,399.2
2392,47,Basic,Orgânico,Centro-Oeste,17.88,3,4,49.9,No,2023-02-06,199.6
2393,62,Pro,Orgânico,Nordeste,13.92,1,20,49.9,No,2025-11-09,998.0
2394,40,Pro,Google Ads,Centro-Oeste,48.96,2,36,89.9,No,2025-02-04,3236.4
2395,45,Pro,Instagram,Nordeste,14.22,3,6,49.9,No,2023-02-24,299.4
2396,57,Pro,Google Ads,Sudeste,22.06,2,19,89.9,No,2023-02-27,1708.1000000000001
2397,22,Basic,Orgânico,Sudeste,5.41,2,6,49.9,Yes,2025-01-14,299.4
2398,37,Basic,LinkedIn,Sul,8.39,2,24,49.9,No,2023-09-25,1197.6
2399,57,Basic,Orgânico,Sudeste,27.58,4,5,49.9,Yes,2024-02-27,249.5
2400,61,Basic,Indicação,Sudeste,16.58,4,29,49.9,No,2023-02-04,1447.1
2401,18,Pro,Orgânico,Centro-Oeste,9.82,1,4,49.9,No,2024-03-15,199.6
2402,47,Basic,Orgânico,Sudeste,36.19,4,26,89.9,Yes,2023-09-13,2337.4
2403,38,Basic,Google Ads,Centro-Oeste,18.36,2,46,89.9,No,2024-03-25,4135.400000000001
2404,37,Pro,Orgânico,Nordeste,15.74,2,19,49.9,No,2025-01-13,948.1
2405,23,Basic,Orgânico,Sul,33.65,3,46,199.9,No,2024-03-20,9195.4
2406,39,Pro,Instagram,Sudeste,15.59,1,18,49.9,No,2025-01-22,898.1999999999999
2407,35,Basic,Orgânico,Sudeste,24.02,2,6,49.9,No,2025-12-10,299.4
2408,25,Basic,Indicação,Sudeste,23.64,2,46,89.9,No,2023-05-11,4135.400000000001
2409,56,Basic,Orgânico,Sudeste,19.49,2,31,49.9,No,2024-06-03,1546.8999999999999
2410,49,Basic,Google Ads,Nordeste,5.24,2,1,49.9,Yes,2024-03-25,49.9
2411,50,Pro,Indicação,Sudeste,12.2,4,6,49.9,No,2025-12-08,299.4
2412,33,Pro,Google Ads,Nordeste,24.34,0,37,199.9,No,2024-02-07,7396.3
2413,29,Basic,Orgânico,Nordeste,31.77,2,2,89.9,No,2025-10-19,179.8
2414,55,Basic,Orgânico,Sudeste,22.92,1,43,199.9,No,2023-08-20,8595.7
2415,51,Basic,Indicação,Centro-Oeste,18.9,3,37,49.9,No,2024-06-07,1846.3
2416,31,Basic,LinkedIn,Sul,6.87,3,48,49.9,No,2023-09-13,2395.2
2417,53,Basic,Indicação,Nordeste,8.69,2,23,89.9,Yes,2023-09-09,2067.7000000000003
2418,50,Pro,Instagram,Sudeste,49.76,2,44,49.9,No,2023-12-23,2195.6
2419,40,Pro,Indicação,Centro-Oeste,2.48,3,44,49.9,Yes,2025-07-11,2195.6
2420,62,Basic,Indicação,Sudeste,5.5,1,27,199.9,No,2023-10-06,5397.3
2421,19,Pro,Google Ads,Norte,32.16,4,27,49.9,No,2025-12-22,1347.3
2422,58,Enterprise,Google Ads,Sudeste,13.79,2,37,199.9,No,2024-01-26,7396.3
2423,38,Basic,Indicação,Sul,7.21,3,24,49.9,No,2025-07-14,1197.6
2424,19,Pro,Instagram,Sudeste,24.32,3,27,49.9,No,2024-01-01,1347.3
2425,44,Pro,Orgânico,Nordeste,22.22,3,31,49.9,No,2025-08-04,1546.8999999999999
2426,26,Basic,Instagram,Centro-Oeste,13.63,3,30,89.9,No,2023-04-20,2697.0
2427,18,Enterprise,Google Ads,Norte,4.78,0,24,49.9,No,2023-12-05,1197.6
2428,28,Basic,Indicação,Nordeste,16.04,0,1,89.9,No,2023-12-07,89.9
2429,20,Basic,Indicação,Sudeste,30.0,1,40,89.9,No,2024-10-10,3596.0
2430,40,Pro,LinkedIn,Sudeste,20.24,0,32,89.9,No,2023-09-18,2876.8
2431,43,Basic,Indicação,Sul,19.45,1,15,89.9,No,2024-09-22,1348.5
2432,21,Basic,LinkedIn,Norte,19.89,3,24,89.9,No,2023-12-13,2157.6000000000004
2433,35,Basic,Indicação,Norte,28.33,4,11,89.9,No,2023-03-26,988.9000000000001
2434,23,Pro,Google Ads,Sudeste,9.07,4,43,89.9,Yes,2023-06-29,3865.7000000000003
2435,52,Pro,Instagram,Centro-Oeste,12.31,3,38,199.9,No,2024-03-17,7596.2
2436,39,Pro,Google Ads,Nordeste,23.23,1,48,89.9,No,2024-12-21,4315.200000000001
2437,60,Enterprise,Google Ads,Sudeste,9.15,7,30,49.9,No,2023-06-18,1497.0
2438,32,Basic,Google Ads,Nordeste,29.16,1,18,89.9,No,2024-06-12,1618.2
2439,39,Basic,Google Ads,Sul,6.64,1,47,199.9,No,2025-12-07,9395.300000000001
2440,54,Pro,Orgânico,Nordeste,28.07,2,33,199.9,No,2025-08-14,6596.7
2441,59,Pro,Instagram,Sudeste,17.86,0,42,89.9,No,2025-01-30,3775.8
2442,29,Basic,Google Ads,Sudeste,11.24,2,3,49.9,No,2024-09-23,149.7
2443,64,Basic,Orgânico,Sudeste,22.57,1,2,49.9,No,2025-04-11,99.8
2444,59,Pro,Instagram,Sudeste,17.39,0,11,49.9,No,2023-04-12,548.9
2445,55,Enterprise,Instagram,Sudeste,15.99,1,21,49.9,No,2024-07-25,1047.8999999999999
2446,35,Pro,Instagram,Nordeste,6.1,2,23,199.9,No,2023-10-26,4597.7
2447,62,Basic,Instagram,Sudeste,16.83,2,1,89.9,No,2023-02-22,89.9
2448,52,Enterprise,Instagram,Centro-Oeste,10.88,1,7,49.9,No,2025-08-11,349.3
2449,47,Enterprise,Instagram,Sudeste,15.44,1,47,49.9,No,2024-01-28,2345.2999999999997
2450,41,Pro,Orgânico,Norte,21.07,3,27,49.9,No,2024-04-15,1347.3
2451,59,Pro,Google Ads,Sul,34.69,1,17,199.9,No,2024-02-09,3398.3
2452,47,Pro,Google Ads,Sudeste,7.16,0,35,89.9,No,2024-02-23,3146.5
2453,31,Enterprise,LinkedIn,Sul,16.78,1,16,49.9,No,2024-11-04,798.4
2454,23,Pro,Instagram,Sudeste,14.97,1,3,89.9,Yes,2025-02-03,269.70000000000005
2455,20,Pro,Instagram,Sudeste,9.2,4,12,89.9,No,2025-05-17,1078.8000000000002
2456,33,Pro,Orgânico,Norte,22.79,2,22,89.9,No,2023-12-29,1977.8000000000002
2457,24,Pro,Orgânico,Sul,30.19,1,20,89.9,No,2023-08-18,1798.0
2458,31,Pro,Orgânico,Sudeste,17.93,2,33,89.9,No,2024-09-12,2966.7000000000003
2459,26,Pro,Google Ads,Nordeste,14.46,0,7,49.9,No,2025-02-05,349.3
2460,32,Enterprise,Orgânico,Sudeste,36.23,2,37,199.9,No,2025-07-27,7396.3
2461,38,Pro,Instagram,Nordeste,25.36,0,7,49.9,Yes,2023-05-11,349.3
2462,52,Pro,Google Ads,Nordeste,33.49,0,23,199.9,No,2023-12-05,4597.7
2463,19,Basic,LinkedIn,Nordeste,21.48,1,1,199.9,No,2023-07-21,199.9
2464,44,Pro,Indicação,Sudeste,11.57,4,41,49.9,No,2023-05-09,2045.8999999999999
2465,19,Pro,Google Ads,Sudeste,18.82,1,12,89.9,No,2023-11-24,1078.8000000000002
2466,52,Basic,Indicação,Sudeste,13.26,1,33,199.9,No,2025-09-15,6596.7
2467,35,Pro,Orgânico,Sudeste,12.05,2,15,89.9,No,2024-11-07,1348.5
2468,31,Basic,Instagram,Sul,13.56,2,27,89.9,No,2023-04-29,2427.3
2469,37,Basic,Indicação,Nordeste,11.67,1,16,199.9,No,2023-05-19,3198.4
2470,35,Pro,Instagram,Sudeste,6.66,3,15,89.9,No,2025-03-29,1348.5
2471,27,Basic,Instagram,Sudeste,26.93,2,24,49.9,No,2024-05-23,1197.6
2472,42,Basic,Instagram,Sudeste,28.55,1,45,89.9,No,2023-09-24,4045.5000000000005
2473,19,Basic,Indicação,Sudeste,17.21,3,44,49.9,No,2024-05-02,2195.6
2474,42,Basic,Instagram,Sudeste,9.52,4,33,49.9,Yes,2025-05-31,1646.7
2475,50,Pro,Orgânico,Nordeste,23.69,2,14,49.9,No,2025-11-12,698.6
2476,53,Pro,Orgânico,Sudeste,11.6,2,11,49.9,No,2024-02-24,548.9
2477,48,Enterprise,Orgânico,Nordeste,19.03,1,26,49.9,No,2023-02-21,1297.3999999999999
2478,31,Basic,Google Ads,Centro-Oeste,4.94,1,12,49.9,No,2023-02-01,598.8
2479,18,Basic,Google Ads,Norte,24.28,3,34,89.9,No,2025-01-20,3056.6000000000004
2480,63,Basic,Instagram,Sul,21.8,2,37,49.9,No,2025-04-20,1846.3
2481,33,Pro,Indicação,Sul,14.52,3,37,89.9,No,2025-03-30,3326.3
2482,63,Pro,Orgânico,Sudeste,10.13,1,41,199.9,No,2025-01-02,8195.9
2483,20,Enterprise,Orgânico,Norte,29.48,2,27,89.9,No,2025-11-25,2427.3
2484,52,Pro,LinkedIn,Nordeste,57.06,4,16,89.9,No,2025-10-18,1438.4
2485,58,Pro,Google Ads,Centro-Oeste,19.01,0,39,89.9,No,2025-03-31,3506.1000000000004
2486,23,Pro,Orgânico,Sul,6.73,0,12,49.9,No,2024-05-30,598.8
2487,42,Enterprise,Google Ads,Sudeste,9.07,1,47,49.9,No,2024-11-13,2345.2999999999997
2488,30,Basic,Google Ads,Sudeste,16.6,2,29,199.9,No,2025-03-31,5797.1
2489,51,Basic,Orgânico,Sudeste,11.84,5,2,89.9,No,2024-08-19,179.8
2490,25,Pro,LinkedIn,Sudeste,10.83,2,6,199.9,No,2023-07-09,1199.4
2491,38,Pro,Google Ads,Sudeste,15.95,1,10,49.9,No,2025-08-06,499.0
2492,51,Enterprise,Instagram,Centro-Oeste,20.74,3,33,49.9,No,2024-01-29,1646.7
2493,21,Pro,Google Ads,Norte,13.38,3,2,89.9,Yes,2023-07-04,179.8
2494,42,Basic,Indicação,Centro-Oeste,9.83,2,18,199.9,No,2023-03-06,3598.2000000000003
2495,32,Enterprise,Instagram,Centro-Oeste,34.42,1,16,89.9,No,2025-12-21,1438.4
2496,21,Pro,Orgânico,Norte,38.43,3,6,89.9,No,2025-05-02,539.4000000000001
2497,62,Basic,Instagram,Sudeste,8.03,3,15,89.9,No,2023-04-18,1348.5
2498,29,Enterprise,LinkedIn,Sul,48.98,0,14,89.9,No,2023-09-16,1258.6000000000001
2499,49,Basic,Google Ads,Nordeste,3.78,0,3,49.9,No,2025-09-07,149.7
2500,49,Basic,Instagram,Sudeste,8.67,1,41,49.9,Yes,2023-09-18,2045.8999999999999
2501,45,Enterprise,Indicação,Sudeste,23.77,2,8,89.9,No,2024-03-01,719.2
2502,30,Pro,Indicação,Sudeste,21.11,3,39,89.9,No,2024-04-08,3506.1000000000004
2503,48,Basic,Google Ads,Sudeste,52.99,2,46,49.9,No,2023-11-15,2295.4
2504,31,Basic,LinkedIn,Sudeste,23.73,5,37,49.9,Yes,2023-08-26,1846.3
2505,37,Pro,Orgânico,Sudeste,19.76,0,19,89.9,No,2024-10-03,1708.1000000000001
2506,35,Basic,Instagram,Sudeste,13.95,2,47,49.9,No,2024-08-09,2345.2999999999997
2507,46,Pro,Google Ads,Sudeste,12.57,3,43,49.9,No,2025-12-30,2145.7
2508,23,Pro,Instagram,Norte,24.03,0,2,49.9,Yes,2024-10-05,99.8
2509,49,Basic,Indicação,Norte,17.31,1,37,89.9,No,2023-11-12,3326.3
2510,46,Pro,Google Ads,Nordeste,9.94,3,37,49.9,No,2023-08-20,1846.3
2511,60,Enterprise,Instagram,Norte,30.16,2,3,49.9,No,2024-01-27,149.7
2512,19,Pro,Indicação,Sudeste,9.95,3,44,49.9,No,2023-08-08,2195.6
2513,40,Basic,Orgânico,Nordeste,11.94,3,34,89.9,No,2025-04-04,3056.6000000000004
2514,36,Basic,Instagram,Sudeste,23.74,2,34,49.9,No,2025-03-30,1696.6
2515,48,Pro,Google Ads,Nordeste,9.71,2,44,89.9,No,2023-03-15,3955.6000000000004
2516,22,Enterprise,LinkedIn,Sudeste,45.67,2,37,49.9,No,2025-08-21,1846.3
2517,36,Basic,Instagram,Nordeste,22.96,2,48,49.9,No,2025-05-16,2395.2
2518,51,Basic,Google Ads,Sul,31.67,0,44,49.9,No,2024-08-27,2195.6
2519,27,Basic,LinkedIn,Sudeste,15.92,1,33,49.9,No,2023-03-18,1646.7
2520,42,Pro,Orgânico,Nordeste,30.82,1,22,49.9,No,2024-06-14,1097.8
2521,19,Basic,Orgânico,Nordeste,13.43,3,47,89.9,No,2024-07-16,4225.3
2522,28,Pro,Google Ads,Sudeste,15.21,3,1,49.9,No,2024-12-14,49.9
2523,48,Basic,Orgânico,Centro-Oeste,48.95,2,45,49.9,No,2023-03-16,2245.5
2524,32,Pro,Google Ads,Sudeste,40.94,4,48,49.9,No,2024-05-30,2395.2
2525,26,Pro,Instagram,Centro-Oeste,19.74,1,19,199.9,No,2024-06-14,3798.1
2526,40,Pro,Orgânico,Sul,25.47,1,42,89.9,No,2023-09-11,3775.8
2527,36,Basic,Orgânico,Nordeste,19.38,1,37,89.9,Yes,2024-04-16,3326.3
2528,26,Pro,Google Ads,Sudeste,7.14,2,15,49.9,Yes,2025-09-27,748.5
2529,52,Basic,Google Ads,Norte,13.47,1,18,199.9,No,2023-11-16,3598.2000000000003
2530,38,Basic,Instagram,Sudeste,55.91,3,16,89.9,No,2023-09-17,1438.4
2531,26,Pro,LinkedIn,Sudeste,32.83,7,35,49.9,No,2025-06-19,1746.5
2532,45,Pro,Orgânico,Sudeste,22.62,2,39,89.9,No,2023-10-11,3506.1000000000004
2533,63,Basic,Google Ads,Sudeste,16.57,1,11,49.9,No,2023-06-09,548.9
2534,24,Basic,Instagram,Sudeste,16.21,0,7,49.9,No,2025-11-27,349.3
2535,33,Pro,Instagram,Nordeste,35.92,1,30,89.9,No,2025-05-05,2697.0
2536,33,Pro,Google Ads,Sudeste,20.96,2,46,89.9,No,2025-11-02,4135.400000000001
2537,50,Basic,Orgânico,Sudeste,16.55,3,5,49.9,No,2023-04-27,249.5
2538,21,Pro,Orgânico,Sul,15.07,1,2,199.9,No,2023-01-27,399.8
2539,21,Basic,Google Ads,Sul,10.77,3,45,89.9,No,2025-07-17,4045.5000000000005
2540,56,Pro,Google Ads,Sudeste,12.04,2,1,89.9,No,2025-03-20,89.9
2541,57,Enterprise,Google Ads,Nordeste,29.39,1,19,199.9,No,2024-07-14,3798.1
2542,34,Basic,LinkedIn,Sudeste,15.33,5,47,89.9,No,2025-10-17,4225.3
2543,54,Pro,Google Ads,Sudeste,17.3,0,23,199.9,No,2023-04-19,4597.7
2544,56,Pro,LinkedIn,Sul,15.78,1,38,89.9,No,2025-02-24,3416.2000000000003
2545,46,Pro,Instagram,Nordeste,29.3,3,16,49.9,Yes,2024-04-25,798.4
2546,53,Pro,Google Ads,Nordeste,18.4,3,14,49.9,No,2024-07-25,698.6
2547,55,Enterprise,Orgânico,Norte,49.22,1,4,49.9,No,2024-12-13,199.6
2548,56,Basic,Google Ads,Sul,11.67,3,6,89.9,No,2025-10-12,539.4000000000001
2549,54,Basic,Orgânico,Norte,21.27,2,4,89.9,No,2023-01-28,359.6
2550,52,Basic,LinkedIn,Nordeste,17.78,2,5,89.9,Yes,2023-06-04,449.5
2551,24,Enterprise,Orgânico,Nordeste,7.1,1,35,89.9,Yes,2025-10-31,3146.5
2552,44,Pro,Google Ads,Sul,22.23,1,26,49.9,No,2023-10-15,1297.3999999999999
2553,45,Pro,Indicação,Nordeste,8.72,3,9,199.9,No,2025-07-13,1799.1000000000001
2554,39,Basic,Google Ads,Sudeste,18.22,2,5,49.9,No,2023-07-19,249.5
2555,31,Enterprise,Orgânico,Sudeste,6.76,6,25,49.9,No,2025-10-26,1247.5
2556,24,Pro,Indicação,Sudeste,16.63,1,45,89.9,No,2025-10-23,4045.5000000000005
2557,54,Pro,Instagram,Nordeste,19.71,4,18,89.9,No,2023-04-29,1618.2
2558,39,Basic,Instagram,Norte,18.17,0,38,199.9,No,2024-11-14,7596.2
2559,22,Basic,Orgânico,Nordeste,14.22,1,30,89.9,No,2025-02-13,2697.0
2560,19,Pro,Orgânico,Centro-Oeste,11.66,3,32,49.9,No,2024-05-29,1596.8
2561,44,Pro,Orgânico,Centro-Oeste,7.37,4,35,199.9,Yes,2023-04-01,6996.5
2562,38,Basic,Orgânico,Centro-Oeste,22.02,1,20,49.9,No,2023-02-17,998.0
2563,55,Pro,Orgânico,Sudeste,20.54,3,31,49.9,No,2024-11-08,1546.8999999999999
2564,32,Basic,LinkedIn,Sudeste,2.64,0,20,89.9,No,2025-03-11,1798.0
2565,38,Pro,Google Ads,Nordeste,18.32,3,27,89.9,No,2024-04-09,2427.3
2566,27,Pro,Google Ads,Sul,41.28,2,17,49.9,No,2023-12-18,848.3
2567,40,Basic,Indicação,Nordeste,17.18,2,15,49.9,No,2023-12-27,748.5
2568,56,Pro,Instagram,Nordeste,34.99,2,12,49.9,No,2023-10-24,598.8
2569,22,Basic,LinkedIn,Sudeste,17.92,3,11,89.9,No,2025-01-29,988.9000000000001
2570,18,Basic,Google Ads,Norte,14.76,1,42,89.9,No,2024-08-19,3775.8
2571,30,Pro,Indicação,Sudeste,31.26,1,8,89.9,No,2024-08-26,719.2
2572,38,Basic,Google Ads,Sudeste,24.47,2,3,199.9,No,2024-03-29,599.7
2573,43,Basic,LinkedIn,Sudeste,15.24,3,33,89.9,No,2025-05-17,2966.7000000000003
2574,62,Basic,LinkedIn,Norte,8.39,2,25,49.9,No,2025-12-15,1247.5
2575,38,Basic,Google Ads,Norte,8.34,3,38,49.9,No,2025-07-19,1896.2
2576,35,Basic,Orgânico,Sudeste,12.59,3,41,89.9,No,2025-01-26,3685.9
2577,54,Basic,LinkedIn,Sudeste,22.11,1,17,89.9,No,2024-10-30,1528.3000000000002
2578,62,Pro,Orgânico,Sudeste,29.4,2,32,199.9,No,2024-11-18,6396.8
2579,49,Basic,Instagram,Sudeste,26.84,1,22,49.9,No,2025-04-25,1097.8
2580,53,Pro,Google Ads,Sudeste,23.66,2,43,199.9,No,2023-12-08,8595.7
2581,34,Basic,Google Ads,Centro-Oeste,13.52,2,3,49.9,Yes,2025-07-03,149.7
2582,52,Basic,Google Ads,Nordeste,11.63,1,24,199.9,No,2023-04-29,4797.6
2583,28,Basic,Google Ads,Nordeste,13.42,2,20,89.9,No,2025-08-28,1798.0
2584,38,Enterprise,Google Ads,Sudeste,20.29,1,15,49.9,No,2023-10-13,748.5
2585,43,Pro,Orgânico,Sudeste,25.73,2,45,89.9,No,2025-08-22,4045.5000000000005
2586,21,Pro,Orgânico,Nordeste,18.11,3,45,199.9,No,2024-08-13,8995.5
2587,51,Basic,Orgânico,Centro-Oeste,20.92,0,41,49.9,No,2023-03-09,2045.8999999999999
2588,35,Pro,Orgânico,Sudeste,3.34,1,6,49.9,No,2025-12-23,299.4
2589,57,Basic,LinkedIn,Sudeste,38.3,1,42,199.9,No,2024-11-05,8395.800000000001
2590,52,Basic,LinkedIn,Nordeste,25.2,1,2,49.9,No,2025-01-20,99.8
2591,58,Pro,Google Ads,Sudeste,26.26,4,33,89.9,No,2025-04-19,2966.7000000000003
2592,46,Basic,Google Ads,Centro-Oeste,22.75,2,14,199.9,No,2025-07-31,2798.6
2593,46,Enterprise,Orgânico,Sudeste,27.18,4,8,89.9,No,2025-02-23,719.2
2594,55,Basic,Orgânico,Sul,13.89,0,18,89.9,No,2023-07-16,1618.2
2595,59,Enterprise,Orgânico,Centro-Oeste,14.6,1,9,89.9,No,2024-12-04,809.1
2596,38,Pro,Orgânico,Sul,9.35,2,47,89.9,Yes,2025-09-17,4225.3
2597,59,Pro,Instagram,Sudeste,20.42,1,10,89.9,No,2025-01-27,899.0
2598,30,Basic,LinkedIn,Sudeste,15.4,2,27,49.9,Yes,2023-07-06,1347.3
2599,58,Basic,LinkedIn,Centro-Oeste,26.55,1,38,199.9,No,2024-08-24,7596.2
2600,34,Enterprise,Orgânico,Nordeste,26.31,2,40,89.9,No,2025-02-13,3596.0
2601,26,Basic,Orgânico,Sudeste,11.75,1,10,89.9,No,2023-01-25,899.0
2602,58,Pro,LinkedIn,Nordeste,12.44,3,19,89.9,No,2023-08-20,1708.1000000000001
2603,18,Enterprise,Google Ads,Sul,9.28,2,43,49.9,No,2025-11-15,2145.7
2604,19,Basic,Instagram,Sudeste,1.38,3,28,89.9,No,2023-05-05,2517.2000000000003
2605,46,Pro,Instagram,Sudeste,24.71,1,13,49.9,No,2023-04-26,648.6999999999999
2606,50,Pro,Orgânico,Centro-Oeste,20.74,0,25,89.9,No,2023-04-30,2247.5
2607,27,Basic,Google Ads,Sudeste,17.95,5,25,49.9,No,2024-02-29,1247.5
2608,57,Basic,Google Ads,Sul,17.59,6,10,49.9,No,2024-02-12,499.0
2609,38,Pro,Instagram,Sudeste,59.42,2,31,199.9,No,2025-05-01,6196.900000000001
2610,45,Basic,Orgânico,Sul,10.73,1,47,89.9,No,2024-12-18,4225.3
2611,28,Pro,LinkedIn,Nordeste,14.96,0,5,49.9,No,2024-08-23,249.5
2612,51,Basic,Indicação,Sudeste,18.57,3,14,49.9,No,2024-01-12,698.6
2613,25,Enterprise,Instagram,Sudeste,19.06,3,15,49.9,No,2025-05-14,748.5
2614,39,Basic,Google Ads,Sudeste,37.19,2,28,89.9,No,2025-08-06,2517.2000000000003
2615,25,Pro,Google Ads,Sudeste,5.6,2,9,49.9,Yes,2023-08-28,449.09999999999997
2616,32,Pro,Orgânico,Nordeste,11.85,0,42,199.9,No,2024-11-03,8395.800000000001
2617,34,Basic,Orgânico,Sudeste,18.83,1,8,199.9,No,2024-10-22,1599.2
2618,40,Basic,LinkedIn,Sul,14.12,2,44,199.9,No,2023-12-17,8795.6
2619,41,Pro,Instagram,Nordeste,18.4,5,13,49.9,No,2024-11-03,648.6999999999999
2620,62,Enterprise,Orgânico,Sul,14.78,1,7,199.9,No,2024-05-04,1399.3
2621,36,Basic,Indicação,Centro-Oeste,30.79,1,4,89.9,Yes,2024-08-11,359.6
2622,22,Basic,Google Ads,Nordeste,29.97,2,21,89.9,No,2024-06-18,1887.9
2623,49,Basic,Instagram,Sudeste,21.87,0,17,49.9,No,2025-02-16,848.3
2624,61,Basic,Indicação,Sudeste,31.32,4,2,89.9,No,2024-07-03,179.8
2625,18,Pro,LinkedIn,Sul,9.02,1,33,89.9,No,2024-08-28,2966.7000000000003
2626,40,Pro,Orgânico,Nordeste,26.28,2,43,89.9,No,2024-01-01,3865.7000000000003
2627,54,Basic,Orgânico,Nordeste,35.05,5,34,49.9,No,2023-09-13,1696.6
2628,25,Enterprise,Google Ads,Sudeste,19.96,1,43,89.9,No,2024-02-09,3865.7000000000003
2629,30,Basic,Indicação,Sudeste,22.61,0,8,49.9,No,2024-10-01,399.2
2630,25,Pro,Instagram,Centro-Oeste,10.63,2,45,49.9,No,2025-08-03,2245.5
2631,40,Basic,Indicação,Sudeste,12.71,1,38,49.9,No,2025-10-27,1896.2
2632,60,Basic,Indicação,Sudeste,14.19,1,28,89.9,No,2025-08-26,2517.2000000000003
2633,18,Pro,LinkedIn,Sudeste,32.93,3,9,89.9,No,2023-05-14,809.1
2634,62,Basic,Orgânico,Nordeste,6.37,2,1,199.9,No,2023-09-17,199.9
2635,41,Pro,Indicação,Sudeste,19.57,3,30,49.9,No,2024-11-01,1497.0
2636,52,Pro,Orgânico,Sul,20.37,2,45,49.9,No,2023-08-06,2245.5
2637,41,Basic,Instagram,Nordeste,23.08,1,32,89.9,No,2023-07-20,2876.8
2638,34,Pro,Instagram,Sudeste,37.57,1,31,49.9,No,2025-04-12,1546.8999999999999
2639,22,Basic,Indicação,Sudeste,12.12,1,4,49.9,No,2024-07-24,199.6
2640,37,Pro,Orgânico,Centro-Oeste,19.4,4,36,89.9,No,2025-10-15,3236.4
2641,38,Basic,Instagram,Sudeste,24.07,3,15,49.9,No,2024-03-31,748.5
2642,57,Basic,Google Ads,Centro-Oeste,41.48,0,14,49.9,No,2025-06-30,698.6
2643,48,Basic,Instagram,Sudeste,7.71,1,18,89.9,No,2025-08-26,1618.2
2644,63,Pro,LinkedIn,Sudeste,22.57,1,11,89.9,No,2024-07-25,988.9000000000001
2645,53,Pro,Orgânico,Sudeste,8.99,1,13,89.9,No,2025-04-25,1168.7
2646,28,Basic,Indicação,Nordeste,32.71,3,16,49.9,No,2024-12-13,798.4
2647,32,Basic,Orgânico,Centro-Oeste,6.33,0,15,49.9,No,2024-08-30,748.5
2648,36,Basic,Orgânico,Sudeste,28.54,2,11,199.9,No,2024-06-23,2198.9
2649,24,Pro,Instagram,Sul,7.36,0,11,199.9,No,2024-11-22,2198.9
2650,45,Pro,Indicação,Sul,15.32,4,27,89.9,No,2025-02-23,2427.3
2651,60,Basic,Indicação,Norte,10.3,2,4,199.9,No,2023-01-10,799.6
2652,22,Basic,Orgânico,Norte,12.28,1,26,89.9,No,2024-05-12,2337.4
2653,22,Pro,Google Ads,Sul,8.33,0,26,49.9,Yes,2023-06-20,1297.3999999999999
2654,47,Basic,Google Ads,Sudeste,25.28,4,15,89.9,No,2025-12-15,1348.5
2655,49,Basic,Google Ads,Sudeste,12.78,5,42,49.9,No,2025-12-28,2095.7999999999997
2656,25,Basic,LinkedIn,Norte,19.56,1,13,199.9,No,2024-01-13,2598.7000000000003
2657,27,Basic,Google Ads,Sudeste,23.3,2,22,49.9,No,2024-10-26,1097.8
2658,55,Pro,Indicação,Sudeste,21.83,4,48,89.9,No,2024-07-28,4315.200000000001
2659,64,Pro,Orgânico,Sudeste,35.83,3,40,49.9,No,2024-06-03,1996.0
2660,49,Basic,Instagram,Sudeste,29.39,4,21,199.9,No,2024-04-25,4197.900000000001
2661,45,Pro,LinkedIn,Sudeste,44.24,1,11,49.9,No,2024-10-08,548.9
2662,34,Basic,Orgânico,Sudeste,11.7,0,2,89.9,No,2023-11-17,179.8
2663,48,Pro,LinkedIn,Sudeste,27.53,1,11,49.9,No,2023-04-11,548.9
2664,25,Pro,Google Ads,Sudeste,25.15,1,26,49.9,No,2024-03-08,1297.3999999999999
2665,57,Pro,Instagram,Sul,18.92,3,41,49.9,No,2025-01-17,2045.8999999999999
2666,42,Basic,LinkedIn,Sudeste,21.74,4,15,49.9,No,2023-05-11,748.5
2667,26,Basic,Google Ads,Nordeste,10.12,0,13,89.9,No,2025-05-09,1168.7
2668,19,Pro,Indicação,Nordeste,8.82,1,15,49.9,No,2023-08-14,748.5
2669,32,Pro,Orgânico,Nordeste,24.95,1,38,49.9,No,2024-09-21,1896.2
2670,20,Basic,Indicação,Sudeste,20.02,4,19,199.9,No,2025-06-19,3798.1
2671,53,Enterprise,Instagram,Nordeste,14.73,1,44,89.9,No,2025-10-05,3955.6000000000004
2672,21,Enterprise,Instagram,Sudeste,12.1,5,44,49.9,No,2023-05-03,2195.6
2673,31,Pro,Orgânico,Sudeste,48.46,2,11,49.9,No,2024-11-02,548.9
2674,58,Enterprise,Orgânico,Sudeste,7.24,2,12,89.9,No,2024-11-27,1078.8000000000002
2675,58,Basic,LinkedIn,Sul,19.02,2,23,49.9,No,2025-11-13,1147.7
2676,42,Basic,Instagram,Sul,20.31,3,1,49.9,No,2023-03-02,49.9
2677,27,Basic,Indicação,Sul,22.3,1,30,89.9,No,2024-04-26,2697.0
2678,38,Pro,Instagram,Sudeste,7.33,1,39,49.9,No,2024-02-22,1946.1
2679,53,Basic,Google Ads,Sudeste,8.39,4,23,89.9,No,2025-09-19,2067.7000000000003
2680,29,Enterprise,Instagram,Centro-Oeste,28.47,1,25,49.9,No,2024-02-19,1247.5
2681,44,Basic,Instagram,Sudeste,23.24,1,48,49.9,No,2023-09-02,2395.2
2682,57,Basic,Instagram,Nordeste,24.84,2,44,49.9,No,2023-10-12,2195.6
2683,19,Pro,Google Ads,Sudeste,27.07,2,21,49.9,No,2024-10-16,1047.8999999999999
2684,30,Basic,Google Ads,Sudeste,17.14,2,28,89.9,No,2023-02-20,2517.2000000000003
2685,49,Basic,Indicação,Norte,33.32,1,11,89.9,No,2023-04-08,988.9000000000001
2686,48,Pro,Indicação,Sudeste,26.86,3,24,49.9,No,2025-06-18,1197.6
2687,33,Basic,Google Ads,Nordeste,11.38,3,12,89.9,No,2025-02-02,1078.8000000000002
2688,49,Basic,Orgânico,Sudeste,20.25,0,3,49.9,No,2024-03-04,149.7
2689,49,Basic,Instagram,Sudeste,18.9,2,33,49.9,No,2024-01-18,1646.7
2690,51,Pro,Google Ads,Sul,30.06,1,13,89.9,No,2025-06-11,1168.7
2691,28,Enterprise,Google Ads,Nordeste,8.02,3,2,199.9,No,2024-04-27,399.8
2692,27,Pro,Indicação,Sul,3.83,2,42,199.9,No,2023-01-18,8395.800000000001
2693,32,Basic,Google Ads,Sudeste,19.1,2,44,89.9,No,2025-05-16,3955.6000000000004
2694,34,Basic,Google Ads,Centro-Oeste,15.13,1,16,89.9,No,2025-10-21,1438.4
2695,57,Pro,Indicação,Sudeste,17.99,1,20,89.9,No,2024-07-13,1798.0
2696,35,Enterprise,LinkedIn,Nordeste,22.57,1,32,89.9,No,2023-02-27,2876.8
2697,26,Basic,Orgânico,Sul,24.12,3,23,89.9,No,2023-10-22,2067.7000000000003
2698,42,Basic,Orgânico,Centro-Oeste,2.35,1,10,89.9,No,2024-05-26,899.0
2699,57,Pro,Orgânico,Sudeste,28.25,2,23,49.9,No,2023-05-19,1147.7
2700,31,Enterprise,Google Ads,Sudeste,24.96,2,17,89.9,No,2025-04-16,1528.3000000000002
2701,42,Basic,Google Ads,Nordeste,5.06,0,8,49.9,No,2023-10-18,399.2
2702,39,Basic,Orgânico,Sudeste,22.84,2,4,89.9,No,2025-11-16,359.6
2703,47,Basic,Indicação,Sudeste,23.0,4,8,199.9,No,2023-11-18,1599.2
2704,37,Basic,Indicação,Norte,26.59,3,23,89.9,No,2025-04-01,2067.7000000000003
2705,38,Pro,Google Ads,Sudeste,10.14,0,34,89.9,No,2025-02-17,3056.6000000000004
2706,61,Pro,Google Ads,Nordeste,12.44,2,33,89.9,No,2023-08-29,2966.7000000000003
2707,49,Pro,Google Ads,Nordeste,17.16,1,14,89.9,No,2023-12-08,1258.6000000000001
2708,63,Basic,Instagram,Centro-Oeste,8.7,2,21,49.9,No,2023-05-07,1047.8999999999999
2709,38,Basic,Google Ads,Nordeste,31.25,3,4,89.9,No,2024-08-17,359.6
2710,52,Basic,Instagram,Sudeste,23.22,0,26,49.9,No,2024-09-08,1297.3999999999999
2711,49,Basic,LinkedIn,Nordeste,22.66,4,18,49.9,No,2025-09-23,898.1999999999999
2712,47,Pro,Google Ads,Sudeste,6.23,3,46,199.9,No,2025-08-04,9195.4
2713,56,Basic,Google Ads,Nordeste,10.99,1,37,89.9,No,2024-10-08,3326.3
2714,29,Basic,Instagram,Sudeste,18.53,6,1,89.9,No,2023-02-09,89.9
2715,58,Basic,Google Ads,Nordeste,24.27,7,3,89.9,No,2024-02-28,269.70000000000005
2716,64,Basic,Google Ads,Nordeste,18.74,1,27,89.9,No,2025-01-27,2427.3
2717,35,Pro,Google Ads,Sudeste,23.05,0,16,49.9,No,2025-03-31,798.4
2718,38,Pro,Instagram,Sudeste,16.24,1,36,89.9,No,2023-04-19,3236.4
2719,30,Basic,Indicação,Nordeste,8.76,1,23,49.9,Yes,2023-05-28,1147.7
2720,38,Pro,Google Ads,Sudeste,10.93,0,32,89.9,No,2025-07-28,2876.8
2721,25,Basic,Indicação,Sul,37.19,0,14,89.9,No,2025-03-04,1258.6000000000001
2722,63,Basic,Orgânico,Sudeste,10.6,3,48,49.9,No,2023-09-04,2395.2
2723,57,Enterprise,Indicação,Sudeste,26.8,2,39,89.9,No,2025-07-29,3506.1000000000004
2724,63,Basic,Google Ads,Sudeste,20.81,0,11,49.9,No,2023-02-01,548.9
2725,24,Pro,Instagram,Sudeste,19.99,3,3,49.9,Yes,2023-07-03,149.7
2726,40,Basic,Indicação,Sul,30.17,1,15,49.9,No,2024-10-11,748.5
2727,61,Pro,Orgânico,Sudeste,29.08,1,8,89.9,No,2025-05-16,719.2
2728,49,Pro,Orgânico,Sudeste,9.87,0,26,49.9,Yes,2024-05-04,1297.3999999999999
2729,28,Enterprise,Instagram,Sudeste,29.47,2,20,89.9,No,2025-09-11,1798.0
2730,39,Pro,Indicação,Sudeste,22.88,1,45,49.9,No,2025-01-02,2245.5
2731,39,Pro,Orgânico,Sudeste,9.8,1,2,49.9,Yes,2025-08-31,99.8
2732,60,Basic,Orgânico,Sudeste,16.92,1,33,89.9,No,2024-07-12,2966.7000000000003
2733,42,Pro,LinkedIn,Norte,13.83,3,17,89.9,No,2024-11-06,1528.3000000000002
2734,39,Pro,Instagram,Sudeste,12.6,3,41,49.9,No,2024-03-08,2045.8999999999999
2735,45,Basic,Google Ads,Sul,15.46,2,19,199.9,No,2025-01-27,3798.1
2736,46,Basic,LinkedIn,Sudeste,27.1,2,39,89.9,No,2024-12-24,3506.1000000000004
2737,30,Pro,Indicação,Nordeste,12.46,3,12,89.9,No,2023-06-15,1078.8000000000002
2738,35,Pro,Orgânico,Sul,23.52,1,11,49.9,No,2023-03-01,548.9
2739,19,Basic,Orgânico,Norte,21.55,2,21,89.9,No,2025-12-30,1887.9
2740,46,Enterprise,Google Ads,Sudeste,28.17,1,44,199.9,No,2024-11-11,8795.6
2741,38,Basic,Indicação,Sudeste,10.45,3,27,89.9,No,2024-08-14,2427.3
2742,32,Basic,Instagram,Norte,29.25,1,23,49.9,No,2025-04-12,1147.7
2743,44,Pro,Indicação,Sudeste,32.0,3,15,199.9,No,2025-07-15,2998.5
2744,48,Basic,Indicação,Norte,11.99,0,39,49.9,No,2023-06-21,1946.1
2745,32,Pro,Instagram,Norte,3.73,2,22,199.9,No,2024-06-14,4397.8
2746,40,Basic,Google Ads,Norte,23.4,2,13,89.9,No,2024-11-01,1168.7
2747,41,Basic,Google Ads,Nordeste,30.7,3,46,89.9,No,2024-04-28,4135.400000000001
2748,61,Basic,Google Ads,Sudeste,27.42,0,11,89.9,No,2024-04-19,988.9000000000001
2749,30,Enterprise,Orgânico,Sudeste,20.79,6,17,49.9,Yes,2024-05-17,848.3
2750,39,Basic,Google Ads,Sudeste,13.6,0,15,89.9,No,2024-09-03,1348.5
2751,60,Basic,Google Ads,Norte,22.37,2,40,49.9,No,2025-05-24,1996.0
2752,54,Basic,Google Ads,Sudeste,10.59,2,34,89.9,No,2024-02-12,3056.6000000000004
2753,50,Basic,Orgânico,Sul,42.01,3,15,199.9,No,2024-06-25,2998.5
2754,20,Basic,Instagram,Nordeste,25.22,0,47,49.9,No,2024-11-26,2345.2999999999997
2755,36,Basic,Google Ads,Sudeste,22.69,2,13,199.9,No,2023-12-20,2598.7000000000003
2756,40,Pro,Indicação,Centro-Oeste,5.93,0,29,49.9,No,2025-04-18,1447.1
2757,46,Pro,Instagram,Norte,12.95,3,37,89.9,No,2024-02-23,3326.3
2758,47,Pro,Instagram,Sudeste,10.46,2,47,49.9,No,2023-04-13,2345.2999999999997
2759,56,Pro,Indicação,Centro-Oeste,20.33,3,3,49.9,Yes,2025-07-15,149.7
2760,61,Basic,Instagram,Centro-Oeste,20.43,0,48,89.9,No,2024-09-24,4315.200000000001
2761,64,Basic,Orgânico,Centro-Oeste,18.94,2,42,89.9,No,2023-07-04,3775.8
2762,42,Pro,LinkedIn,Sudeste,29.18,1,10,89.9,No,2025-05-07,899.0
2763,54,Pro,LinkedIn,Sudeste,7.74,2,16,49.9,No,2025-10-09,798.4
2764,64,Basic,Instagram,Sul,11.85,0,40,89.9,No,2024-06-11,3596.0
2765,25,Enterprise,Orgânico,Centro-Oeste,14.35,2,29,49.9,No,2025-11-29,1447.1
2766,59,Basic,LinkedIn,Sudeste,12.27,2,18,49.9,No,2024-12-06,898.1999999999999
2767,33,Basic,Google Ads,Sudeste,17.47,1,36,49.9,No,2023-04-11,1796.3999999999999
2768,25,Basic,Google Ads,Sudeste,11.11,1,35,199.9,No,2025-11-28,6996.5
2769,18,Enterprise,LinkedIn,Sudeste,10.47,3,2,89.9,No,2025-02-14,179.8
2770,61,Pro,Orgânico,Sudeste,6.89,2,25,89.9,No,2023-05-08,2247.5
2771,22,Pro,Orgânico,Sudeste,4.97,0,25,49.9,No,2024-08-09,1247.5
2772,20,Basic,Indicação,Nordeste,11.39,2,28,49.9,No,2023-10-09,1397.2
2773,18,Pro,LinkedIn,Nordeste,22.11,1,37,89.9,No,2025-04-30,3326.3
2774,21,Basic,Instagram,Sudeste,27.31,2,43,89.9,No,2025-05-15,3865.7000000000003
2775,57,Pro,Indicação,Nordeste,25.71,0,47,89.9,No,2023-07-22,4225.3
2776,52,Basic,Orgânico,Sudeste,23.4,2,19,49.9,No,2025-08-19,948.1
2777,49,Basic,LinkedIn,Nordeste,17.9,2,17,89.9,No,2023-05-15,1528.3000000000002
2778,59,Basic,Google Ads,Sudeste,31.46,3,22,89.9,No,2025-06-25,1977.8000000000002
2779,51,Enterprise,Google Ads,Norte,22.8,2,18,199.9,No,2024-05-11,3598.2000000000003
2780,60,Pro,Instagram,Sudeste,9.63,2,26,199.9,No,2025-09-14,5197.400000000001
2781,42,Basic,LinkedIn,Sudeste,37.36,2,15,199.9,No,2023-03-05,2998.5
2782,27,Basic,Orgânico,Centro-Oeste,17.4,0,29,49.9,No,2025-06-20,1447.1
2783,38,Enterprise,Instagram,Sudeste,28.1,2,7,199.9,No,2023-12-23,1399.3
2784,63,Enterprise,Instagram,Nordeste,12.58,1,18,89.9,No,2025-05-24,1618.2
2785,56,Pro,LinkedIn,Sudeste,16.07,0,11,49.9,No,2024-03-12,548.9
2786,44,Basic,Orgânico,Sudeste,21.32,3,8,89.9,No,2025-11-21,719.2
2787,44,Basic,Instagram,Centro-Oeste,28.14,3,39,199.9,No,2023-08-25,7796.1
2788,19,Enterprise,Google Ads,Sudeste,22.39,0,40,49.9,No,2023-10-18,1996.0
2789,58,Basic,Google Ads,Sudeste,19.9,3,25,49.9,No,2025-03-05,1247.5
2790,30,Basic,LinkedIn,Nordeste,20.66,3,14,199.9,No,2024-07-23,2798.6
2791,26,Pro,Orgânico,Norte,7.65,4,34,89.9,No,2023-08-18,3056.6000000000004
2792,53,Enterprise,Instagram,Centro-Oeste,27.93,1,10,49.9,No,2025-08-24,499.0
2793,39,Basic,LinkedIn,Nordeste,12.29,2,16,199.9,No,2025-04-18,3198.4
2794,59,Pro,Indicação,Norte,22.87,5,29,199.9,No,2024-05-05,5797.1
2795,43,Pro,LinkedIn,Centro-Oeste,30.56,4,6,89.9,No,2024-02-09,539.4000000000001
2796,29,Basic,Google Ads,Norte,23.53,2,38,89.9,No,2025-05-17,3416.2000000000003
2797,34,Basic,Orgânico,Sudeste,22.01,1,8,89.9,No,2024-05-03,719.2
2798,31,Enterprise,LinkedIn,Nordeste,23.25,3,22,199.9,No,2023-03-19,4397.8
2799,31,Enterprise,Indicação,Sul,32.15,6,44,49.9,Yes,2025-12-10,2195.6
2800,51,Pro,Indicação,Nordeste,20.6,0,37,49.9,No,2025-08-11,1846.3
2801,37,Pro,Orgânico,Nordeste,6.1,4,44,49.9,No,2025-02-13,2195.6
2802,28,Basic,LinkedIn,Sudeste,10.84,1,23,49.9,No,2025-12-19,1147.7
2803,33,Enterprise,Instagram,Centro-Oeste,12.1,1,3,49.9,No,2024-04-04,149.7
2804,48,Basic,Instagram,Nordeste,10.84,1,45,49.9,No,2025-06-11,2245.5
2805,23,Pro,Instagram,Nordeste,14.43,2,26,89.9,No,2025-01-19,2337.4
2806,36,Enterprise,Instagram,Sul,10.2,1,41,49.9,No,2025-09-19,2045.8999999999999
2807,54,Pro,Orgânico,Nordeste,22.88,3,35,89.9,No,2025-10-22,3146.5
2808,21,Pro,Orgânico,Sudeste,13.63,1,42,89.9,No,2023-12-31,3775.8
2809,64,Pro,Instagram,Nordeste,27.74,2,44,49.9,No,2024-02-17,2195.6
2810,21,Basic,Instagram,Sudeste,14.77,1,38,89.9,No,2023-10-04,3416.2000000000003
2811,37,Pro,Google Ads,Sul,8.07,1,2,49.9,No,2023-09-13,99.8
2812,27,Basic,Orgânico,Sudeste,7.12,4,20,199.9,No,2023-05-19,3998.0
2813,41,Pro,Instagram,Sudeste,20.26,2,18,89.9,No,2024-08-30,1618.2
2814,52,Basic,LinkedIn,Nordeste,30.28,2,41,199.9,No,2024-04-10,8195.9
2815,43,Basic,Orgânico,Sul,10.24,4,14,49.9,No,2023-02-24,698.6
2816,54,Pro,Instagram,Nordeste,36.58,2,28,89.9,No,2025-07-09,2517.2000000000003
2817,55,Enterprise,Orgânico,Norte,19.28,1,30,49.9,No,2023-04-09,1497.0
2818,38,Basic,Instagram,Nordeste,16.14,0,44,49.9,No,2025-04-02,2195.6
2819,57,Pro,Indicação,Sudeste,7.82,3,16,49.9,No,2024-06-03,798.4
2820,56,Pro,Instagram,Sudeste,27.88,2,36,199.9,No,2023-01-07,7196.400000000001
2821,38,Enterprise,Instagram,Sul,16.73,2,47,49.9,No,2024-04-02,2345.2999999999997
2822,27,Pro,Orgânico,Sudeste,21.12,3,18,49.9,No,2024-12-23,898.1999999999999
2823,55,Pro,Indicação,Nordeste,8.19,1,7,49.9,Yes,2023-06-15,349.3
2824,63,Enterprise,Instagram,Sul,13.02,3,11,89.9,No,2024-06-03,988.9000000000001
2825,21,Basic,Instagram,Norte,20.35,1,15,89.9,No,2024-02-17,1348.5
2826,62,Enterprise,Google Ads,Sul,27.07,1,46,49.9,No,2024-04-10,2295.4
2827,37,Enterprise,Indicação,Sul,22.19,0,12,89.9,No,2023-02-13,1078.8000000000002
2828,34,Enterprise,Instagram,Sudeste,10.41,4,25,89.9,No,2025-12-04,2247.5
2829,24,Basic,Orgânico,Nordeste,8.27,0,2,89.9,Yes,2023-04-11,179.8
2830,21,Basic,Instagram,Sudeste,21.71,5,11,89.9,No,2024-07-20,988.9000000000001
2831,46,Enterprise,Instagram,Sul,16.35,2,40,89.9,No,2024-11-18,3596.0
2832,31,Basic,Orgânico,Centro-Oeste,9.34,1,33,49.9,No,2025-01-02,1646.7
2833,20,Pro,LinkedIn,Norte,14.4,1,12,49.9,No,2025-05-11,598.8
2834,41,Basic,Orgânico,Sudeste,34.64,1,4,49.9,No,2025-12-21,199.6
2835,54,Basic,LinkedIn,Sul,40.18,4,41,199.9,No,2023-06-02,8195.9
2836,33,Basic,Google Ads,Sul,19.56,5,20,49.9,No,2023-03-03,998.0
2837,21,Pro,LinkedIn,Nordeste,31.14,1,37,49.9,No,2023-09-04,1846.3
2838,41,Basic,Google Ads,Centro-Oeste,30.39,2,26,89.9,No,2023-10-29,2337.4
2839,51,Pro,Instagram,Norte,13.27,2,3,199.9,No,2025-05-06,599.7
2840,47,Pro,Google Ads,Sudeste,9.42,1,43,49.9,Yes,2024-05-08,2145.7
2841,35,Pro,Indicação,Sul,8.88,3,2,49.9,No,2024-03-27,99.8
2842,36,Pro,Google Ads,Sudeste,22.04,2,8,199.9,No,2023-09-26,1599.2
2843,48,Basic,Instagram,Centro-Oeste,4.58,0,25,89.9,No,2024-06-11,2247.5
2844,36,Basic,Instagram,Sudeste,42.7,1,47,89.9,No,2025-08-04,4225.3
2845,63,Basic,Google Ads,Norte,12.77,0,24,89.9,No,2025-04-09,2157.6000000000004
2846,36,Pro,Google Ads,Sudeste,13.34,3,19,49.9,No,2025-02-17,948.1
2847,39,Pro,Instagram,Sudeste,36.22,4,32,89.9,No,2025-11-02,2876.8
2848,41,Pro,Google Ads,Sudeste,17.65,2,1,49.9,No,2025-08-23,49.9
2849,62,Basic,Google Ads,Sudeste,18.77,0,2,89.9,No,2024-04-06,179.8
2850,29,Pro,Google Ads,Centro-Oeste,28.17,1,12,49.9,No,2023-11-01,598.8
2851,47,Basic,Orgânico,Sudeste,19.61,1,43,89.9,No,2024-11-02,3865.7000000000003
2852,55,Enterprise,Indicação,Sul,36.27,1,41,89.9,No,2024-11-30,3685.9
2853,48,Basic,LinkedIn,Sudeste,16.72,2,34,49.9,No,2024-06-15,1696.6
2854,53,Enterprise,Orgânico,Centro-Oeste,33.12,1,38,89.9,No,2024-05-03,3416.2000000000003
2855,36,Pro,Google Ads,Nordeste,25.7,2,46,49.9,No,2023-04-28,2295.4
2856,62,Basic,Instagram,Sudeste,12.85,3,26,49.9,No,2025-01-23,1297.3999999999999
2857,53,Basic,Orgânico,Centro-Oeste,13.75,0,20,89.9,No,2024-01-31,1798.0
2858,47,Basic,Indicação,Sudeste,29.2,5,14,199.9,No,2025-05-08,2798.6
2859,50,Basic,Orgânico,Centro-Oeste,16.84,3,37,89.9,No,2025-08-06,3326.3
2860,35,Basic,Orgânico,Centro-Oeste,9.83,3,43,49.9,Yes,2025-11-09,2145.7
2861,45,Pro,Google Ads,Sul,32.84,1,8,89.9,No,2024-03-24,719.2
2862,64,Basic,Orgânico,Centro-Oeste,32.73,2,5,49.9,No,2025-02-02,249.5
2863,28,Pro,Orgânico,Sudeste,14.0,2,43,49.9,No,2025-02-15,2145.7
2864,62,Basic,Instagram,Sudeste,4.75,1,20,49.9,No,2025-11-01,998.0
2865,50,Enterprise,Orgânico,Sudeste,25.31,7,7,89.9,No,2025-02-09,629.3000000000001
2866,34,Pro,Google Ads,Sudeste,15.82,3,5,89.9,No,2024-11-17,449.5
2867,23,Basic,Indicação,Nordeste,18.02,3,47,199.9,No,2024-05-29,9395.300000000001
2868,21,Basic,Instagram,Sul,30.92,0,48,49.9,No,2024-08-21,2395.2
2869,37,Basic,Google Ads,Nordeste,13.07,0,41,49.9,No,2023-06-24,2045.8999999999999
2870,64,Basic,LinkedIn,Sul,9.78,1,23,89.9,No,2024-03-16,2067.7000000000003
2871,44,Pro,Instagram,Sudeste,24.63,2,23,199.9,No,2023-05-17,4597.7
2872,32,Pro,Indicação,Sudeste,10.04,3,23,49.9,No,2023-02-23,1147.7
2873,23,Enterprise,LinkedIn,Sudeste,13.35,6,17,89.9,Yes,2023-08-01,1528.3000000000002
2874,64,Pro,Instagram,Norte,7.13,0,41,49.9,No,2023-07-25,2045.8999999999999
2875,31,Enterprise,Google Ads,Sudeste,25.19,3,19,49.9,No,2024-06-16,948.1
2876,28,Enterprise,Indicação,Sudeste,15.93,2,29,89.9,No,2025-03-13,2607.1000000000004
2877,56,Enterprise,Orgânico,Norte,23.39,3,4,199.9,No,2023-06-16,799.6
2878,26,Pro,Indicação,Sudeste,12.74,2,5,89.9,No,2023-06-17,449.5
2879,43,Basic,Indicação,Sudeste,24.81,3,10,49.9,No,2023-06-24,499.0
2880,33,Basic,LinkedIn,Sudeste,16.03,1,14,49.9,No,2024-03-25,698.6
2881,22,Pro,Instagram,Norte,12.06,4,37,49.9,No,2023-10-06,1846.3
2882,27,Basic,LinkedIn,Nordeste,19.66,3,42,49.9,No,2024-11-06,2095.7999999999997
2883,20,Basic,Orgânico,Centro-Oeste,51.19,1,35,49.9,No,2023-11-27,1746.5
2884,30,Pro,Indicação,Nordeste,18.3,1,4,49.9,No,2025-02-07,199.6
2885,60,Basic,Instagram,Centro-Oeste,12.67,0,6,89.9,Yes,2023-09-26,539.4000000000001
2886,47,Pro,LinkedIn,Nordeste,15.97,4,47,49.9,No,2023-04-10,2345.2999999999997
2887,62,Basic,LinkedIn,Sudeste,10.06,4,11,49.9,No,2024-08-10,548.9
2888,23,Pro,Indicação,Sudeste,13.34,3,23,89.9,Yes,2025-10-26,2067.7000000000003
2889,34,Pro,LinkedIn,Sudeste,18.19,4,20,199.9,No,2024-10-15,3998.0
2890,62,Basic,Indicação,Nordeste,12.51,2,18,89.9,No,2025-12-19,1618.2
2891,36,Pro,Instagram,Nordeste,25.1,2,14,49.9,No,2024-07-19,698.6
2892,59,Pro,Instagram,Sudeste,15.92,3,1,49.9,Yes,2024-07-02,49.9
2893,52,Basic,Orgânico,Sul,23.61,1,41,89.9,No,2023-03-11,3685.9
2894,63,Basic,Instagram,Sudeste,13.53,3,38,49.9,No,2024-06-29,1896.2
2895,43,Basic,Orgânico,Nordeste,16.52,3,23,49.9,No,2023-03-26,1147.7
2896,22,Pro,Google Ads,Sudeste,31.75,2,31,49.9,No,2023-02-10,1546.8999999999999
2897,46,Pro,Google Ads,Nordeste,19.4,5,14,89.9,No,2025-11-16,1258.6000000000001
2898,54,Basic,LinkedIn,Sudeste,7.38,0,7,89.9,No,2025-12-20,629.3000000000001
2899,37,Pro,Orgânico,Centro-Oeste,33.32,2,6,89.9,No,2024-08-22,539.4000000000001
2900,38,Basic,Indicação,Centro-Oeste,34.04,0,48,49.9,No,2025-11-07,2395.2
2901,27,Pro,Google Ads,Nordeste,6.51,5,23,49.9,No,2023-03-17,1147.7
2902,22,Basic,Google Ads,Sudeste,14.91,3,40,49.9,No,2025-12-24,1996.0
2903,53,Pro,LinkedIn,Centro-Oeste,37.3,1,13,199.9,No,2024-09-05,2598.7000000000003
2904,23,Basic,Instagram,Sudeste,32.65,0,22,89.9,No,2025-09-23,1977.8000000000002
2905,43,Pro,Instagram,Norte,19.47,2,18,199.9,No,2023-08-23,3598.2000000000003
2906,21,Pro,LinkedIn,Sudeste,4.47,1,33,89.9,No,2025-04-06,2966.7000000000003
2907,56,Pro,LinkedIn,Sudeste,41.65,1,11,49.9,Yes,2023-06-15,548.9
2908,56,Basic,Instagram,Centro-Oeste,32.4,1,7,89.9,No,2025-04-23,629.3000000000001
2909,52,Pro,Google Ads,Sudeste,49.99,3,40,89.9,No,2023-05-19,3596.0
2910,18,Basic,Instagram,Nordeste,9.16,3,44,89.9,No,2024-08-19,3955.6000000000004
2911,41,Pro,Google Ads,Sudeste,15.81,3,46,89.9,No,2025-11-08,4135.400000000001
2912,53,Pro,LinkedIn,Sudeste,40.47,0,29,199.9,No,2024-11-05,5797.1
2913,23,Pro,Orgânico,Norte,7.95,2,1,49.9,No,2023-01-06,49.9
2914,58,Pro,Google Ads,Norte,12.89,0,39,199.9,Yes,2025-06-05,7796.1
2915,63,Basic,Google Ads,Sudeste,29.1,2,25,49.9,No,2025-04-11,1247.5
2916,61,Pro,Google Ads,Sul,22.41,1,34,199.9,No,2023-03-29,6796.6
2917,48,Pro,Orgânico,Sudeste,11.91,0,26,49.9,No,2023-05-02,1297.3999999999999
2918,37,Enterprise,Google Ads,Sudeste,9.73,3,44,89.9,Yes,2024-12-27,3955.6000000000004
2919,41,Pro,Orgânico,Sudeste,30.47,1,15,89.9,No,2025-06-11,1348.5
2920,42,Pro,Instagram,Sudeste,11.45,2,29,89.9,No,2025-03-23,2607.1000000000004
2921,53,Basic,Instagram,Nordeste,13.25,2,25,49.9,No,2025-09-06,1247.5
2922,38,Pro,Google Ads,Sul,16.22,2,6,49.9,No,2023-06-28,299.4
2923,47,Pro,LinkedIn,Centro-Oeste,32.46,0,27,89.9,No,2025-05-04,2427.3
2924,41,Enterprise,LinkedIn,Centro-Oeste,48.78,3,4,89.9,No,2024-05-01,359.6
2925,61,Basic,LinkedIn,Centro-Oeste,18.2,1,4,49.9,No,2024-12-16,199.6
2926,59,Basic,Instagram,Sudeste,10.62,3,44,49.9,No,2023-06-13,2195.6
2927,47,Basic,Instagram,Centro-Oeste,3.85,1,43,49.9,No,2023-01-19,2145.7
2928,39,Pro,Instagram,Nordeste,20.55,2,42,199.9,No,2025-06-16,8395.800000000001
2929,45,Enterprise,Instagram,Nordeste,20.05,3,37,89.9,No,2024-08-12,3326.3
2930,24,Basic,Instagram,Sul,3.06,0,28,199.9,No,2025-05-18,5597.2
2931,52,Pro,Indicação,Sul,12.75,3,36,49.9,No,2024-12-09,1796.3999999999999
2932,45,Pro,Instagram,Nordeste,18.63,2,21,89.9,No,2024-12-28,1887.9
2933,31,Pro,Instagram,Sudeste,19.33,0,3,49.9,No,2024-07-13,149.7
2934,27,Basic,Instagram,Norte,20.4,3,17,89.9,No,2025-06-14,1528.3000000000002
2935,33,Pro,Google Ads,Sudeste,11.74,4,31,199.9,No,2023-12-10,6196.900000000001
2936,33,Basic,LinkedIn,Sudeste,12.31,3,25,89.9,No,2024-11-13,2247.5
2937,48,Pro,Instagram,Sudeste,14.94,2,34,199.9,No,2024-04-20,6796.6
2938,59,Basic,Google Ads,Sudeste,27.24,2,47,49.9,No,2024-05-28,2345.2999999999997
2939,42,Pro,Orgânico,Sudeste,27.28,2,24,89.9,No,2023-01-22,2157.6000000000004
2940,30,Pro,Instagram,Nordeste,15.54,0,34,89.9,No,2023-06-18,3056.6000000000004
2941,23,Basic,Instagram,Centro-Oeste,23.24,0,23,89.9,No,2024-03-04,2067.7000000000003
2942,61,Basic,Orgânico,Sudeste,7.62,4,12,89.9,Yes,2024-02-27,1078.8000000000002
2943,26,Pro,Google Ads,Nordeste,17.55,4,24,89.9,No,2024-07-26,2157.6000000000004
2944,62,Pro,Orgânico,Sudeste,13.07,1,17,89.9,Yes,2025-08-04,1528.3000000000002
2945,53,Pro,Google Ads,Sudeste,15.92,3,5,199.9,No,2025-01-02,999.5
2946,60,Basic,LinkedIn,Centro-Oeste,25.03,0,10,89.9,No,2023-05-31,899.0
2947,37,Basic,Indicação,Sudeste,21.15,1,43,49.9,No,2023-06-13,2145.7
2948,35,Basic,Orgânico,Sudeste,15.76,3,15,199.9,No,2025-06-10,2998.5
2949,60,Basic,Indicação,Centro-Oeste,24.35,5,14,89.9,Yes,2024-01-27,1258.6000000000001
2950,38,Enterprise,LinkedIn,Nordeste,10.2,3,45,89.9,No,2024-03-10,4045.5000000000005
2951,21,Basic,LinkedIn,Sudeste,17.7,1,39,89.9,No,2023-10-28,3506.1000000000004
2952,50,Basic,Google Ads,Sudeste,29.54,2,16,49.9,No,2025-10-23,798.4
2953,44,Basic,Indicação,Sudeste,12.66,2,23,199.9,No,2023-11-02,4597.7
2954,24,Basic,Google Ads,Sul,21.66,3,23,89.9,No,2025-08-04,2067.7000000000003
2955,23,Pro,LinkedIn,Nordeste,18.32,3,16,49.9,No,2023-07-03,798.4
2956,32,Pro,Indicação,Sudeste,23.93,0,33,199.9,No,2025-06-16,6596.7
2957,35,Basic,Orgânico,Sul,16.78,0,16,199.9,No,2025-04-30,3198.4
2958,49,Basic,LinkedIn,Sudeste,13.42,2,2,49.9,No,2025-08-19,99.8
2959,28,Basic,Orgânico,Sudeste,30.12,0,30,199.9,No,2023-08-10,5997.0
2960,37,Pro,Google Ads,Nordeste,14.42,3,34,89.9,No,2023-05-15,3056.6000000000004
2961,41,Pro,Google Ads,Sudeste,20.6,2,40,49.9,No,2024-08-06,1996.0
2962,32,Basic,LinkedIn,Sudeste,9.74,3,35,199.9,No,2025-08-11,6996.5
2963,24,Pro,LinkedIn,Norte,12.11,0,27,49.9,No,2023-03-01,1347.3
2964,38,Pro,Indicação,Sudeste,15.9,1,48,89.9,No,2023-01-12,4315.200000000001
2965,59,Enterprise,Indicação,Sudeste,16.54,2,36,89.9,No,2023-08-16,3236.4
2966,43,Enterprise,Instagram,Nordeste,35.45,1,30,89.9,No,2023-07-27,2697.0
2967,61,Basic,Indicação,Sudeste,24.57,3,36,49.9,No,2025-02-10,1796.3999999999999
2968,31,Basic,Google Ads,Norte,51.14,3,33,49.9,No,2024-10-06,1646.7
2969,54,Basic,Google Ads,Nordeste,9.38,7,1,49.9,No,2025-11-17,49.9
2970,38,Pro,Google Ads,Norte,30.47,3,33,49.9,No,2023-09-03,1646.7
2971,35,Enterprise,Indicação,Sudeste,22.26,1,2,199.9,No,2024-09-06,399.8
2972,22,Pro,LinkedIn,Sudeste,14.02,2,12,199.9,No,2024-09-05,2398.8
2973,20,Basic,Google Ads,Nordeste,13.28,2,15,89.9,No,2024-06-06,1348.5
2974,40,Basic,LinkedIn,Norte,21.67,4,7,199.9,No,2025-09-22,1399.3
2975,43,Basic,Instagram,Norte,17.16,3,3,49.9,No,2023-04-17,149.7
2976,54,Basic,Orgânico,Nordeste,20.69,2,7,89.9,No,2024-06-09,629.3000000000001
2977,41,Pro,LinkedIn,Nordeste,30.09,3,45,89.9,No,2023-03-28,4045.5000000000005
2978,36,Basic,Google Ads,Sul,27.5,2,7,89.9,No,2023-03-10,629.3000000000001
2979,42,Basic,Orgânico,Sudeste,11.78,4,16,49.9,No,2025-05-12,798.4
2980,38,Pro,Google Ads,Sul,22.92,2,47,49.9,No,2024-06-18,2345.2999999999997
2981,29,Basic,Indicação,Sudeste,14.33,3,32,49.9,No,2025-06-09,1596.8
2982,58,Basic,Instagram,Sudeste,8.73,2,28,49.9,No,2023-05-08,1397.2
2983,50,Basic,Google Ads,Sul,30.15,3,3,49.9,No,2023-03-06,149.7
2984,21,Enterprise,Indicação,Sudeste,8.09,3,36,89.9,No,2023-04-21,3236.4
2985,59,Pro,Google Ads,Norte,29.47,1,48,89.9,No,2025-02-02,4315.200000000001
2986,24,Basic,Orgânico,Sudeste,12.9,4,24,49.9,No,2025-04-25,1197.6
2987,39,Pro,Instagram,Sudeste,20.7,4,40,49.9,No,2024-05-25,1996.0
2988,50,Basic,Instagram,Nordeste,11.6,1,48,199.9,Yes,2025-04-12,9595.2
2989,34,Pro,Indicação,Nordeste,13.91,2,22,49.9,Yes,2024-01-08,1097.8
2990,41,Pro,Google Ads,Sudeste,17.73,3,6,49.9,No,2024-07-25,299.4
2991,51,Enterprise,LinkedIn,Sudeste,31.71,2,9,49.9,No,2024-03-19,449.09999999999997
2992,45,Pro,Orgânico,Sudeste,15.88,1,36,89.9,No,2024-10-15,3236.4
2993,60,Enterprise,Indicação,Sudeste,5.91,3,41,49.9,No,2025-09-27,2045.8999999999999
2994,58,Enterprise,Instagram,Sul,22.58,2,12,89.9,No,2024-06-03,1078.8000000000002
2995,56,Enterprise,Indicação,Centro-Oeste,27.32,4,15,49.9,No,2023-07-07,748.5
2996,39,Pro,Orgânico,Nordeste,15.17,1,6,49.9,No,2023-01-26,299.4
2997,34,Basic,Google Ads,Centro-Oeste,14.1,2,46,49.9,No,2025-05-24,2295.4
2998,51,Basic,LinkedIn,Sudeste,18.87,0,15,199.9,No,2023-11-06,2998.5
2999,23,Basic,Google Ads,Sudeste,43.71,1,12,49.9,No,2023-10-20,598.8
3000,63,Basic,Orgânico,Sudeste,14.21,3,14,49.9,No,2023-03-09,698.6
3001,23,Pro,Indicação,Sudeste,36.58,3,2,89.9,Yes,2023-10-15,179.8
3002,51,Pro,Orgânico,Centro-Oeste,19.65,4,18,89.9,No,2025-01-27,1618.2
3003,18,Enterprise,Orgânico,Norte,18.19,1,27,49.9,No,2024-05-21,1347.3
3004,27,Basic,Google Ads,Sul,5.99,4,44,89.9,Yes,2025-10-31,3955.6000000000004
3005,38,Basic,Google Ads,Norte,25.98,5,17,49.9,No,2025-02-01,848.3
3006,22,Pro,Instagram,Norte,7.91,0,44,49.9,No,2024-12-09,2195.6
3007,19,Basic,Instagram,Sul,28.88,0,25,49.9,No,2023-07-22,1247.5
3008,39,Basic,Indicação,Sudeste,15.51,0,43,49.9,No,2025-08-10,2145.7
3009,19,Enterprise,Orgânico,Sudeste,8.74,5,6,89.9,Yes,2023-08-02,539.4000000000001
3010,27,Pro,Instagram,Sudeste,47.72,4,36,89.9,No,2024-06-23,3236.4
3011,51,Basic,LinkedIn,Sul,36.97,2,43,49.9,No,2023-04-04,2145.7
3012,33,Pro,Orgânico,Sudeste,37.79,4,25,199.9,No,2024-08-11,4997.5
3013,56,Pro,Google Ads,Norte,14.05,0,37,49.9,No,2023-03-24,1846.3
3014,39,Pro,Google Ads,Sul,53.86,3,44,49.9,No,2024-07-05,2195.6
3015,29,Pro,LinkedIn,Sudeste,18.74,1,16,199.9,No,2025-05-30,3198.4
3016,41,Basic,Instagram,Nordeste,10.29,1,8,89.9,No,2025-07-03,719.2
3017,64,Pro,Orgânico,Nordeste,18.53,2,28,89.9,No,2025-02-27,2517.2000000000003
3018,57,Basic,Instagram,Sudeste,34.67,2,43,89.9,No,2023-10-24,3865.7000000000003
3019,55,Basic,Orgânico,Sudeste,25.45,4,7,199.9,No,2023-05-28,1399.3
3020,27,Enterprise,LinkedIn,Nordeste,17.86,2,28,49.9,No,2023-10-02,1397.2
3021,52,Pro,Google Ads,Nordeste,10.2,0,31,89.9,No,2025-01-30,2786.9
3022,49,Pro,Google Ads,Norte,21.37,1,30,89.9,No,2024-09-09,2697.0
3023,24,Pro,Google Ads,Sul,8.17,2,3,49.9,Yes,2025-05-16,149.7
3024,38,Enterprise,Google Ads,Nordeste,28.08,1,45,49.9,No,2024-12-26,2245.5
3025,37,Enterprise,Instagram,Sudeste,11.08,2,5,49.9,No,2023-06-11,249.5
3026,43,Pro,LinkedIn,Norte,37.02,1,41,49.9,No,2025-12-01,2045.8999999999999
3027,21,Basic,Indicação,Sudeste,8.69,2,35,89.9,No,2025-10-15,3146.5
3028,63,Basic,LinkedIn,Sudeste,17.72,3,4,89.9,No,2023-08-26,359.6
3029,39,Basic,Google Ads,Sul,19.4,3,25,89.9,No,2024-02-17,2247.5
3030,32,Basic,Indicação,Sudeste,5.24,2,9,89.9,No,2023-12-06,809.1
3031,57,Pro,Instagram,Sudeste,35.51,1,47,199.9,No,2023-10-09,9395.300000000001
3032,38,Pro,Orgânico,Sul,15.29,4,41,89.9,No,2025-07-15,3685.9
3033,32,Enterprise,Orgânico,Sudeste,30.13,1,33,89.9,No,2024-03-28,2966.7000000000003
3034,39,Pro,Orgânico,Sudeste,10.31,2,5,49.9,No,2023-08-18,249.5
3035,45,Pro,Indicação,Nordeste,15.45,3,39,49.9,No,2024-11-11,1946.1
3036,31,Basic,Google Ads,Sul,12.18,5,6,89.9,No,2025-12-27,539.4000000000001
3037,44,Basic,Google Ads,Nordeste,23.51,0,8,199.9,No,2025-01-04,1599.2
3038,58,Basic,Orgânico,Nordeste,61.82,0,27,199.9,No,2023-11-11,5397.3
3039,57,Pro,Instagram,Sudeste,25.97,3,44,89.9,No,2025-03-16,3955.6000000000004
3040,45,Basic,LinkedIn,Sul,28.51,1,35,49.9,No,2024-08-28,1746.5
3041,43,Pro,Orgânico,Nordeste,7.97,1,24,89.9,No,2023-03-14,2157.6000000000004
3042,19,Pro,Indicação,Sudeste,18.13,1,35,89.9,No,2024-04-28,3146.5
3043,42,Basic,Google Ads,Sul,27.15,3,27,89.9,No,2025-07-18,2427.3
3044,20,Basic,Google Ads,Sudeste,29.9,2,40,199.9,No,2024-04-12,7996.0
3045,25,Pro,Google Ads,Sudeste,13.16,2,32,89.9,No,2023-10-10,2876.8
3046,61,Basic,Indicação,Sudeste,23.62,1,15,89.9,No,2025-01-07,1348.5
3047,50,Pro,LinkedIn,Norte,20.46,5,46,199.9,No,2024-08-17,9195.4
3048,59,Pro,Orgânico,Nordeste,20.29,1,8,89.9,No,2024-09-11,719.2
3049,52,Pro,Indicação,Nordeste,31.25,1,31,199.9,No,2025-06-07,6196.900000000001
3050,23,Pro,Google Ads,Sudeste,19.91,3,44,49.9,No,2023-12-14,2195.6
3051,56,Pro,Google Ads,Norte,25.67,3,8,89.9,No,2023-05-30,719.2
3052,40,Enterprise,LinkedIn,Centro-Oeste,19.9,3,39,49.9,No,2024-05-01,1946.1
3053,42,Basic,Orgânico,Nordeste,35.67,1,30,49.9,No,2023-11-21,1497.0
3054,60,Pro,Google Ads,Sudeste,16.58,3,24,49.9,No,2023-10-19,1197.6
3055,36,Basic,Orgânico,Sudeste,20.49,1,38,49.9,No,2023-06-05,1896.2
3056,22,Basic,Instagram,Nordeste,23.9,3,2,89.9,Yes,2023-10-27,179.8
3057,28,Basic,Instagram,Sudeste,19.42,2,47,89.9,No,2025-03-07,4225.3
3058,29,Pro,Orgânico,Norte,17.18,3,32,199.9,No,2023-07-24,6396.8
3059,27,Basic,Google Ads,Sudeste,12.14,3,48,49.9,No,2025-05-18,2395.2
3060,25,Basic,Indicação,Norte,35.93,2,7,89.9,Yes,2025-05-27,629.3000000000001
3061,41,Enterprise,Google Ads,Sudeste,28.76,2,33,49.9,No,2023-04-21,1646.7
3062,45,Pro,Orgânico,Sudeste,22.5,3,23,199.9,No,2025-01-10,4597.7
3063,58,Pro,Orgânico,Sudeste,12.3,2,29,89.9,No,2023-12-02,2607.1000000000004
3064,53,Pro,Orgânico,Centro-Oeste,16.35,1,46,89.9,No,2023-12-11,4135.400000000001
3065,54,Enterprise,Google Ads,Nordeste,55.77,1,32,49.9,No,2025-10-31,1596.8
3066,38,Pro,Google Ads,Sudeste,29.67,4,45,49.9,No,2024-10-04,2245.5
3067,25,Basic,LinkedIn,Sul,11.12,0,48,49.9,No,2025-07-21,2395.2
3068,26,Enterprise,Instagram,Sudeste,21.24,3,29,49.9,No,2025-05-13,1447.1
3069,64,Pro,Indicação,Sudeste,16.8,1,12,89.9,No,2023-12-10,1078.8000000000002
3070,32,Basic,LinkedIn,Centro-Oeste,28.89,1,38,49.9,No,2024-05-23,1896.2
3071,63,Pro,Google Ads,Sudeste,34.55,1,2,49.9,No,2025-10-16,99.8
3072,57,Basic,Indicação,Sudeste,27.19,0,7,89.9,No,2024-03-19,629.3000000000001
3073,35,Enterprise,Orgânico,Norte,31.81,1,40,89.9,No,2024-12-15,3596.0
3074,59,Basic,Orgânico,Sul,11.49,5,8,49.9,Yes,2023-06-01,399.2
3075,37,Enterprise,Instagram,Centro-Oeste,25.55,2,19,89.9,No,2023-10-11,1708.1000000000001
3076,23,Enterprise,Instagram,Sul,32.61,0,37,89.9,No,2024-09-13,3326.3
3077,29,Pro,Google Ads,Sudeste,21.7,0,9,199.9,No,2024-05-06,1799.1000000000001
3078,19,Pro,Google Ads,Centro-Oeste,23.45,3,15,49.9,No,2023-07-19,748.5
3079,24,Basic,Instagram,Sudeste,13.62,0,25,89.9,No,2025-11-18,2247.5
3080,33,Basic,Orgânico,Sudeste,31.86,2,12,89.9,No,2023-04-02,1078.8000000000002
3081,20,Basic,Google Ads,Nordeste,10.82,1,3,89.9,No,2024-05-06,269.70000000000005
3082,62,Pro,Instagram,Nordeste,28.83,2,11,49.9,No,2023-03-07,548.9
3083,20,Pro,Google Ads,Nordeste,22.39,2,32,49.9,No,2024-10-06,1596.8
3084,44,Basic,Instagram,Centro-Oeste,38.7,1,24,89.9,No,2023-10-20,2157.6000000000004
3085,60,Basic,Google Ads,Sudeste,14.55,2,9,89.9,No,2025-05-03,809.1
3086,57,Enterprise,LinkedIn,Sudeste,24.5,1,21,89.9,No,2023-07-11,1887.9
3087,55,Basic,Instagram,Nordeste,27.49,4,32,89.9,No,2025-11-10,2876.8
3088,50,Enterprise,Google Ads,Sudeste,21.96,3,6,49.9,No,2024-07-04,299.4
3089,45,Basic,Google Ads,Sul,15.72,0,20,89.9,No,2023-10-17,1798.0
3090,18,Pro,Indicação,Sul,6.25,3,38,49.9,Yes,2025-05-04,1896.2
3091,25,Basic,Instagram,Sudeste,14.89,2,44,89.9,No,2023-12-23,3955.6000000000004
3092,54,Pro,Google Ads,Sul,17.54,2,16,89.9,No,2024-01-22,1438.4
3093,49,Pro,Orgânico,Sudeste,6.36,5,28,199.9,Yes,2025-09-21,5597.2
3094,60,Basic,Instagram,Centro-Oeste,5.83,3,22,49.9,No,2023-08-19,1097.8
3095,54,Pro,LinkedIn,Sul,23.81,1,43,49.9,No,2025-03-01,2145.7
3096,21,Pro,Orgânico,Centro-Oeste,15.5,1,23,89.9,No,2025-04-17,2067.7000000000003
3097,47,Pro,Instagram,Nordeste,18.89,1,33,49.9,No,2023-10-30,1646.7
3098,23,Pro,Orgânico,Sudeste,31.7,1,7,89.9,No,2024-09-16,629.3000000000001
3099,63,Basic,Orgânico,Sudeste,26.08,0,12,49.9,No,2025-05-28,598.8
3100,36,Pro,Google Ads,Sul,8.55,0,19,89.9,Yes,2024-07-22,1708.1000000000001
3101,49,Enterprise,Orgânico,Sudeste,4.39,0,47,89.9,No,2023-10-18,4225.3
3102,26,Enterprise,Google Ads,Centro-Oeste,29.35,4,14,89.9,No,2024-10-08,1258.6000000000001
3103,29,Enterprise,Instagram,Sudeste,7.2,4,25,49.9,No,2024-03-05,1247.5
3104,28,Basic,Orgânico,Sudeste,9.99,1,29,49.9,No,2025-06-16,1447.1
3105,63,Pro,Orgânico,Sudeste,11.04,1,7,89.9,No,2025-04-20,629.3000000000001
3106,33,Pro,Indicação,Nordeste,37.99,2,20,199.9,No,2025-09-30,3998.0
3107,18,Basic,Google Ads,Sul,23.12,2,31,89.9,No,2025-07-14,2786.9
3108,62,Pro,LinkedIn,Nordeste,26.15,0,37,49.9,No,2023-10-21,1846.3
3109,38,Pro,LinkedIn,Centro-Oeste,3.66,0,42,49.9,Yes,2025-04-29,2095.7999999999997
3110,47,Basic,Instagram,Sudeste,5.61,5,38,89.9,No,2023-10-15,3416.2000000000003
3111,30,Basic,Orgânico,Sudeste,29.41,1,36,49.9,No,2024-06-30,1796.3999999999999
3112,51,Pro,Instagram,Sul,7.24,2,38,89.9,Yes,2024-05-13,3416.2000000000003
3113,21,Basic,Google Ads,Sudeste,43.14,2,36,49.9,No,2024-08-10,1796.3999999999999
3114,45,Basic,Google Ads,Sudeste,12.05,4,21,49.9,No,2024-03-01,1047.8999999999999
3115,55,Basic,Instagram,Sul,10.94,2,20,49.9,No,2024-08-11,998.0
3116,48,Basic,Indicação,Sudeste,11.19,1,41,89.9,No,2023-03-22,3685.9
3117,44,Enterprise,Google Ads,Nordeste,17.48,1,47,89.9,No,2024-04-12,4225.3
3118,22,Pro,Orgânico,Norte,41.67,1,37,49.9,No,2025-08-20,1846.3
3119,42,Pro,Google Ads,Centro-Oeste,13.86,0,37,89.9,No,2025-08-09,3326.3
3120,20,Enterprise,Instagram,Sudeste,23.17,3,33,49.9,No,2023-07-19,1646.7
3121,50,Pro,Indicação,Norte,27.91,1,30,199.9,No,2023-11-17,5997.0
3122,21,Basic,Google Ads,Sudeste,38.06,0,18,89.9,No,2023-07-11,1618.2
3123,42,Pro,LinkedIn,Sudeste,29.03,2,2,49.9,No,2024-07-25,99.8
3124,37,Basic,Orgânico,Sudeste,21.27,1,44,199.9,No,2023-07-29,8795.6
3125,51,Basic,LinkedIn,Sudeste,6.06,3,10,49.9,No,2023-08-13,499.0
3126,43,Pro,LinkedIn,Sudeste,17.44,1,9,49.9,No,2024-03-19,449.09999999999997
3127,22,Pro,Orgânico,Centro-Oeste,5.5,2,22,49.9,No,2023-02-16,1097.8
3128,52,Pro,Orgânico,Sudeste,8.41,2,23,89.9,Yes,2025-11-07,2067.7000000000003
3129,45,Enterprise,Google Ads,Sudeste,15.57,1,42,49.9,No,2024-07-18,2095.7999999999997
3130,46,Pro,Indicação,Sudeste,21.75,2,5,89.9,No,2025-05-26,449.5
3131,26,Pro,Google Ads,Nordeste,12.22,3,47,199.9,No,2023-03-06,9395.300000000001
3132,55,Enterprise,Google Ads,Norte,43.77,0,17,89.9,No,2025-01-29,1528.3000000000002
3133,23,Basic,Instagram,Centro-Oeste,21.06,2,34,89.9,No,2024-03-04,3056.6000000000004
3134,36,Basic,Orgânico,Sudeste,31.38,1,44,89.9,No,2025-07-16,3955.6000000000004
3135,61,Pro,LinkedIn,Centro-Oeste,4.7,3,8,49.9,No,2024-11-01,399.2
3136,28,Pro,Instagram,Sudeste,23.18,2,39,49.9,No,2025-04-08,1946.1
3137,19,Basic,Google Ads,Norte,43.97,1,23,49.9,No,2024-06-22,1147.7
3138,64,Basic,Orgânico,Nordeste,32.98,2,13,49.9,No,2024-12-09,648.6999999999999
3139,61,Basic,Instagram,Sudeste,21.47,1,42,199.9,No,2023-07-24,8395.800000000001
3140,61,Pro,Instagram,Nordeste,19.36,2,45,49.9,No,2024-07-04,2245.5
3141,26,Pro,Orgânico,Sudeste,13.86,2,18,89.9,No,2023-10-21,1618.2
3142,38,Enterprise,Indicação,Sul,10.48,2,26,49.9,No,2024-10-21,1297.3999999999999
3143,41,Pro,Google Ads,Nordeste,9.83,1,16,49.9,No,2024-10-26,798.4
3144,51,Pro,Instagram,Sudeste,5.23,2,46,199.9,Yes,2023-12-27,9195.4
3145,39,Pro,Orgânico,Norte,11.72,1,38,89.9,No,2024-11-15,3416.2000000000003
3146,20,Basic,Orgânico,Sudeste,13.54,2,43,89.9,No,2023-01-19,3865.7000000000003
3147,29,Basic,Google Ads,Nordeste,21.08,4,9,49.9,No,2023-12-08,449.09999999999997
3148,45,Pro,Instagram,Centro-Oeste,10.98,3,38,49.9,No,2024-05-24,1896.2
3149,47,Basic,Google Ads,Nordeste,21.27,0,6,49.9,No,2023-04-26,299.4
3150,43,Pro,LinkedIn,Sudeste,33.8,1,5,199.9,No,2023-10-05,999.5
3151,38,Pro,Indicação,Sudeste,22.93,4,10,49.9,No,2025-02-05,499.0
3152,45,Basic,Instagram,Nordeste,23.82,1,23,89.9,No,2025-11-22,2067.7000000000003
3153,43,Enterprise,Orgânico,Centro-Oeste,20.71,2,6,199.9,No,2025-07-13,1199.4
3154,50,Pro,Indicação,Sudeste,38.97,2,13,89.9,No,2024-06-22,1168.7
3155,38,Basic,Indicação,Sudeste,20.77,2,9,89.9,No,2024-05-02,809.1
3156,52,Pro,Orgânico,Norte,10.52,2,38,89.9,No,2025-11-20,3416.2000000000003
3157,51,Pro,Instagram,Nordeste,22.87,3,32,89.9,No,2025-05-04,2876.8
3158,58,Basic,Instagram,Centro-Oeste,20.33,2,16,89.9,No,2023-01-11,1438.4
3159,64,Basic,Indicação,Nordeste,33.38,0,17,49.9,No,2025-12-27,848.3
3160,35,Pro,Orgânico,Sudeste,22.04,2,32,89.9,No,2023-03-24,2876.8
3161,28,Enterprise,Google Ads,Norte,22.53,3,32,49.9,No,2023-08-05,1596.8
3162,40,Pro,Orgânico,Sudeste,15.24,4,4,89.9,Yes,2025-03-08,359.6
3163,39,Enterprise,Google Ads,Sudeste,16.41,2,12,49.9,No,2025-09-25,598.8
3164,34,Pro,Google Ads,Sul,13.07,2,28,49.9,No,2024-06-20,1397.2
3165,22,Basic,Google Ads,Sudeste,19.04,3,6,49.9,No,2024-10-11,299.4
3166,61,Pro,Orgânico,Sudeste,18.38,4,4,49.9,Yes,2025-02-28,199.6
3167,28,Basic,LinkedIn,Nordeste,17.16,2,47,89.9,No,2023-11-05,4225.3
3168,47,Basic,Google Ads,Nordeste,29.71,1,8,199.9,No,2024-06-20,1599.2
3169,32,Pro,Orgânico,Norte,22.14,0,29,89.9,No,2023-04-07,2607.1000000000004
3170,44,Pro,Indicação,Sul,15.8,2,27,49.9,No,2025-01-05,1347.3
3171,52,Basic,Orgânico,Centro-Oeste,22.49,2,22,49.9,No,2024-11-15,1097.8
3172,50,Enterprise,Google Ads,Centro-Oeste,59.5,4,46,49.9,No,2025-02-20,2295.4
3173,37,Pro,Google Ads,Sudeste,54.4,4,47,49.9,No,2024-03-27,2345.2999999999997
3174,33,Enterprise,LinkedIn,Sudeste,12.03,2,47,199.9,No,2024-04-11,9395.300000000001
3175,51,Basic,Orgânico,Sudeste,19.17,3,3,89.9,Yes,2025-03-18,269.70000000000005
3176,19,Enterprise,Indicação,Sul,13.44,3,9,49.9,No,2024-07-08,449.09999999999997
3177,52,Basic,Indicação,Sul,16.58,2,26,89.9,No,2023-01-21,2337.4
3178,57,Basic,Orgânico,Nordeste,21.42,0,12,49.9,No,2024-04-19,598.8
3179,45,Pro,Google Ads,Centro-Oeste,30.52,2,11,49.9,No,2023-12-03,548.9
3180,64,Pro,Indicação,Nordeste,20.03,3,12,89.9,No,2023-07-07,1078.8000000000002
3181,56,Pro,Instagram,Centro-Oeste,9.58,2,38,49.9,No,2025-01-01,1896.2
3182,23,Pro,Google Ads,Sul,33.43,4,26,199.9,No,2024-09-17,5197.400000000001
3183,26,Basic,Google Ads,Sudeste,23.36,0,47,89.9,Yes,2024-04-23,4225.3
3184,37,Pro,Orgânico,Sudeste,16.51,1,19,49.9,No,2024-06-05,948.1
3185,18,Basic,Orgânico,Sudeste,19.56,0,16,89.9,No,2025-08-13,1438.4
3186,25,Pro,Instagram,Norte,18.22,0,30,89.9,No,2023-12-26,2697.0
3187,40,Basic,Google Ads,Centro-Oeste,29.78,0,5,89.9,No,2024-03-27,449.5
3188,20,Enterprise,Google Ads,Sudeste,19.32,3,37,49.9,No,2023-07-21,1846.3
3189,21,Pro,Orgânico,Sul,19.86,1,9,49.9,No,2025-02-02,449.09999999999997
3190,42,Pro,Indicação,Centro-Oeste,14.78,1,31,89.9,No,2025-08-14,2786.9
3191,64,Enterprise,Orgânico,Centro-Oeste,25.63,1,2,89.9,No,2024-06-18,179.8
3192,55,Pro,Orgânico,Centro-Oeste,18.3,1,16,49.9,Yes,2024-11-02,798.4
3193,32,Basic,Instagram,Sudeste,16.55,1,22,89.9,No,2023-10-09,1977.8000000000002
3194,38,Basic,Google Ads,Sudeste,16.38,3,24,89.9,No,2025-04-05,2157.6000000000004
3195,52,Pro,LinkedIn,Sudeste,30.57,3,42,89.9,No,2024-01-29,3775.8
3196,63,Basic,Google Ads,Nordeste,14.88,2,42,49.9,No,2025-06-15,2095.7999999999997
3197,31,Pro,Google Ads,Sul,13.64,6,16,49.9,No,2025-11-22,798.4
3198,53,Basic,Google Ads,Sudeste,37.07,3,20,89.9,No,2024-12-06,1798.0
3199,29,Basic,Indicação,Centro-Oeste,7.71,1,13,49.9,No,2023-08-19,648.6999999999999
3200,34,Pro,LinkedIn,Sudeste,22.86,4,46,49.9,No,2024-06-05,2295.4
3201,56,Enterprise,Instagram,Centro-Oeste,18.67,5,17,49.9,No,2023-10-19,848.3
3202,26,Pro,LinkedIn,Sul,20.36,2,21,199.9,No,2024-12-19,4197.900000000001
3203,52,Enterprise,Google Ads,Sul,18.26,1,20,49.9,No,2025-08-08,998.0
3204,30,Enterprise,Orgânico,Nordeste,19.69,2,23,49.9,No,2023-02-23,1147.7
3205,32,Basic,Indicação,Sudeste,29.53,2,16,89.9,No,2025-11-20,1438.4
3206,35,Basic,Google Ads,Sudeste,7.27,1,23,49.9,No,2023-10-09,1147.7
3207,50,Pro,Indicação,Sudeste,12.81,1,11,89.9,No,2023-05-20,988.9000000000001
3208,23,Enterprise,LinkedIn,Nordeste,18.36,2,3,89.9,Yes,2023-12-24,269.70000000000005
3209,44,Pro,Google Ads,Centro-Oeste,26.23,3,47,49.9,No,2024-01-15,2345.2999999999997
3210,40,Enterprise,Instagram,Norte,31.15,2,18,49.9,No,2023-10-12,898.1999999999999
3211,44,Basic,Orgânico,Nordeste,11.37,5,45,49.9,Yes,2024-07-16,2245.5
3212,51,Basic,Google Ads,Nordeste,9.51,2,27,89.9,Yes,2023-01-18,2427.3
3213,63,Pro,LinkedIn,Sudeste,15.56,2,27,89.9,No,2023-11-05,2427.3
3214,55,Pro,Orgânico,Nordeste,7.9,3,26,49.9,No,2024-03-12,1297.3999999999999
3215,31,Basic,Instagram,Sudeste,22.65,3,28,89.9,No,2023-08-12,2517.2000000000003
3216,53,Basic,Instagram,Nordeste,9.91,4,44,49.9,No,2025-05-02,2195.6
3217,25,Basic,Orgânico,Nordeste,20.13,1,33,49.9,No,2024-07-24,1646.7
3218,52,Pro,Instagram,Centro-Oeste,11.88,3,37,89.9,No,2025-11-10,3326.3
3219,36,Enterprise,Indicação,Sudeste,7.14,2,19,89.9,Yes,2024-02-02,1708.1000000000001
3220,47,Enterprise,Indicação,Centro-Oeste,9.99,2,9,49.9,No,2025-04-29,449.09999999999997
3221,31,Pro,Orgânico,Sudeste,17.07,1,8,49.9,No,2025-03-07,399.2
3222,37,Pro,Orgânico,Sudeste,9.68,3,20,89.9,No,2025-05-16,1798.0
3223,42,Pro,Orgânico,Norte,32.18,1,28,49.9,Yes,2024-12-07,1397.2
3224,57,Basic,Indicação,Sudeste,16.58,3,24,49.9,No,2024-07-30,1197.6
3225,41,Basic,Orgânico,Sul,20.44,1,21,49.9,No,2024-09-07,1047.8999999999999
3226,31,Basic,Orgânico,Centro-Oeste,12.7,1,45,199.9,No,2023-04-21,8995.5
3227,43,Pro,Orgânico,Nordeste,14.55,2,10,49.9,No,2023-08-23,499.0
3228,55,Enterprise,Orgânico,Nordeste,27.02,6,12,49.9,No,2024-09-10,598.8
3229,40,Pro,Google Ads,Centro-Oeste,11.34,3,18,49.9,No,2025-05-10,898.1999999999999
3230,39,Pro,Indicação,Sul,15.1,2,40,89.9,No,2024-06-15,3596.0
3231,36,Basic,Google Ads,Sul,11.54,0,23,199.9,No,2025-05-23,4597.7
3232,63,Pro,Instagram,Sudeste,11.02,3,38,199.9,No,2025-09-16,7596.2
3233,20,Pro,Google Ads,Sudeste,36.58,2,32,49.9,No,2025-10-29,1596.8
3234,59,Pro,Orgânico,Nordeste,17.2,2,40,199.9,No,2024-06-23,7996.0
3235,36,Basic,Instagram,Sudeste,5.58,3,30,49.9,Yes,2024-06-21,1497.0
3236,26,Enterprise,Indicação,Sudeste,14.21,0,11,49.9,No,2025-09-13,548.9
3237,45,Pro,LinkedIn,Nordeste,17.94,4,13,89.9,No,2023-07-22,1168.7
3238,37,Enterprise,Google Ads,Sudeste,46.06,1,39,89.9,No,2025-02-16,3506.1000000000004
3239,62,Pro,LinkedIn,Sul,12.6,2,31,89.9,Yes,2025-01-12,2786.9
3240,24,Enterprise,Indicação,Sudeste,4.78,4,16,49.9,No,2025-09-05,798.4
3241,31,Basic,Orgânico,Sul,20.09,1,30,199.9,No,2023-04-01,5997.0
3242,26,Basic,Google Ads,Sudeste,25.92,0,13,49.9,No,2024-02-09,648.6999999999999
3243,36,Basic,Instagram,Nordeste,6.79,0,28,199.9,No,2023-11-07,5597.2
3244,64,Basic,Indicação,Norte,15.8,4,35,89.9,No,2025-08-07,3146.5
3245,31,Pro,Google Ads,Sul,13.82,3,18,49.9,No,2024-12-24,898.1999999999999
3246,55,Pro,Google Ads,Sudeste,14.89,3,29,49.9,No,2025-07-21,1447.1
3247,53,Pro,Google Ads,Centro-Oeste,11.18,2,19,49.9,No,2024-07-12,948.1
3248,57,Basic,Indicação,Sudeste,9.11,1,4,49.9,No,2025-11-03,199.6
3249,34,Enterprise,Instagram,Sudeste,8.79,6,37,89.9,No,2023-03-05,3326.3
3250,47,Basic,LinkedIn,Sul,31.66,2,36,49.9,No,2023-02-08,1796.3999999999999
3251,26,Basic,Orgânico,Centro-Oeste,19.04,5,20,49.9,Yes,2025-05-31,998.0
3252,50,Pro,Orgânico,Nordeste,36.35,1,14,49.9,No,2023-05-04,698.6
3253,42,Pro,Instagram,Norte,20.59,1,19,89.9,No,2025-09-20,1708.1000000000001
3254,31,Basic,LinkedIn,Nordeste,72.83,1,39,49.9,No,2024-03-16,1946.1
3255,28,Basic,Google Ads,Sul,11.76,3,7,49.9,No,2024-04-14,349.3
3256,52,Pro,Google Ads,Centro-Oeste,30.16,3,27,49.9,No,2023-01-08,1347.3
3257,58,Basic,Instagram,Sudeste,10.06,2,30,49.9,No,2025-11-02,1497.0
3258,31,Basic,Instagram,Norte,21.46,3,13,199.9,No,2023-06-13,2598.7000000000003
3259,47,Pro,LinkedIn,Norte,15.25,4,33,199.9,No,2024-12-27,6596.7
3260,58,Basic,Orgânico,Norte,13.37,2,34,49.9,No,2024-04-11,1696.6
3261,21,Basic,Orgânico,Nordeste,19.9,0,36,49.9,No,2025-02-07,1796.3999999999999
3262,21,Pro,Google Ads,Sudeste,25.94,1,36,49.9,No,2024-03-21,1796.3999999999999
3263,45,Enterprise,Indicação,Nordeste,14.79,2,24,49.9,No,2024-01-25,1197.6
3264,25,Enterprise,Google Ads,Norte,15.57,3,34,199.9,No,2023-09-14,6796.6
3265,19,Basic,Indicação,Sudeste,15.94,6,33,89.9,No,2024-01-09,2966.7000000000003
3266,58,Basic,Google Ads,Nordeste,13.06,3,25,49.9,No,2025-06-02,1247.5
3267,63,Basic,Orgânico,Norte,13.15,3,22,89.9,No,2024-03-31,1977.8000000000002
3268,39,Basic,Orgânico,Sudeste,22.8,1,11,199.9,No,2023-03-20,2198.9
3269,58,Pro,Google Ads,Sudeste,17.16,3,1,49.9,Yes,2023-02-07,49.9
3270,33,Pro,Orgânico,Sudeste,17.27,1,38,199.9,No,2024-03-25,7596.2
3271,46,Pro,Indicação,Sul,17.14,1,28,89.9,No,2024-01-21,2517.2000000000003
3272,47,Basic,LinkedIn,Sudeste,44.17,6,25,49.9,No,2023-09-30,1247.5
3273,29,Basic,Indicação,Sudeste,43.01,2,16,89.9,No,2025-09-02,1438.4
3274,52,Pro,Indicação,Centro-Oeste,11.1,1,47,49.9,No,2025-09-10,2345.2999999999997
3275,28,Basic,Orgânico,Sudeste,19.08,0,9,49.9,No,2025-03-30,449.09999999999997
3276,63,Pro,Orgânico,Norte,10.39,2,21,89.9,No,2023-12-10,1887.9
3277,38,Pro,LinkedIn,Sudeste,16.92,1,14,199.9,No,2023-08-10,2798.6
3278,38,Pro,Orgânico,Nordeste,26.42,1,33,49.9,No,2024-12-18,1646.7
3279,22,Pro,Orgânico,Sul,30.16,3,21,49.9,No,2023-06-28,1047.8999999999999
3280,37,Pro,Instagram,Centro-Oeste,11.14,1,42,89.9,No,2024-05-04,3775.8
3281,54,Basic,Google Ads,Centro-Oeste,36.36,1,21,49.9,No,2024-04-11,1047.8999999999999
3282,20,Basic,Indicação,Nordeste,10.36,1,2,89.9,No,2024-07-29,179.8
3283,61,Pro,Orgânico,Sudeste,20.27,3,19,49.9,No,2025-01-14,948.1
3284,50,Basic,Google Ads,Sudeste,19.86,1,20,89.9,No,2023-11-10,1798.0
3285,26,Pro,Instagram,Sudeste,24.66,2,3,49.9,No,2025-10-22,149.7
3286,26,Pro,Google Ads,Sudeste,38.7,3,35,49.9,No,2024-08-02,1746.5
3287,21,Enterprise,Orgânico,Sudeste,5.37,4,19,89.9,Yes,2024-07-09,1708.1000000000001
3288,52,Enterprise,Orgânico,Sudeste,32.45,3,15,89.9,No,2024-07-15,1348.5
3289,34,Basic,LinkedIn,Centro-Oeste,32.29,1,18,49.9,No,2024-10-26,898.1999999999999
3290,51,Enterprise,Instagram,Nordeste,6.68,3,22,89.9,Yes,2025-02-27,1977.8000000000002
3291,41,Pro,Orgânico,Norte,23.42,1,29,49.9,No,2023-11-23,1447.1
3292,49,Pro,Google Ads,Sudeste,21.75,0,17,49.9,No,2025-12-01,848.3
3293,18,Basic,Orgânico,Sul,7.14,2,11,49.9,No,2025-08-03,548.9
3294,25,Enterprise,Instagram,Nordeste,8.31,2,2,49.9,Yes,2025-07-03,99.8
3295,62,Basic,LinkedIn,Sudeste,27.9,0,10,49.9,No,2023-09-29,499.0
3296,40,Pro,LinkedIn,Sudeste,18.07,1,47,89.9,No,2025-01-05,4225.3
3297,64,Basic,Indicação,Sudeste,14.91,1,22,199.9,No,2024-10-25,4397.8
3298,57,Pro,Orgânico,Centro-Oeste,18.16,2,17,49.9,No,2025-03-30,848.3
3299,29,Basic,Orgânico,Nordeste,31.29,1,26,199.9,No,2023-11-09,5197.400000000001
3300,29,Basic,Orgânico,Norte,8.78,3,47,49.9,No,2023-08-22,2345.2999999999997
3301,63,Basic,Google Ads,Norte,20.72,0,46,89.9,No,2023-08-04,4135.400000000001
3302,64,Basic,Instagram,Nordeste,17.09,0,3,49.9,No,2023-12-31,149.7
3303,32,Basic,LinkedIn,Nordeste,32.58,5,38,89.9,No,2024-12-29,3416.2000000000003
3304,58,Pro,Orgânico,Sul,14.16,3,22,89.9,No,2024-07-04,1977.8000000000002
3305,36,Pro,LinkedIn,Nordeste,13.7,2,20,89.9,No,2024-04-07,1798.0
3306,43,Pro,Orgânico,Sul,14.17,5,41,89.9,No,2024-10-05,3685.9
3307,46,Pro,Orgânico,Nordeste,7.22,5,35,199.9,No,2025-02-27,6996.5
3308,39,Basic,LinkedIn,Sudeste,16.45,1,15,89.9,No,2023-02-01,1348.5
3309,57,Basic,Orgânico,Sudeste,13.21,1,38,199.9,No,2025-08-05,7596.2
3310,38,Basic,Orgânico,Sudeste,23.11,3,10,89.9,No,2025-02-08,899.0
3311,55,Enterprise,Orgânico,Sudeste,30.8,1,33,49.9,No,2025-04-20,1646.7
3312,37,Enterprise,Indicação,Sudeste,22.31,2,23,89.9,No,2025-11-23,2067.7000000000003
3313,46,Basic,Orgânico,Sul,32.53,2,6,89.9,No,2023-02-01,539.4000000000001
3314,21,Basic,Google Ads,Nordeste,13.85,0,31,49.9,No,2024-06-18,1546.8999999999999
3315,24,Enterprise,Indicação,Nordeste,20.38,2,26,49.9,No,2023-10-28,1297.3999999999999
3316,45,Enterprise,Google Ads,Nordeste,40.72,1,13,89.9,No,2024-03-07,1168.7
3317,45,Enterprise,Google Ads,Nordeste,23.7,5,16,89.9,No,2023-08-19,1438.4
3318,21,Pro,Orgânico,Nordeste,24.93,1,36,89.9,No,2023-12-05,3236.4
3319,39,Pro,Indicação,Norte,55.81,5,29,89.9,No,2024-04-12,2607.1000000000004
3320,29,Basic,Google Ads,Sudeste,48.81,2,23,49.9,No,2025-02-10,1147.7
3321,62,Pro,Instagram,Sudeste,25.65,1,12,49.9,No,2024-04-24,598.8
3322,20,Pro,Orgânico,Nordeste,23.16,0,36,49.9,No,2023-06-26,1796.3999999999999
3323,39,Pro,Orgânico,Sudeste,12.15,2,45,89.9,No,2024-07-27,4045.5000000000005
3324,61,Pro,Google Ads,Sul,5.75,0,25,49.9,No,2024-09-05,1247.5
3325,19,Basic,Orgânico,Nordeste,13.82,4,48,199.9,No,2025-03-12,9595.2
3326,41,Basic,Instagram,Sudeste,15.19,4,24,49.9,No,2025-04-09,1197.6
3327,51,Basic,Indicação,Sudeste,16.5,1,27,49.9,No,2024-08-05,1347.3
3328,44,Basic,Indicação,Sudeste,27.4,0,33,49.9,No,2025-02-15,1646.7
3329,58,Pro,Orgânico,Nordeste,36.3,4,19,89.9,No,2025-12-07,1708.1000000000001
3330,18,Pro,Orgânico,Norte,27.57,5,1,89.9,No,2025-03-09,89.9
3331,25,Pro,Instagram,Sul,19.03,2,29,89.9,No,2023-06-17,2607.1000000000004
3332,40,Basic,Indicação,Sudeste,26.53,3,29,89.9,No,2023-12-14,2607.1000000000004
3333,55,Pro,Instagram,Sudeste,19.4,3,45,49.9,No,2025-09-22,2245.5
3334,23,Basic,LinkedIn,Centro-Oeste,9.37,4,43,49.9,No,2024-10-07,2145.7
3335,39,Pro,LinkedIn,Sudeste,17.13,3,17,49.9,No,2023-04-21,848.3
3336,42,Basic,Instagram,Sudeste,11.77,3,39,49.9,No,2025-08-15,1946.1
3337,35,Basic,LinkedIn,Sudeste,11.52,1,30,49.9,No,2024-12-02,1497.0
3338,34,Enterprise,Google Ads,Sudeste,23.7,2,25,89.9,No,2024-03-25,2247.5
3339,29,Pro,Indicação,Sudeste,11.75,1,33,89.9,Yes,2023-04-12,2966.7000000000003
3340,23,Basic,Orgânico,Centro-Oeste,31.16,0,34,199.9,No,2023-10-15,6796.6
3341,43,Basic,Instagram,Sudeste,15.66,2,41,49.9,Yes,2024-09-29,2045.8999999999999
3342,44,Pro,Orgânico,Centro-Oeste,28.9,4,14,89.9,No,2025-08-21,1258.6000000000001
3343,25,Basic,Google Ads,Sudeste,17.62,5,48,199.9,No,2025-08-05,9595.2
3344,36,Enterprise,LinkedIn,Sudeste,11.7,0,26,49.9,No,2024-05-15,1297.3999999999999
3345,59,Pro,LinkedIn,Sudeste,25.13,4,18,199.9,No,2025-07-23,3598.2000000000003
3346,18,Pro,Google Ads,Centro-Oeste,22.83,4,20,49.9,No,2023-11-28,998.0
3347,46,Pro,Google Ads,Sudeste,41.95,0,7,199.9,No,2025-02-13,1399.3
3348,62,Basic,Orgânico,Nordeste,13.37,1,30,89.9,No,2025-08-21,2697.0
3349,52,Basic,LinkedIn,Sudeste,15.73,1,29,89.9,No,2023-06-14,2607.1000000000004
3350,57,Basic,Instagram,Sul,8.88,1,45,49.9,No,2024-02-12,2245.5
3351,31,Pro,Instagram,Sudeste,20.59,1,2,199.9,No,2024-04-11,399.8
3352,52,Basic,Orgânico,Sudeste,23.05,1,12,49.9,No,2023-02-16,598.8
3353,62,Enterprise,Instagram,Sudeste,12.09,4,21,49.9,No,2024-01-11,1047.8999999999999
3354,37,Basic,Orgânico,Sul,11.93,0,10,89.9,No,2024-05-28,899.0
3355,30,Basic,Instagram,Sudeste,29.03,1,34,199.9,No,2023-07-02,6796.6
3356,55,Basic,LinkedIn,Centro-Oeste,4.13,2,38,199.9,No,2025-05-09,7596.2
3357,63,Basic,Google Ads,Nordeste,5.17,3,33,89.9,No,2025-02-05,2966.7000000000003
3358,25,Basic,Orgânico,Sudeste,19.58,0,6,49.9,No,2023-10-26,299.4
3359,60,Basic,Indicação,Sudeste,21.59,3,21,89.9,No,2024-03-18,1887.9
3360,37,Basic,LinkedIn,Nordeste,41.13,3,28,49.9,No,2023-05-10,1397.2
3361,50,Pro,Google Ads,Sudeste,14.49,4,9,49.9,Yes,2025-07-02,449.09999999999997
3362,43,Pro,LinkedIn,Nordeste,23.07,3,21,89.9,No,2025-06-01,1887.9
3363,56,Basic,Google Ads,Norte,25.98,2,42,89.9,No,2023-04-15,3775.8
3364,38,Pro,Instagram,Nordeste,13.83,2,10,199.9,No,2024-09-07,1999.0
3365,59,Pro,Orgânico,Sudeste,27.98,2,29,49.9,No,2025-12-14,1447.1
3366,60,Enterprise,Orgânico,Sudeste,26.2,3,16,49.9,No,2023-11-04,798.4
3367,58,Pro,Google Ads,Nordeste,3.33,2,48,49.9,No,2023-10-25,2395.2
3368,26,Basic,Orgânico,Sudeste,14.59,1,19,89.9,No,2023-08-08,1708.1000000000001
3369,41,Pro,Orgânico,Nordeste,17.39,4,32,49.9,No,2023-02-06,1596.8
3370,54,Pro,LinkedIn,Sudeste,22.16,2,12,89.9,No,2023-12-30,1078.8000000000002
3371,58,Basic,LinkedIn,Nordeste,8.24,5,24,89.9,Yes,2025-01-20,2157.6000000000004
3372,34,Enterprise,Orgânico,Sudeste,8.77,3,42,199.9,No,2023-09-23,8395.800000000001
3373,41,Basic,Indicação,Sul,12.14,2,1,199.9,No,2024-11-04,199.9
3374,38,Enterprise,LinkedIn,Centro-Oeste,7.78,4,47,49.9,Yes,2023-01-07,2345.2999999999997
3375,56,Pro,Indicação,Sudeste,26.78,3,43,49.9,No,2023-03-13,2145.7
3376,58,Pro,Google Ads,Sul,10.36,2,42,49.9,No,2025-03-19,2095.7999999999997
3377,56,Pro,Orgânico,Sudeste,17.93,1,33,89.9,No,2025-09-04,2966.7000000000003
3378,30,Pro,LinkedIn,Sudeste,4.69,2,46,89.9,No,2023-08-11,4135.400000000001
3379,28,Pro,Indicação,Centro-Oeste,11.14,0,13,49.9,No,2024-09-10,648.6999999999999
3380,63,Enterprise,Google Ads,Sudeste,16.12,2,29,49.9,No,2024-06-15,1447.1
3381,36,Pro,Instagram,Sudeste,42.65,1,2,49.9,No,2025-07-04,99.8
3382,28,Enterprise,Instagram,Sudeste,9.86,0,40,49.9,No,2023-04-23,1996.0
3383,30,Enterprise,Instagram,Sudeste,35.26,0,11,89.9,Yes,2023-03-11,988.9000000000001
3384,63,Enterprise,Orgânico,Centro-Oeste,36.72,0,11,49.9,No,2023-11-19,548.9
3385,62,Pro,Instagram,Sudeste,20.12,3,31,89.9,No,2023-10-13,2786.9
3386,18,Pro,Google Ads,Nordeste,29.63,2,5,89.9,Yes,2023-02-24,449.5
3387,57,Basic,LinkedIn,Sul,5.86,2,3,89.9,No,2024-11-19,269.70000000000005
3388,61,Pro,Indicação,Sudeste,11.49,3,18,89.9,No,2023-06-06,1618.2
3389,36,Basic,Google Ads,Centro-Oeste,31.95,1,30,89.9,No,2023-06-06,2697.0
3390,29,Basic,Google Ads,Sul,15.09,0,21,89.9,No,2023-05-05,1887.9
3391,25,Basic,Orgânico,Sudeste,19.84,2,11,49.9,No,2023-04-15,548.9
3392,25,Enterprise,Google Ads,Sudeste,13.01,0,13,49.9,No,2025-07-23,648.6999999999999
3393,62,Enterprise,Orgânico,Sul,16.01,1,13,89.9,No,2023-06-10,1168.7
3394,29,Pro,Instagram,Sudeste,19.16,2,3,49.9,No,2024-08-06,149.7
3395,50,Pro,Indicação,Centro-Oeste,21.12,1,16,49.9,No,2024-06-08,798.4
3396,62,Pro,Google Ads,Sudeste,33.38,2,26,89.9,No,2025-10-12,2337.4
3397,43,Pro,Orgânico,Sudeste,18.04,1,14,89.9,Yes,2025-11-17,1258.6000000000001
3398,56,Basic,Google Ads,Norte,6.22,2,4,89.9,No,2024-08-22,359.6
3399,45,Basic,Instagram,Nordeste,14.45,3,37,199.9,No,2025-01-22,7396.3
3400,22,Basic,Google Ads,Sul,33.17,3,26,49.9,No,2023-10-09,1297.3999999999999
3401,25,Pro,Orgânico,Sul,26.85,1,38,89.9,No,2024-07-25,3416.2000000000003
3402,42,Pro,Orgânico,Sudeste,14.83,0,15,49.9,No,2023-09-12,748.5
3403,44,Pro,Instagram,Sudeste,13.14,0,21,89.9,No,2025-06-26,1887.9
3404,63,Enterprise,Instagram,Sul,13.56,3,41,49.9,No,2024-01-22,2045.8999999999999
3405,40,Basic,Orgânico,Sudeste,8.49,1,13,89.9,No,2024-11-24,1168.7
3406,47,Basic,Orgânico,Sul,21.33,3,13,49.9,Yes,2024-09-06,648.6999999999999
3407,62,Basic,Indicação,Sudeste,35.97,2,38,49.9,No,2023-08-15,1896.2
3408,64,Basic,Orgânico,Sudeste,12.79,2,18,89.9,No,2025-01-22,1618.2
3409,40,Basic,Instagram,Sul,10.58,3,48,89.9,No,2023-08-30,4315.200000000001
3410,64,Basic,Google Ads,Sudeste,19.49,2,16,49.9,No,2025-12-23,798.4
3411,37,Pro,Google Ads,Sudeste,12.59,5,48,49.9,No,2023-06-26,2395.2
3412,35,Basic,Indicação,Centro-Oeste,17.34,4,11,89.9,No,2023-07-31,988.9000000000001
3413,35,Pro,Instagram,Norte,40.76,4,26,49.9,No,2023-04-22,1297.3999999999999
3414,19,Pro,Google Ads,Norte,31.62,0,41,49.9,No,2024-01-21,2045.8999999999999
3415,21,Basic,Instagram,Sudeste,7.19,1,1,89.9,No,2025-09-01,89.9
3416,47,Pro,LinkedIn,Nordeste,14.75,3,32,89.9,No,2025-04-03,2876.8
3417,50,Basic,Google Ads,Sul,21.7,1,45,89.9,Yes,2023-03-02,4045.5000000000005
3418,53,Pro,Google Ads,Sudeste,21.55,2,1,49.9,No,2023-10-17,49.9
3419,35,Enterprise,Orgânico,Centro-Oeste,10.77,2,48,89.9,No,2024-01-08,4315.200000000001
3420,54,Basic,Instagram,Sudeste,20.21,1,7,89.9,No,2023-10-31,629.3000000000001
3421,36,Enterprise,Google Ads,Sudeste,44.1,4,14,49.9,No,2024-10-22,698.6
3422,64,Pro,Indicação,Sul,41.5,0,41,89.9,No,2024-01-07,3685.9
3423,45,Enterprise,Orgânico,Sudeste,18.99,3,18,49.9,No,2023-11-29,898.1999999999999
3424,57,Pro,Indicação,Centro-Oeste,20.22,0,13,49.9,No,2025-12-08,648.6999999999999
3425,37,Basic,Instagram,Norte,19.24,0,25,49.9,No,2023-12-28,1247.5
3426,50,Enterprise,Orgânico,Sudeste,16.14,1,13,89.9,No,2023-05-10,1168.7
3427,29,Basic,LinkedIn,Norte,18.25,3,36,49.9,No,2024-06-15,1796.3999999999999
3428,32,Basic,Instagram,Sul,6.34,6,17,49.9,No,2023-05-27,848.3
3429,58,Basic,Indicação,Norte,31.38,2,37,199.9,Yes,2023-05-06,7396.3
3430,56,Basic,Indicação,Nordeste,13.97,0,30,89.9,No,2023-03-30,2697.0
3431,19,Pro,LinkedIn,Sul,15.6,1,17,89.9,No,2025-10-05,1528.3000000000002
3432,46,Pro,Orgânico,Sudeste,20.09,1,10,49.9,No,2025-02-26,499.0
3433,58,Enterprise,Indicação,Sul,15.89,2,16,89.9,No,2025-10-06,1438.4
3434,27,Basic,Orgânico,Norte,13.3,2,46,89.9,No,2024-01-04,4135.400000000001
3435,19,Enterprise,LinkedIn,Sudeste,24.93,2,34,49.9,No,2024-01-22,1696.6
3436,28,Enterprise,Instagram,Centro-Oeste,5.52,1,23,49.9,No,2025-06-01,1147.7
3437,30,Basic,LinkedIn,Sudeste,19.07,1,15,89.9,No,2024-04-14,1348.5
3438,27,Basic,Google Ads,Norte,35.36,1,7,199.9,No,2023-11-11,1399.3
3439,31,Pro,Google Ads,Sudeste,12.53,3,35,89.9,No,2023-02-25,3146.5
3440,35,Pro,Orgânico,Sudeste,9.74,3,18,89.9,No,2024-01-04,1618.2
3441,26,Pro,Indicação,Sudeste,17.09,1,15,49.9,No,2023-02-24,748.5
3442,56,Pro,Google Ads,Sudeste,25.51,1,43,199.9,No,2025-07-11,8595.7
3443,45,Pro,Instagram,Sul,27.1,2,24,49.9,No,2024-12-24,1197.6
3444,20,Basic,Google Ads,Sudeste,13.72,4,39,49.9,No,2023-11-30,1946.1
3445,37,Pro,Orgânico,Sul,38.61,3,9,89.9,No,2025-09-28,809.1
3446,23,Basic,Google Ads,Sudeste,21.91,1,9,89.9,No,2023-02-10,809.1
3447,44,Pro,Indicação,Sudeste,13.04,1,33,49.9,Yes,2023-05-27,1646.7
3448,19,Pro,Indicação,Sudeste,16.31,2,34,49.9,No,2023-10-08,1696.6
3449,46,Pro,LinkedIn,Sudeste,23.42,0,23,199.9,No,2023-09-20,4597.7
3450,55,Enterprise,Instagram,Nordeste,23.68,6,45,89.9,No,2024-05-02,4045.5000000000005
3451,20,Pro,Instagram,Sul,17.74,2,32,89.9,No,2023-07-07,2876.8
3452,33,Pro,Orgânico,Sudeste,15.04,2,21,49.9,No,2023-04-20,1047.8999999999999
3453,47,Pro,Orgânico,Centro-Oeste,25.54,1,22,49.9,Yes,2025-07-12,1097.8
3454,57,Enterprise,Indicação,Sudeste,25.8,3,2,89.9,No,2024-09-20,179.8
3455,19,Pro,Indicação,Sudeste,16.05,4,44,49.9,No,2024-12-06,2195.6
3456,34,Basic,Google Ads,Sudeste,20.7,1,9,199.9,No,2025-04-27,1799.1000000000001
3457,58,Enterprise,Google Ads,Sudeste,17.22,4,26,49.9,No,2025-04-20,1297.3999999999999
3458,29,Pro,Orgânico,Nordeste,11.68,3,20,49.9,No,2024-09-28,998.0
3459,52,Basic,Orgânico,Sudeste,12.54,1,41,49.9,No,2023-03-08,2045.8999999999999
3460,60,Pro,Indicação,Sudeste,13.3,1,15,89.9,No,2024-05-31,1348.5
3461,18,Enterprise,Indicação,Nordeste,18.15,0,43,89.9,No,2025-04-10,3865.7000000000003
3462,62,Pro,Instagram,Sudeste,19.35,2,40,49.9,No,2023-02-28,1996.0
3463,32,Basic,Google Ads,Sudeste,10.58,3,36,49.9,No,2025-04-05,1796.3999999999999
3464,43,Pro,Indicação,Norte,17.88,0,21,49.9,No,2023-06-30,1047.8999999999999
3465,54,Pro,Orgânico,Sudeste,29.7,0,15,49.9,No,2024-12-13,748.5
3466,38,Pro,Instagram,Sul,22.83,2,23,49.9,No,2024-09-27,1147.7
3467,48,Basic,Instagram,Sudeste,26.42,1,5,199.9,No,2024-07-09,999.5
3468,42,Basic,Instagram,Sul,10.66,3,34,89.9,No,2024-09-06,3056.6000000000004
3469,40,Pro,Google Ads,Sudeste,24.38,6,24,49.9,No,2024-09-15,1197.6
3470,41,Pro,LinkedIn,Nordeste,33.43,3,26,89.9,No,2024-01-04,2337.4
3471,55,Basic,Orgânico,Sul,28.54,0,8,199.9,No,2025-08-27,1599.2
3472,45,Basic,Orgânico,Sul,12.42,4,8,49.9,No,2025-07-11,399.2
3473,38,Basic,Orgânico,Sudeste,17.71,2,42,49.9,No,2024-06-09,2095.7999999999997
3474,60,Pro,Indicação,Norte,25.18,0,6,49.9,No,2023-04-17,299.4
3475,35,Basic,LinkedIn,Sudeste,9.23,0,26,89.9,No,2023-09-20,2337.4
3476,53,Basic,Orgânico,Sudeste,27.25,1,43,89.9,No,2023-12-20,3865.7000000000003
3477,52,Basic,Instagram,Sudeste,17.21,0,34,49.9,No,2025-03-10,1696.6
3478,62,Pro,Orgânico,Sudeste,7.54,4,44,49.9,No,2024-02-20,2195.6
3479,26,Basic,Orgânico,Sudeste,3.63,1,27,89.9,No,2024-02-07,2427.3
3480,55,Basic,Instagram,Norte,20.11,3,15,199.9,Yes,2023-11-28,2998.5
3481,47,Enterprise,LinkedIn,Sudeste,20.33,2,18,89.9,No,2025-04-01,1618.2
3482,61,Basic,Instagram,Sudeste,23.91,1,2,199.9,No,2023-09-30,399.8
3483,51,Basic,Google Ads,Sul,23.15,0,25,199.9,No,2025-03-27,4997.5
3484,49,Enterprise,Instagram,Centro-Oeste,27.02,2,48,49.9,No,2025-02-17,2395.2
3485,20,Basic,Orgânico,Sudeste,13.43,4,9,49.9,No,2024-08-25,449.09999999999997
3486,20,Pro,Orgânico,Nordeste,12.92,0,16,89.9,No,2023-05-30,1438.4
3487,45,Basic,Instagram,Norte,29.96,1,5,199.9,No,2023-01-25,999.5
3488,61,Pro,Instagram,Sul,8.34,3,25,199.9,No,2025-10-18,4997.5
3489,32,Basic,Indicação,Norte,8.98,1,44,49.9,No,2025-03-15,2195.6
3490,58,Pro,Instagram,Sudeste,33.16,2,23,49.9,No,2025-02-17,1147.7
3491,40,Basic,LinkedIn,Sudeste,19.06,1,4,89.9,Yes,2023-02-13,359.6
3492,57,Basic,Indicação,Nordeste,33.46,1,31,49.9,No,2023-08-16,1546.8999999999999
3493,28,Pro,LinkedIn,Centro-Oeste,13.87,0,44,199.9,No,2023-12-23,8795.6
3494,49,Enterprise,Google Ads,Nordeste,18.19,4,19,89.9,No,2025-03-05,1708.1000000000001
3495,53,Basic,LinkedIn,Sudeste,20.32,3,8,49.9,No,2024-07-31,399.2
3496,50,Pro,Instagram,Norte,24.56,4,38,49.9,No,2024-12-22,1896.2
3497,41,Basic,Instagram,Nordeste,14.0,2,47,89.9,Yes,2025-11-22,4225.3
3498,56,Pro,Instagram,Sudeste,28.14,3,36,49.9,No,2023-01-02,1796.3999999999999
3499,51,Basic,Instagram,Norte,14.56,4,41,199.9,No,2023-08-10,8195.9
3500,45,Pro,Orgânico,Norte,13.31,0,17,49.9,No,2024-10-11,848.3
3501,54,Basic,Indicação,Sudeste,12.94,1,5,89.9,No,2024-06-28,449.5
3502,24,Basic,Indicação,Centro-Oeste,44.11,2,19,89.9,No,2023-03-10,1708.1000000000001
3503,21,Basic,LinkedIn,Nordeste,27.02,2,16,89.9,No,2023-04-20,1438.4
3504,54,Basic,Google Ads,Nordeste,10.91,0,11,89.9,No,2025-01-08,988.9000000000001
3505,18,Enterprise,Instagram,Sul,25.8,5,2,89.9,No,2024-06-19,179.8
3506,18,Enterprise,Orgânico,Centro-Oeste,26.29,1,5,49.9,No,2024-04-10,249.5
3507,64,Pro,Instagram,Norte,27.28,2,35,89.9,No,2024-08-06,3146.5
3508,37,Basic,LinkedIn,Sudeste,12.85,1,17,89.9,No,2025-12-24,1528.3000000000002
3509,36,Basic,Google Ads,Nordeste,32.05,1,37,49.9,No,2023-01-31,1846.3
3510,46,Pro,Orgânico,Sudeste,13.71,0,15,89.9,No,2024-06-21,1348.5
3511,27,Enterprise,Orgânico,Sudeste,9.67,2,23,49.9,No,2024-08-15,1147.7
3512,35,Pro,Google Ads,Sul,24.13,2,43,89.9,No,2025-09-15,3865.7000000000003
3513,45,Pro,Indicação,Nordeste,2.15,3,18,89.9,No,2024-08-25,1618.2
3514,52,Enterprise,Google Ads,Sudeste,12.21,0,37,89.9,No,2024-07-12,3326.3
3515,60,Enterprise,LinkedIn,Sudeste,44.46,2,3,49.9,No,2023-04-25,149.7
3516,64,Basic,Google Ads,Sudeste,49.13,2,34,89.9,No,2023-12-14,3056.6000000000004
3517,48,Basic,Google Ads,Sudeste,14.73,2,24,49.9,No,2025-07-27,1197.6
3518,44,Pro,Google Ads,Sudeste,44.72,3,2,199.9,No,2025-11-01,399.8
3519,28,Pro,Orgânico,Centro-Oeste,15.8,0,20,49.9,No,2023-09-27,998.0
3520,55,Basic,Orgânico,Centro-Oeste,28.54,3,8,49.9,No,2023-03-29,399.2
3521,22,Basic,Google Ads,Sul,50.21,4,45,49.9,No,2023-04-05,2245.5
3522,25,Pro,LinkedIn,Sudeste,26.07,0,43,89.9,No,2023-04-28,3865.7000000000003
3523,51,Pro,Google Ads,Centro-Oeste,10.4,5,28,89.9,No,2025-11-21,2517.2000000000003
3524,29,Basic,Instagram,Sudeste,17.41,1,9,49.9,No,2023-12-03,449.09999999999997
3525,55,Pro,Orgânico,Nordeste,14.47,1,30,89.9,No,2025-09-11,2697.0
3526,18,Pro,Google Ads,Sudeste,3.44,3,11,49.9,No,2023-12-29,548.9
3527,48,Pro,Indicação,Sul,14.37,2,21,89.9,No,2023-11-19,1887.9
3528,21,Basic,Instagram,Sudeste,9.75,0,15,49.9,Yes,2024-04-23,748.5
3529,62,Pro,Google Ads,Sudeste,7.64,1,27,89.9,No,2025-11-27,2427.3
3530,22,Pro,LinkedIn,Sul,35.49,2,44,199.9,No,2023-02-18,8795.6
3531,47,Basic,Orgânico,Sul,12.01,1,45,49.9,No,2024-07-26,2245.5
3532,41,Pro,Orgânico,Sul,17.78,5,26,49.9,No,2025-02-06,1297.3999999999999
3533,20,Basic,Google Ads,Sudeste,31.54,2,22,49.9,No,2023-02-19,1097.8
3534,28,Basic,Orgânico,Sudeste,15.41,2,38,199.9,No,2025-01-02,7596.2
3535,62,Basic,Orgânico,Nordeste,21.06,3,7,49.9,No,2023-03-16,349.3
3536,21,Basic,Instagram,Sudeste,21.15,3,4,49.9,No,2023-07-24,199.6
3537,43,Basic,Instagram,Nordeste,11.07,4,3,89.9,No,2024-04-07,269.70000000000005
3538,44,Pro,Google Ads,Centro-Oeste,12.25,1,25,89.9,No,2025-12-05,2247.5
3539,63,Basic,Instagram,Sudeste,34.99,5,21,89.9,No,2025-12-01,1887.9
3540,60,Enterprise,Indicação,Nordeste,18.18,1,24,89.9,No,2025-05-31,2157.6000000000004
3541,44,Pro,Instagram,Sudeste,16.53,3,1,199.9,No,2025-02-15,199.9
3542,59,Basic,Google Ads,Sudeste,34.62,2,7,49.9,No,2025-09-30,349.3
3543,23,Basic,Instagram,Sudeste,16.95,1,25,49.9,No,2023-06-15,1247.5
3544,32,Pro,LinkedIn,Nordeste,30.01,1,46,199.9,No,2024-02-24,9195.4
3545,47,Pro,LinkedIn,Sudeste,34.13,4,5,199.9,No,2025-10-04,999.5
3546,59,Basic,Indicação,Sudeste,10.93,7,12,49.9,Yes,2023-06-29,598.8
3547,54,Basic,Google Ads,Sudeste,13.27,3,36,89.9,No,2025-04-29,3236.4
3548,54,Pro,LinkedIn,Sudeste,16.39,5,20,49.9,No,2024-05-22,998.0
3549,59,Basic,Instagram,Sudeste,4.23,0,12,89.9,No,2023-08-27,1078.8000000000002
3550,54,Enterprise,Orgânico,Norte,27.23,1,28,89.9,No,2024-07-25,2517.2000000000003
3551,52,Pro,Instagram,Sudeste,14.87,2,19,49.9,No,2023-10-02,948.1
3552,40,Basic,Google Ads,Sul,4.76,2,47,49.9,No,2023-11-02,2345.2999999999997
3553,23,Basic,Google Ads,Sul,17.99,2,38,49.9,No,2024-05-06,1896.2
3554,21,Basic,Instagram,Sudeste,29.1,1,7,49.9,No,2024-04-15,349.3
3555,35,Pro,Google Ads,Sul,15.34,0,4,49.9,Yes,2024-01-10,199.6
3556,26,Basic,Indicação,Nordeste,17.3,4,23,49.9,No,2024-11-07,1147.7
3557,46,Basic,Orgânico,Nordeste,21.66,0,29,49.9,No,2024-03-31,1447.1
3558,30,Pro,Instagram,Norte,33.59,1,41,49.9,No,2023-07-10,2045.8999999999999
3559,64,Basic,LinkedIn,Nordeste,12.29,3,35,49.9,No,2024-07-30,1746.5
3560,34,Pro,Indicação,Centro-Oeste,30.84,1,16,89.9,No,2025-12-12,1438.4
3561,62,Pro,Instagram,Norte,6.25,1,41,89.9,No,2024-07-24,3685.9
3562,49,Pro,Google Ads,Norte,41.31,1,18,89.9,No,2025-04-21,1618.2
3563,39,Enterprise,Google Ads,Nordeste,39.36,1,37,89.9,No,2023-01-03,3326.3
3564,21,Pro,Orgânico,Nordeste,22.97,2,31,89.9,No,2023-04-07,2786.9
3565,22,Basic,Orgânico,Centro-Oeste,21.28,2,44,49.9,No,2023-04-12,2195.6
3566,54,Basic,Google Ads,Sul,22.69,1,36,49.9,No,2024-10-28,1796.3999999999999
3567,58,Basic,Google Ads,Sudeste,25.74,1,11,199.9,No,2025-02-14,2198.9
3568,30,Pro,Orgânico,Centro-Oeste,16.02,3,23,49.9,No,2024-07-29,1147.7
3569,51,Basic,LinkedIn,Sudeste,9.85,1,23,49.9,Yes,2025-07-07,1147.7
3570,62,Enterprise,Orgânico,Nordeste,15.47,0,12,49.9,No,2024-07-05,598.8
3571,39,Pro,Google Ads,Nordeste,18.14,1,3,199.9,No,2024-12-03,599.7
3572,40,Basic,Orgânico,Sudeste,21.85,2,20,49.9,No,2024-03-30,998.0
3573,20,Pro,Orgânico,Sul,23.53,2,23,89.9,No,2023-08-31,2067.7000000000003
3574,59,Basic,Google Ads,Sudeste,16.41,0,35,89.9,No,2024-12-27,3146.5
3575,51,Pro,LinkedIn,Sudeste,12.25,2,33,199.9,No,2023-06-29,6596.7
3576,49,Pro,Google Ads,Sudeste,41.28,3,2,49.9,No,2024-09-08,99.8
3577,62,Basic,Instagram,Centro-Oeste,39.7,2,44,89.9,No,2023-02-06,3955.6000000000004
3578,38,Basic,Indicação,Sul,29.78,6,43,199.9,No,2023-01-05,8595.7
3579,63,Enterprise,Instagram,Sul,21.03,2,37,49.9,No,2024-08-24,1846.3
3580,61,Pro,Indicação,Sudeste,12.26,1,24,49.9,No,2025-11-26,1197.6
3581,38,Enterprise,Google Ads,Nordeste,3.45,2,19,49.9,Yes,2023-08-26,948.1
3582,61,Basic,Indicação,Sul,36.44,1,25,89.9,No,2023-06-29,2247.5
3583,28,Basic,Instagram,Nordeste,24.94,0,5,49.9,No,2023-08-18,249.5
3584,56,Basic,Orgânico,Sudeste,21.84,2,10,89.9,No,2024-10-10,899.0
3585,21,Pro,Google Ads,Sul,14.15,3,29,89.9,No,2024-06-09,2607.1000000000004
3586,18,Basic,Instagram,Sudeste,57.61,2,47,89.9,No,2023-04-06,4225.3
3587,45,Basic,LinkedIn,Norte,9.58,4,8,89.9,No,2024-03-10,719.2
3588,41,Pro,Instagram,Sudeste,27.82,1,18,199.9,No,2025-09-28,3598.2000000000003
3589,52,Pro,Instagram,Centro-Oeste,8.96,1,40,89.9,No,2025-12-27,3596.0
3590,30,Basic,Instagram,Nordeste,21.1,4,29,49.9,No,2025-09-30,1447.1
3591,64,Pro,Orgânico,Nordeste,22.33,3,13,49.9,No,2025-09-09,648.6999999999999
3592,51,Pro,Google Ads,Sul,12.81,0,33,89.9,No,2025-12-19,2966.7000000000003
3593,28,Basic,Orgânico,Nordeste,15.62,0,41,89.9,No,2025-08-24,3685.9
3594,53,Basic,LinkedIn,Norte,24.44,3,1,89.9,Yes,2024-01-23,89.9
3595,34,Basic,Instagram,Nordeste,9.48,2,41,199.9,No,2024-04-02,8195.9
3596,52,Pro,Indicação,Nordeste,16.81,8,18,49.9,No,2023-11-03,898.1999999999999
3597,35,Pro,Orgânico,Sudeste,17.15,4,16,49.9,No,2024-03-11,798.4
3598,57,Basic,LinkedIn,Sudeste,16.21,2,24,199.9,No,2025-10-17,4797.6
3599,39,Basic,Orgânico,Centro-Oeste,20.34,1,30,89.9,Yes,2024-06-23,2697.0
3600,41,Enterprise,Google Ads,Sudeste,16.3,3,41,49.9,No,2024-12-20,2045.8999999999999
3601,36,Enterprise,Indicação,Nordeste,24.27,5,6,89.9,No,2024-07-17,539.4000000000001
3602,54,Pro,Instagram,Norte,26.83,1,35,89.9,No,2023-05-27,3146.5
3603,56,Enterprise,Instagram,Nordeste,10.31,4,25,89.9,No,2023-02-13,2247.5
3604,38,Pro,LinkedIn,Norte,21.72,0,18,199.9,No,2024-10-27,3598.2000000000003
3605,25,Pro,LinkedIn,Sudeste,13.97,1,5,49.9,No,2024-02-09,249.5
3606,45,Basic,Instagram,Nordeste,24.22,2,39,49.9,No,2025-07-24,1946.1
3607,22,Basic,Instagram,Sudeste,23.97,3,11,199.9,Yes,2023-03-13,2198.9
3608,34,Basic,Indicação,Sul,16.93,1,46,49.9,No,2023-11-08,2295.4
3609,54,Pro,LinkedIn,Centro-Oeste,18.92,0,35,89.9,No,2023-11-10,3146.5
3610,53,Enterprise,Instagram,Sudeste,18.74,1,46,49.9,No,2023-06-28,2295.4
3611,36,Pro,Google Ads,Norte,28.12,2,10,89.9,No,2024-12-11,899.0
3612,44,Basic,Orgânico,Sudeste,27.43,2,18,199.9,No,2025-03-01,3598.2000000000003
3613,51,Basic,Orgânico,Norte,19.75,2,23,49.9,No,2025-07-06,1147.7
3614,28,Basic,Google Ads,Sul,31.46,1,37,49.9,No,2024-07-26,1846.3
3615,62,Basic,Instagram,Nordeste,3.24,5,24,199.9,No,2025-09-06,4797.6
3616,64,Pro,Google Ads,Nordeste,11.0,0,32,89.9,No,2024-01-22,2876.8
3617,29,Enterprise,Orgânico,Nordeste,23.99,5,33,49.9,No,2025-02-06,1646.7
3618,38,Basic,Orgânico,Sudeste,24.8,4,41,49.9,No,2024-07-14,2045.8999999999999
3619,28,Basic,Google Ads,Nordeste,10.74,2,44,49.9,No,2023-08-18,2195.6
3620,56,Pro,Orgânico,Sudeste,25.17,2,38,199.9,No,2024-11-30,7596.2
3621,45,Basic,Google Ads,Nordeste,35.56,2,8,49.9,Yes,2024-08-17,399.2
3622,22,Enterprise,Instagram,Sudeste,21.23,3,45,89.9,No,2025-03-07,4045.5000000000005
3623,34,Basic,Orgânico,Sudeste,16.97,1,15,49.9,No,2023-07-25,748.5
3624,37,Basic,Orgânico,Sul,36.68,5,38,89.9,No,2025-02-24,3416.2000000000003
3625,58,Basic,Orgânico,Sudeste,4.32,0,39,89.9,No,2024-08-17,3506.1000000000004
3626,63,Basic,LinkedIn,Norte,17.37,5,32,49.9,No,2025-04-08,1596.8
3627,29,Pro,Instagram,Sudeste,17.27,2,43,49.9,No,2025-09-12,2145.7
3628,23,Basic,Orgânico,Nordeste,21.62,5,40,89.9,No,2024-11-26,3596.0
3629,34,Basic,Indicação,Sudeste,20.58,4,31,49.9,No,2023-08-14,1546.8999999999999
3630,36,Pro,Instagram,Norte,16.01,3,41,89.9,No,2023-04-30,3685.9
3631,43,Basic,LinkedIn,Sudeste,22.05,1,4,89.9,No,2024-03-16,359.6
3632,61,Basic,Orgânico,Sul,29.97,3,14,89.9,No,2023-03-10,1258.6000000000001
3633,61,Pro,Orgânico,Nordeste,22.2,3,14,49.9,No,2025-09-11,698.6
3634,49,Pro,Indicação,Nordeste,13.48,2,42,49.9,No,2024-11-30,2095.7999999999997
3635,23,Enterprise,Indicação,Sudeste,29.83,1,42,89.9,No,2023-08-01,3775.8
3636,53,Basic,Google Ads,Sudeste,16.03,2,13,199.9,No,2023-09-12,2598.7000000000003
3637,55,Basic,Indicação,Sudeste,18.14,1,31,89.9,No,2023-07-16,2786.9
3638,28,Basic,Indicação,Sudeste,13.9,2,18,89.9,No,2023-01-30,1618.2
3639,50,Basic,Google Ads,Centro-Oeste,18.08,2,20,49.9,No,2023-12-12,998.0
3640,41,Pro,Orgânico,Sudeste,32.18,2,24,49.9,No,2023-08-16,1197.6
3641,40,Pro,Orgânico,Sudeste,48.24,1,16,89.9,No,2024-04-27,1438.4
3642,32,Pro,Google Ads,Sudeste,16.92,3,11,89.9,No,2025-10-07,988.9000000000001
3643,44,Basic,Orgânico,Sul,31.86,1,22,49.9,No,2025-02-27,1097.8
3644,28,Pro,Indicação,Centro-Oeste,17.85,1,36,199.9,No,2025-06-19,7196.400000000001
3645,34,Enterprise,LinkedIn,Nordeste,18.22,0,16,199.9,No,2023-08-08,3198.4
3646,31,Basic,Orgânico,Sul,58.52,1,3,89.9,No,2025-04-29,269.70000000000005
3647,44,Pro,Instagram,Sudeste,13.63,2,14,49.9,No,2023-04-29,698.6
3648,35,Enterprise,Orgânico,Sul,5.31,2,35,49.9,No,2025-07-15,1746.5
3649,45,Pro,Instagram,Norte,26.82,3,45,199.9,No,2023-06-21,8995.5
3650,64,Pro,Orgânico,Sudeste,19.18,3,41,49.9,Yes,2024-08-12,2045.8999999999999
3651,64,Basic,LinkedIn,Sudeste,25.37,3,19,89.9,No,2025-08-27,1708.1000000000001
3652,21,Basic,Google Ads,Sudeste,36.12,1,11,199.9,No,2024-09-05,2198.9
3653,24,Basic,Instagram,Norte,15.09,4,34,89.9,No,2025-09-03,3056.6000000000004
3654,62,Pro,Google Ads,Centro-Oeste,14.25,3,45,89.9,No,2023-12-28,4045.5000000000005
3655,52,Basic,Google Ads,Sudeste,25.77,3,14,49.9,No,2023-12-15,698.6
3656,26,Pro,Google Ads,Sudeste,7.68,3,2,89.9,No,2025-07-05,179.8
3657,25,Pro,Orgânico,Nordeste,10.29,2,44,49.9,No,2024-03-06,2195.6
3658,62,Pro,Orgânico,Sudeste,10.01,2,45,89.9,No,2025-05-26,4045.5000000000005
3659,34,Basic,Orgânico,Sudeste,19.27,0,14,49.9,Yes,2024-01-21,698.6
3660,34,Basic,Orgânico,Norte,25.76,4,26,89.9,No,2025-11-04,2337.4
3661,50,Pro,Orgânico,Norte,21.13,1,13,89.9,No,2024-03-16,1168.7
3662,49,Pro,Google Ads,Norte,7.83,3,19,89.9,No,2025-04-16,1708.1000000000001
3663,25,Pro,Orgânico,Sul,8.02,5,14,89.9,No,2023-01-17,1258.6000000000001
3664,36,Basic,Orgânico,Sudeste,15.62,1,42,89.9,No,2023-07-11,3775.8
3665,55,Pro,Google Ads,Sudeste,11.13,1,42,89.9,No,2024-10-15,3775.8
3666,20,Pro,Indicação,Nordeste,11.47,2,25,89.9,No,2024-04-25,2247.5
3667,22,Pro,LinkedIn,Nordeste,37.46,1,11,199.9,No,2023-10-20,2198.9
3668,30,Pro,Orgânico,Nordeste,19.27,1,35,89.9,No,2025-12-13,3146.5
3669,64,Pro,Indicação,Norte,25.71,3,42,49.9,No,2024-02-19,2095.7999999999997
3670,63,Basic,Orgânico,Nordeste,13.69,0,34,49.9,No,2023-03-23,1696.6
3671,48,Basic,Google Ads,Sudeste,38.4,0,40,89.9,No,2025-12-11,3596.0
3672,33,Pro,Google Ads,Sudeste,11.86,0,4,49.9,No,2024-11-28,199.6
3673,49,Basic,Orgânico,Sudeste,54.96,2,48,49.9,No,2024-10-18,2395.2
3674,39,Pro,Google Ads,Sudeste,8.36,2,33,49.9,No,2025-06-15,1646.7
3675,46,Pro,Instagram,Sudeste,13.88,1,10,89.9,No,2023-11-21,899.0
3676,39,Enterprise,Indicação,Nordeste,4.5,0,38,199.9,Yes,2023-08-09,7596.2
3677,60,Pro,Orgânico,Sul,42.46,2,45,49.9,No,2025-06-09,2245.5
3678,20,Basic,Instagram,Nordeste,12.4,2,23,89.9,No,2023-06-07,2067.7000000000003
3679,27,Basic,Google Ads,Nordeste,26.19,1,8,49.9,No,2023-08-21,399.2
3680,59,Pro,LinkedIn,Sul,17.19,4,39,89.9,No,2024-08-06,3506.1000000000004
3681,38,Basic,LinkedIn,Sul,21.32,1,12,49.9,No,2023-05-11,598.8
3682,33,Pro,Instagram,Sudeste,36.41,3,18,49.9,No,2025-12-24,898.1999999999999
3683,29,Pro,Orgânico,Sudeste,19.23,1,3,49.9,No,2024-08-31,149.7
3684,19,Basic,Indicação,Sudeste,4.82,3,4,49.9,No,2025-02-10,199.6
3685,58,Basic,Orgânico,Centro-Oeste,22.94,0,21,49.9,No,2024-08-28,1047.8999999999999
3686,41,Pro,Google Ads,Centro-Oeste,24.21,0,9,89.9,No,2023-12-24,809.1
3687,52,Enterprise,Indicação,Sudeste,10.99,2,44,49.9,Yes,2023-02-04,2195.6
3688,47,Basic,Orgânico,Sudeste,16.66,0,28,199.9,Yes,2024-06-22,5597.2
3689,47,Enterprise,Indicação,Centro-Oeste,5.77,2,15,89.9,Yes,2025-04-24,1348.5
3690,64,Pro,Google Ads,Sul,24.73,1,27,49.9,No,2024-11-11,1347.3
3691,52,Enterprise,Orgânico,Sudeste,72.0,1,4,89.9,Yes,2023-06-17,359.6
3692,36,Basic,LinkedIn,Nordeste,14.06,1,26,89.9,No,2025-06-11,2337.4
3693,25,Basic,Orgânico,Sudeste,16.29,1,2,89.9,No,2025-04-05,179.8
3694,43,Pro,Google Ads,Nordeste,25.0,3,21,89.9,No,2025-11-26,1887.9
3695,57,Enterprise,Indicação,Sudeste,15.05,1,18,199.9,No,2024-03-17,3598.2000000000003
3696,24,Basic,Orgânico,Sul,11.54,2,2,199.9,No,2024-03-04,399.8
3697,47,Pro,LinkedIn,Sudeste,18.15,1,7,199.9,No,2023-05-20,1399.3
3698,24,Enterprise,Instagram,Nordeste,15.58,1,20,199.9,No,2023-02-28,3998.0
3699,20,Basic,Google Ads,Nordeste,13.66,2,44,89.9,No,2025-07-10,3955.6000000000004
3700,18,Pro,Instagram,Sudeste,26.02,2,16,89.9,No,2023-09-16,1438.4
3701,53,Enterprise,Instagram,Norte,27.39,0,14,89.9,No,2023-03-05,1258.6000000000001
3702,42,Basic,Indicação,Sudeste,18.29,2,32,89.9,No,2025-02-12,2876.8
3703,54,Basic,Google Ads,Sul,14.67,1,15,199.9,No,2024-11-25,2998.5
3704,18,Pro,Google Ads,Sul,10.48,1,30,49.9,No,2023-07-13,1497.0
3705,32,Basic,Instagram,Sudeste,16.57,2,48,199.9,No,2024-12-19,9595.2
3706,54,Basic,LinkedIn,Sudeste,31.2,1,47,89.9,No,2024-10-03,4225.3
3707,30,Enterprise,Indicação,Sul,18.66,0,7,49.9,Yes,2025-03-09,349.3
3708,57,Pro,Indicação,Norte,53.42,0,24,89.9,No,2023-06-20,2157.6000000000004
3709,25,Pro,Orgânico,Nordeste,12.4,3,17,199.9,No,2023-11-17,3398.3
3710,22,Pro,Instagram,Nordeste,11.48,3,17,199.9,No,2024-08-09,3398.3
3711,26,Basic,LinkedIn,Sudeste,14.92,0,39,49.9,No,2024-08-16,1946.1
3712,18,Basic,Instagram,Centro-Oeste,18.74,1,5,199.9,No,2024-09-06,999.5
3713,53,Basic,Google Ads,Sudeste,13.13,5,1,49.9,No,2023-11-17,49.9
3714,52,Basic,LinkedIn,Centro-Oeste,20.09,0,43,49.9,No,2023-10-08,2145.7
3715,19,Pro,Orgânico,Norte,19.06,0,21,49.9,No,2025-09-20,1047.8999999999999
3716,57,Pro,Google Ads,Centro-Oeste,29.97,1,30,89.9,No,2025-08-20,2697.0
3717,40,Pro,Google Ads,Sudeste,13.24,0,4,89.9,No,2023-10-22,359.6
3718,26,Basic,Indicação,Sudeste,12.72,1,5,49.9,No,2023-06-18,249.5
3719,51,Basic,Indicação,Norte,19.47,1,41,49.9,No,2024-01-02,2045.8999999999999
3720,63,Pro,Instagram,Sudeste,29.58,4,21,49.9,No,2023-04-05,1047.8999999999999
3721,31,Pro,Indicação,Nordeste,15.33,2,20,49.9,No,2024-01-10,998.0
3722,21,Basic,Orgânico,Sudeste,10.61,2,20,199.9,No,2025-12-16,3998.0
3723,47,Pro,Google Ads,Sudeste,10.08,1,37,89.9,No,2024-09-29,3326.3
3724,48,Basic,Google Ads,Nordeste,45.03,3,17,89.9,No,2025-03-26,1528.3000000000002
3725,55,Basic,Google Ads,Sul,10.09,4,9,49.9,No,2025-12-01,449.09999999999997
3726,28,Pro,Indicação,Sudeste,27.41,1,32,49.9,No,2024-11-06,1596.8
3727,52,Basic,Instagram,Sul,9.26,1,23,199.9,No,2024-10-09,4597.7
3728,25,Pro,Orgânico,Centro-Oeste,22.07,1,20,199.9,Yes,2025-10-29,3998.0
3729,20,Basic,Indicação,Sul,27.76,0,9,49.9,No,2024-04-11,449.09999999999997
3730,31,Basic,Instagram,Sul,26.21,3,26,89.9,No,2023-04-03,2337.4
3731,30,Basic,Google Ads,Nordeste,6.11,2,17,49.9,No,2023-05-14,848.3
3732,62,Enterprise,LinkedIn,Sudeste,21.46,4,20,89.9,No,2024-09-10,1798.0
3733,49,Pro,Instagram,Sudeste,21.72,3,31,49.9,No,2023-11-12,1546.8999999999999
3734,51,Enterprise,Orgânico,Sudeste,38.42,1,18,89.9,No,2024-04-24,1618.2
3735,62,Pro,Instagram,Sudeste,14.88,1,21,49.9,No,2025-10-24,1047.8999999999999
3736,36,Pro,Instagram,Sudeste,20.06,2,27,89.9,No,2024-01-16,2427.3
3737,55,Basic,LinkedIn,Norte,7.23,2,26,49.9,No,2025-11-03,1297.3999999999999
3738,33,Basic,Google Ads,Nordeste,36.82,0,44,49.9,No,2023-06-05,2195.6
3739,19,Basic,LinkedIn,Sudeste,20.68,1,39,49.9,No,2024-03-23,1946.1
3740,57,Basic,Google Ads,Sudeste,33.9,2,15,49.9,No,2024-08-11,748.5
3741,34,Pro,Indicação,Sul,21.72,0,44,89.9,No,2024-05-06,3955.6000000000004
3742,51,Basic,LinkedIn,Sudeste,23.45,4,31,49.9,No,2024-06-19,1546.8999999999999
3743,59,Basic,LinkedIn,Norte,16.33,1,19,199.9,No,2025-10-02,3798.1
3744,33,Basic,Indicação,Sudeste,18.42,1,40,199.9,No,2025-08-13,7996.0
3745,55,Basic,Google Ads,Nordeste,15.35,3,45,89.9,No,2025-11-04,4045.5000000000005
3746,19,Pro,LinkedIn,Sudeste,13.82,1,4,199.9,No,2024-07-19,799.6
3747,19,Enterprise,Instagram,Sudeste,13.8,2,37,89.9,No,2024-08-22,3326.3
3748,43,Basic,LinkedIn,Sudeste,10.93,1,47,89.9,No,2024-08-13,4225.3
3749,30,Basic,Orgânico,Sudeste,16.2,0,7,89.9,No,2025-10-25,629.3000000000001
3750,64,Basic,Google Ads,Nordeste,11.09,1,48,49.9,No,2025-11-28,2395.2
3751,48,Enterprise,Indicação,Sudeste,38.75,1,17,89.9,Yes,2024-08-10,1528.3000000000002
3752,51,Basic,Instagram,Sudeste,19.63,0,10,49.9,No,2024-01-20,499.0
3753,56,Pro,LinkedIn,Centro-Oeste,17.43,2,43,199.9,No,2024-01-15,8595.7
3754,20,Pro,Orgânico,Nordeste,9.55,0,14,199.9,No,2024-10-21,2798.6
3755,25,Basic,Google Ads,Nordeste,5.11,2,45,49.9,No,2023-04-02,2245.5
3756,40,Basic,Orgânico,Sudeste,28.31,1,18,89.9,No,2023-03-31,1618.2
3757,31,Basic,Google Ads,Nordeste,16.95,0,9,89.9,No,2025-11-07,809.1
3758,44,Enterprise,LinkedIn,Sudeste,41.46,2,16,89.9,No,2024-06-18,1438.4
3759,46,Pro,Indicação,Nordeste,4.96,1,9,49.9,No,2024-02-06,449.09999999999997
3760,56,Pro,Google Ads,Nordeste,38.6,1,11,49.9,No,2024-03-31,548.9
3761,56,Pro,Orgânico,Sul,26.02,2,27,89.9,No,2025-04-07,2427.3
3762,18,Pro,Google Ads,Sudeste,18.1,2,30,89.9,No,2024-02-12,2697.0
3763,34,Pro,Orgânico,Norte,4.15,0,14,49.9,No,2023-02-19,698.6
3764,58,Basic,LinkedIn,Sudeste,30.96,2,14,89.9,No,2024-08-18,1258.6000000000001
3765,47,Basic,Indicação,Nordeste,17.2,4,29,89.9,No,2023-02-06,2607.1000000000004
3766,30,Basic,Orgânico,Sudeste,31.39,2,11,199.9,No,2024-11-27,2198.9
3767,38,Pro,Instagram,Centro-Oeste,24.68,0,15,89.9,No,2024-02-09,1348.5
3768,36,Basic,Google Ads,Nordeste,16.48,0,44,89.9,No,2025-08-24,3955.6000000000004
3769,36,Pro,Orgânico,Sudeste,41.22,0,14,89.9,No,2025-07-16,1258.6000000000001
3770,42,Basic,Google Ads,Sudeste,28.93,4,27,49.9,No,2025-09-09,1347.3
3771,39,Enterprise,Indicação,Sul,11.77,0,3,49.9,No,2023-04-25,149.7
3772,48,Basic,Orgânico,Sul,18.17,3,12,89.9,No,2025-12-06,1078.8000000000002
3773,34,Basic,Indicação,Sudeste,6.71,4,14,89.9,Yes,2024-03-01,1258.6000000000001
3774,40,Enterprise,Google Ads,Nordeste,19.14,3,41,49.9,No,2025-09-29,2045.8999999999999
3775,49,Basic,Google Ads,Norte,14.48,0,17,89.9,No,2023-04-01,1528.3000000000002
3776,27,Enterprise,Instagram,Centro-Oeste,32.59,2,17,89.9,No,2024-05-31,1528.3000000000002
3777,27,Basic,Instagram,Nordeste,24.43,1,48,49.9,No,2024-04-13,2395.2
3778,53,Basic,Google Ads,Nordeste,17.21,0,34,49.9,No,2024-04-15,1696.6
3779,25,Pro,Orgânico,Nordeste,15.86,0,30,49.9,No,2025-05-31,1497.0
3780,37,Enterprise,Instagram,Nordeste,29.92,2,23,49.9,No,2025-07-09,1147.7
3781,49,Basic,Orgânico,Sudeste,35.35,1,36,49.9,No,2023-06-22,1796.3999999999999
3782,31,Enterprise,Orgânico,Sudeste,22.88,0,25,49.9,No,2025-03-24,1247.5
3783,45,Pro,Orgânico,Sudeste,16.16,1,40,89.9,No,2025-04-30,3596.0
3784,63,Pro,Instagram,Nordeste,13.57,4,32,89.9,No,2023-11-16,2876.8
3785,41,Basic,LinkedIn,Sul,11.36,1,23,89.9,No,2025-05-29,2067.7000000000003
3786,32,Basic,Instagram,Sudeste,17.53,1,41,49.9,No,2025-03-12,2045.8999999999999
3787,39,Enterprise,Instagram,Sudeste,13.28,0,16,89.9,No,2024-11-21,1438.4
3788,47,Enterprise,Indicação,Norte,24.15,3,32,89.9,No,2025-10-04,2876.8
3789,21,Pro,Orgânico,Nordeste,24.3,1,43,49.9,No,2023-11-29,2145.7
3790,30,Basic,Google Ads,Sudeste,27.59,2,10,89.9,No,2023-11-19,899.0
3791,40,Basic,Instagram,Nordeste,20.82,4,34,49.9,No,2025-12-16,1696.6
3792,25,Pro,Google Ads,Norte,5.18,1,33,49.9,Yes,2023-03-10,1646.7
3793,35,Basic,Orgânico,Sudeste,7.28,0,28,89.9,No,2024-06-05,2517.2000000000003
3794,29,Basic,Orgânico,Sudeste,15.52,2,7,49.9,No,2025-07-02,349.3
3795,48,Basic,Google Ads,Sudeste,7.72,4,40,49.9,No,2023-05-04,1996.0
3796,31,Pro,Instagram,Sudeste,41.17,2,2,89.9,Yes,2023-09-29,179.8
3797,51,Basic,Orgânico,Norte,25.67,0,35,199.9,No,2025-04-19,6996.5
3798,35,Pro,Instagram,Nordeste,29.39,2,48,89.9,No,2024-10-05,4315.200000000001
3799,51,Pro,Indicação,Nordeste,24.16,1,7,49.9,No,2024-12-28,349.3
3800,28,Pro,Google Ads,Sudeste,21.34,2,13,89.9,No,2023-01-30,1168.7
3801,58,Basic,Instagram,Norte,11.51,2,3,49.9,No,2025-07-16,149.7
3802,29,Basic,LinkedIn,Sudeste,16.92,2,25,49.9,No,2024-04-23,1247.5
3803,32,Pro,Orgânico,Sudeste,9.96,3,7,199.9,No,2023-02-18,1399.3
3804,48,Pro,Instagram,Sudeste,29.36,1,44,49.9,No,2025-05-29,2195.6
3805,46,Pro,Instagram,Nordeste,11.6,1,27,89.9,No,2024-08-23,2427.3
3806,43,Enterprise,Instagram,Nordeste,15.91,2,22,89.9,No,2024-11-30,1977.8000000000002
3807,35,Pro,LinkedIn,Sudeste,25.47,1,28,49.9,No,2025-02-04,1397.2
3808,49,Pro,Orgânico,Centro-Oeste,33.32,2,5,89.9,Yes,2025-08-20,449.5
3809,39,Basic,Orgânico,Sudeste,27.3,0,2,89.9,No,2024-04-13,179.8
3810,55,Basic,Google Ads,Sul,21.86,2,48,89.9,No,2024-06-25,4315.200000000001
3811,34,Pro,Orgânico,Sudeste,17.2,1,36,89.9,No,2025-05-26,3236.4
3812,40,Basic,Google Ads,Sudeste,18.61,1,24,89.9,No,2023-09-13,2157.6000000000004
3813,41,Pro,Instagram,Nordeste,12.59,2,32,89.9,No,2023-04-02,2876.8
3814,25,Basic,Orgânico,Nordeste,16.18,3,22,89.9,No,2024-06-12,1977.8000000000002
3815,58,Pro,Google Ads,Sudeste,24.6,1,42,89.9,No,2023-02-07,3775.8
3816,23,Pro,Google Ads,Sul,21.34,3,6,89.9,No,2023-11-12,539.4000000000001
3817,22,Pro,Instagram,Nordeste,34.46,2,23,49.9,No,2025-01-13,1147.7
3818,61,Enterprise,Indicação,Sul,18.92,1,46,89.9,No,2023-02-25,4135.400000000001
3819,46,Basic,LinkedIn,Sudeste,21.43,3,14,199.9,No,2024-10-29,2798.6
3820,45,Basic,Instagram,Sul,24.02,2,15,89.9,No,2024-01-02,1348.5
3821,28,Basic,Orgânico,Sudeste,25.49,3,43,199.9,No,2024-10-08,8595.7
3822,18,Enterprise,Orgânico,Sudeste,8.5,2,6,89.9,No,2025-08-03,539.4000000000001
3823,60,Pro,Orgânico,Sudeste,25.22,1,22,49.9,No,2024-05-04,1097.8
3824,36,Pro,LinkedIn,Sudeste,27.36,2,44,89.9,No,2025-11-24,3955.6000000000004
3825,26,Basic,Google Ads,Sudeste,23.95,2,24,89.9,No,2025-10-28,2157.6000000000004
3826,44,Pro,Google Ads,Sudeste,19.42,5,14,199.9,No,2024-02-05,2798.6
3827,51,Basic,Indicação,Nordeste,18.23,2,25,89.9,No,2023-01-21,2247.5
3828,61,Pro,Orgânico,Nordeste,38.0,5,27,89.9,No,2024-04-19,2427.3
3829,21,Pro,Orgânico,Sudeste,24.81,1,38,49.9,No,2023-08-19,1896.2
3830,53,Pro,Google Ads,Sudeste,14.59,2,14,89.9,No,2023-05-31,1258.6000000000001
3831,35,Pro,Google Ads,Sul,16.36,3,21,89.9,No,2023-07-14,1887.9
3832,32,Pro,Google Ads,Sudeste,17.73,2,17,199.9,No,2023-01-31,3398.3
3833,30,Pro,Google Ads,Nordeste,22.23,3,14,49.9,No,2025-12-03,698.6
3834,36,Basic,LinkedIn,Sudeste,13.22,1,33,89.9,No,2023-03-13,2966.7000000000003
3835,23,Pro,Orgânico,Sudeste,13.06,4,42,49.9,No,2024-10-28,2095.7999999999997
3836,29,Basic,LinkedIn,Sudeste,9.78,0,9,49.9,Yes,2024-09-03,449.09999999999997
3837,54,Basic,LinkedIn,Sudeste,7.97,5,42,49.9,No,2024-03-19,2095.7999999999997
3838,34,Basic,Indicação,Sul,7.99,1,18,199.9,No,2023-02-11,3598.2000000000003
3839,40,Pro,Google Ads,Norte,10.12,2,11,49.9,No,2023-12-12,548.9
3840,43,Basic,Orgânico,Centro-Oeste,30.09,2,44,49.9,No,2023-01-31,2195.6
3841,46,Pro,Indicação,Sudeste,7.43,1,29,49.9,No,2025-06-04,1447.1
3842,50,Basic,Google Ads,Nordeste,15.6,3,5,89.9,No,2025-07-27,449.5
3843,44,Basic,Indicação,Sudeste,7.6,2,24,49.9,Yes,2023-01-31,1197.6
3844,42,Pro,LinkedIn,Sul,41.93,0,5,49.9,No,2023-11-27,249.5
3845,27,Basic,Google Ads,Norte,32.0,3,10,49.9,No,2023-01-13,499.0
3846,64,Pro,Instagram,Sudeste,21.11,2,2,89.9,Yes,2024-08-28,179.8
3847,40,Pro,Instagram,Norte,17.63,2,23,199.9,No,2023-05-17,4597.7
3848,38,Enterprise,Google Ads,Centro-Oeste,14.14,1,32,89.9,No,2025-12-02,2876.8
3849,38,Pro,Google Ads,Norte,12.38,3,1,199.9,No,2024-11-18,199.9
3850,60,Basic,LinkedIn,Nordeste,6.44,0,32,199.9,No,2025-03-27,6396.8
3851,30,Basic,LinkedIn,Sul,15.92,2,18,49.9,No,2025-03-17,898.1999999999999
3852,54,Basic,Indicação,Nordeste,28.97,3,16,199.9,No,2024-05-26,3198.4
3853,50,Enterprise,Orgânico,Sul,18.29,3,16,49.9,No,2023-01-13,798.4
3854,41,Basic,Indicação,Centro-Oeste,6.95,4,37,89.9,No,2025-09-03,3326.3
3855,61,Basic,LinkedIn,Sudeste,8.34,2,24,89.9,No,2025-12-03,2157.6000000000004
3856,28,Basic,Orgânico,Nordeste,14.33,2,19,89.9,No,2023-02-22,1708.1000000000001
3857,34,Pro,Indicação,Nordeste,21.22,5,40,89.9,No,2023-01-10,3596.0
3858,21,Basic,Google Ads,Nordeste,26.35,3,1,49.9,No,2024-12-15,49.9
3859,64,Enterprise,Instagram,Nordeste,39.07,2,11,199.9,No,2024-01-22,2198.9
3860,42,Basic,Indicação,Nordeste,38.32,1,40,49.9,No,2024-08-06,1996.0
3861,47,Basic,Indicação,Sudeste,10.47,0,19,199.9,No,2023-10-30,3798.1
3862,26,Basic,Orgânico,Nordeste,17.84,4,5,199.9,Yes,2023-01-09,999.5
3863,38,Pro,Indicação,Nordeste,22.51,3,21,89.9,No,2025-03-24,1887.9
3864,37,Enterprise,Orgânico,Nordeste,14.6,1,20,89.9,No,2023-10-10,1798.0
3865,36,Basic,Google Ads,Norte,6.08,1,18,199.9,No,2025-09-08,3598.2000000000003
3866,36,Basic,LinkedIn,Sul,36.93,2,34,49.9,No,2025-02-05,1696.6
3867,29,Pro,Orgânico,Sudeste,11.14,4,23,89.9,No,2023-06-15,2067.7000000000003
3868,54,Basic,Instagram,Nordeste,13.93,1,19,49.9,No,2025-12-19,948.1
3869,59,Basic,Google Ads,Sul,20.17,0,10,49.9,No,2025-12-11,499.0
3870,34,Basic,Instagram,Sudeste,11.5,2,48,49.9,No,2025-12-06,2395.2
3871,54,Basic,Orgânico,Nordeste,28.04,1,37,89.9,No,2025-11-23,3326.3
3872,56,Basic,Google Ads,Sul,9.87,3,45,49.9,No,2023-08-14,2245.5
3873,45,Basic,Indicação,Norte,11.99,2,34,89.9,No,2025-06-21,3056.6000000000004
3874,58,Basic,Google Ads,Norte,17.17,2,43,49.9,No,2025-01-26,2145.7
3875,52,Pro,Instagram,Sudeste,13.86,1,44,89.9,No,2024-07-22,3955.6000000000004
3876,64,Basic,Orgânico,Nordeste,22.22,3,21,89.9,No,2023-05-07,1887.9
3877,35,Pro,Google Ads,Sul,23.76,1,40,89.9,No,2025-08-27,3596.0
3878,31,Basic,Google Ads,Nordeste,17.41,3,44,199.9,No,2023-06-17,8795.6
3879,52,Pro,Instagram,Sudeste,8.97,3,47,89.9,No,2023-06-06,4225.3
3880,61,Basic,LinkedIn,Nordeste,24.81,2,15,49.9,No,2024-02-02,748.5
3881,58,Pro,Instagram,Sudeste,35.23,0,22,199.9,No,2024-03-20,4397.8
3882,24,Basic,LinkedIn,Centro-Oeste,27.37,3,17,49.9,No,2024-07-03,848.3
3883,58,Enterprise,Orgânico,Nordeste,16.3,5,42,199.9,Yes,2023-01-08,8395.800000000001
3884,30,Basic,Instagram,Sudeste,12.11,3,7,49.9,No,2024-08-08,349.3
3885,35,Basic,Instagram,Nordeste,19.85,2,25,89.9,No,2023-06-06,2247.5
3886,54,Enterprise,LinkedIn,Norte,30.83,3,22,49.9,No,2025-09-05,1097.8
3887,30,Pro,LinkedIn,Centro-Oeste,34.5,4,10,49.9,No,2024-05-24,499.0
3888,53,Basic,Google Ads,Nordeste,34.13,1,46,199.9,No,2024-11-22,9195.4
3889,48,Enterprise,Indicação,Sudeste,28.36,2,16,49.9,No,2024-11-19,798.4
3890,19,Basic,Orgânico,Sudeste,9.62,1,13,89.9,No,2025-02-24,1168.7
3891,33,Basic,Instagram,Sul,14.94,3,43,49.9,No,2025-11-20,2145.7
3892,26,Enterprise,Indicação,Sudeste,30.73,2,35,89.9,No,2025-01-17,3146.5
3893,26,Basic,Google Ads,Sudeste,16.89,2,30,49.9,No,2023-03-01,1497.0
3894,55,Enterprise,Indicação,Centro-Oeste,19.31,0,5,89.9,No,2025-06-28,449.5
3895,28,Basic,Instagram,Sudeste,16.3,3,39,49.9,No,2023-10-28,1946.1
3896,39,Pro,LinkedIn,Sudeste,12.98,2,6,49.9,No,2023-03-29,299.4
3897,50,Pro,LinkedIn,Nordeste,30.34,1,38,49.9,No,2023-07-09,1896.2
3898,53,Enterprise,Google Ads,Sudeste,13.38,1,38,49.9,No,2025-01-02,1896.2
3899,62,Pro,Orgânico,Sudeste,9.87,3,20,89.9,No,2025-09-20,1798.0
3900,40,Basic,LinkedIn,Sudeste,13.54,0,39,49.9,No,2025-04-16,1946.1
3901,62,Pro,Instagram,Sudeste,22.09,1,6,89.9,No,2023-03-12,539.4000000000001
3902,62,Basic,Orgânico,Norte,9.95,5,5,89.9,No,2024-01-02,449.5
3903,51,Pro,Google Ads,Nordeste,25.19,3,7,49.9,No,2024-04-09,349.3
3904,26,Enterprise,Indicação,Sudeste,10.69,3,15,49.9,No,2025-06-13,748.5
3905,41,Pro,Instagram,Sudeste,11.03,3,18,89.9,No,2024-10-02,1618.2
3906,25,Pro,LinkedIn,Norte,17.77,2,37,49.9,No,2025-07-16,1846.3
3907,24,Basic,Instagram,Nordeste,17.43,2,43,49.9,No,2024-12-07,2145.7
3908,53,Pro,Instagram,Sudeste,58.65,2,27,89.9,No,2023-05-08,2427.3
3909,35,Basic,Google Ads,Nordeste,14.24,2,23,89.9,No,2023-08-23,2067.7000000000003
3910,20,Pro,Indicação,Sudeste,19.54,1,29,89.9,No,2024-11-25,2607.1000000000004
3911,45,Basic,Indicação,Sudeste,30.91,1,24,49.9,No,2024-02-03,1197.6
3912,23,Pro,Indicação,Sul,17.11,1,25,49.9,No,2024-07-04,1247.5
3913,61,Basic,Orgânico,Norte,9.1,3,20,199.9,Yes,2024-06-17,3998.0
3914,61,Pro,Orgânico,Nordeste,44.48,1,46,89.9,No,2024-11-20,4135.400000000001
3915,38,Basic,LinkedIn,Sudeste,8.29,3,21,199.9,No,2025-01-01,4197.900000000001
3916,45,Pro,Indicação,Centro-Oeste,19.93,1,40,49.9,No,2023-10-01,1996.0
3917,57,Basic,Google Ads,Sudeste,11.28,1,40,89.9,No,2025-04-08,3596.0
3918,18,Pro,Orgânico,Sul,18.98,4,2,49.9,No,2025-02-17,99.8
3919,53,Basic,Orgânico,Sudeste,8.55,6,48,199.9,No,2024-11-09,9595.2
3920,38,Pro,Google Ads,Centro-Oeste,20.44,2,42,89.9,No,2024-03-25,3775.8
3921,60,Basic,LinkedIn,Sul,23.17,3,46,89.9,No,2024-11-15,4135.400000000001
3922,52,Pro,Orgânico,Sudeste,43.31,2,44,199.9,No,2024-09-06,8795.6
3923,30,Basic,Google Ads,Sudeste,29.32,1,20,49.9,No,2025-11-20,998.0
3924,27,Pro,Instagram,Centro-Oeste,28.07,1,11,89.9,No,2024-04-02,988.9000000000001
3925,61,Basic,Instagram,Sudeste,12.49,1,2,49.9,No,2023-08-11,99.8
3926,64,Basic,Instagram,Sul,20.52,3,47,49.9,No,2024-11-19,2345.2999999999997
3927,27,Pro,Google Ads,Sudeste,14.62,2,15,49.9,No,2024-07-29,748.5
3928,63,Basic,Instagram,Sudeste,50.18,3,26,49.9,No,2023-11-09,1297.3999999999999
3929,30,Basic,Instagram,Centro-Oeste,21.73,4,3,89.9,No,2024-07-14,269.70000000000005
3930,54,Enterprise,Orgânico,Norte,6.9,4,18,49.9,No,2023-01-21,898.1999999999999
3931,55,Enterprise,Instagram,Sudeste,23.0,1,20,49.9,No,2025-02-18,998.0
3932,41,Pro,Instagram,Centro-Oeste,18.69,2,24,89.9,No,2025-08-30,2157.6000000000004
3933,19,Basic,Instagram,Sul,19.82,1,16,89.9,No,2024-12-18,1438.4
3934,39,Basic,Google Ads,Sudeste,13.53,1,41,49.9,No,2025-10-14,2045.8999999999999
3935,34,Pro,Orgânico,Sudeste,12.38,1,23,89.9,No,2024-05-18,2067.7000000000003
3936,53,Basic,Orgânico,Nordeste,27.68,2,39,89.9,No,2023-06-08,3506.1000000000004
3937,31,Enterprise,LinkedIn,Nordeste,11.16,1,10,89.9,No,2024-10-04,899.0
3938,27,Basic,LinkedIn,Nordeste,11.52,2,22,49.9,No,2024-11-18,1097.8
3939,52,Enterprise,Indicação,Sul,30.6,1,20,199.9,No,2023-01-23,3998.0
3940,42,Pro,Instagram,Centro-Oeste,13.78,3,48,199.9,No,2025-08-14,9595.2
3941,20,Pro,Google Ads,Nordeste,18.25,2,10,89.9,No,2023-09-28,899.0
3942,64,Basic,Instagram,Sudeste,16.62,2,26,49.9,No,2025-03-24,1297.3999999999999
3943,55,Enterprise,Orgânico,Norte,5.61,1,22,89.9,No,2025-01-31,1977.8000000000002
3944,34,Basic,Google Ads,Sul,9.21,0,12,89.9,No,2024-03-15,1078.8000000000002
3945,29,Pro,LinkedIn,Nordeste,8.83,0,7,49.9,No,2023-12-17,349.3
3946,41,Pro,Google Ads,Sudeste,30.9,2,33,49.9,No,2025-10-01,1646.7
3947,46,Basic,Google Ads,Centro-Oeste,33.64,3,44,49.9,No,2023-01-14,2195.6
3948,60,Basic,LinkedIn,Centro-Oeste,12.44,0,18,89.9,No,2025-09-16,1618.2
3949,42,Pro,Instagram,Sudeste,21.2,1,48,49.9,No,2023-02-17,2395.2
3950,53,Basic,Orgânico,Norte,24.72,3,44,89.9,Yes,2023-06-01,3955.6000000000004
3951,43,Pro,Instagram,Sul,21.59,0,42,49.9,No,2025-08-06,2095.7999999999997
3952,55,Basic,Google Ads,Sudeste,42.28,1,11,49.9,No,2024-07-12,548.9
3953,18,Basic,LinkedIn,Nordeste,19.49,1,12,89.9,Yes,2024-10-01,1078.8000000000002
3954,37,Pro,Orgânico,Sul,24.74,2,32,49.9,No,2023-12-04,1596.8
3955,45,Pro,Google Ads,Sudeste,8.17,3,36,89.9,No,2025-12-22,3236.4
3956,33,Basic,LinkedIn,Nordeste,14.41,2,36,199.9,No,2024-04-03,7196.400000000001
3957,64,Enterprise,Orgânico,Nordeste,22.91,2,10,89.9,No,2024-02-13,899.0
3958,34,Enterprise,Google Ads,Norte,14.1,0,38,49.9,No,2023-10-22,1896.2
3959,57,Pro,Orgânico,Nordeste,27.54,0,37,199.9,No,2023-01-12,7396.3
3960,45,Basic,Instagram,Nordeste,33.35,3,45,89.9,No,2025-01-21,4045.5000000000005
3961,29,Basic,Google Ads,Norte,15.85,5,43,89.9,No,2023-11-26,3865.7000000000003
3962,44,Pro,LinkedIn,Sudeste,16.64,2,41,49.9,No,2025-07-07,2045.8999999999999
3963,59,Pro,Google Ads,Sudeste,25.31,3,31,49.9,No,2025-05-14,1546.8999999999999
3964,64,Basic,Indicação,Nordeste,11.87,2,3,49.9,No,2023-12-23,149.7
3965,47,Pro,LinkedIn,Sudeste,23.1,2,48,89.9,No,2023-08-02,4315.200000000001
3966,58,Basic,Google Ads,Sul,13.65,5,48,49.9,No,2024-02-05,2395.2
3967,51,Basic,Orgânico,Nordeste,13.02,0,39,49.9,No,2024-01-12,1946.1
3968,54,Pro,Indicação,Norte,11.99,3,40,89.9,No,2025-09-30,3596.0
3969,23,Pro,LinkedIn,Sudeste,11.14,0,43,49.9,No,2024-09-03,2145.7
3970,24,Basic,Instagram,Sudeste,27.47,1,12,89.9,No,2024-06-23,1078.8000000000002
3971,49,Pro,Google Ads,Sudeste,10.78,5,16,199.9,No,2025-03-21,3198.4
3972,49,Enterprise,Indicação,Sudeste,15.66,0,29,49.9,No,2024-11-27,1447.1
3973,42,Pro,Orgânico,Sudeste,20.08,1,1,89.9,No,2024-06-09,89.9
3974,50,Pro,Google Ads,Centro-Oeste,32.32,1,28,49.9,No,2025-07-11,1397.2
3975,24,Basic,LinkedIn,Sudeste,13.07,4,45,89.9,No,2025-12-15,4045.5000000000005
3976,29,Basic,LinkedIn,Sudeste,13.36,6,8,89.9,No,2024-01-10,719.2
3977,33,Basic,Instagram,Nordeste,8.32,3,34,49.9,No,2025-06-26,1696.6
3978,33,Pro,Orgânico,Nordeste,18.48,2,16,89.9,No,2024-09-14,1438.4
3979,60,Pro,Google Ads,Sul,8.52,3,40,49.9,No,2023-01-16,1996.0
3980,53,Basic,Google Ads,Sudeste,10.61,1,26,89.9,No,2024-10-26,2337.4
3981,30,Basic,Google Ads,Sul,9.47,2,22,199.9,No,2025-09-16,4397.8
3982,24,Basic,Instagram,Norte,17.82,5,25,49.9,No,2024-01-05,1247.5
3983,53,Basic,Instagram,Sudeste,19.88,0,24,49.9,No,2024-11-20,1197.6
3984,64,Enterprise,Orgânico,Norte,10.61,3,7,49.9,No,2023-05-01,349.3
3985,26,Pro,Indicação,Nordeste,13.01,4,21,89.9,Yes,2025-05-01,1887.9
3986,49,Basic,Google Ads,Sudeste,23.86,1,1,199.9,No,2023-10-16,199.9
3987,28,Pro,Indicação,Sudeste,26.31,3,2,89.9,No,2025-11-21,179.8
3988,25,Pro,Indicação,Nordeste,4.21,2,17,49.9,No,2025-03-07,848.3
3989,50,Pro,Instagram,Sudeste,17.59,1,28,199.9,No,2025-03-01,5597.2
3990,40,Basic,Google Ads,Sudeste,6.36,5,48,89.9,No,2025-06-26,4315.200000000001
3991,42,Basic,Google Ads,Sudeste,23.16,1,19,199.9,No,2024-04-27,3798.1
3992,25,Basic,Google Ads,Sudeste,19.71,1,30,89.9,No,2023-06-24,2697.0
3993,62,Pro,Orgânico,Sudeste,16.1,2,47,199.9,No,2024-04-01,9395.300000000001
3994,39,Pro,LinkedIn,Norte,45.23,0,14,89.9,No,2025-06-25,1258.6000000000001
3995,21,Pro,Orgânico,Sudeste,21.24,2,29,199.9,No,2024-02-26,5797.1
3996,57,Basic,Orgânico,Nordeste,9.01,2,2,89.9,No,2024-01-14,179.8
3997,20,Basic,Instagram,Sul,9.54,3,11,89.9,No,2024-12-08,988.9000000000001
3998,46,Basic,Orgânico,Sudeste,14.98,3,32,49.9,No,2024-04-11,1596.8
3999,58,Enterprise,Google Ads,Sudeste,27.02,1,47,199.9,No,2023-01-06,9395.300000000001
4000,46,Basic,Google Ads,Norte,20.54,4,46,49.9,No,2023-04-19,2295.4
4001,51,Basic,Indicação,Sul,12.35,1,35,89.9,No,2025-02-21,3146.5
4002,51,Enterprise,Instagram,Nordeste,11.53,2,43,49.9,No,2025-11-06,2145.7
4003,45,Pro,Instagram,Sudeste,16.05,1,9,199.9,Yes,2023-11-25,1799.1000000000001
4004,30,Pro,Indicação,Nordeste,43.19,0,34,49.9,No,2023-12-05,1696.6
4005,32,Basic,Orgânico,Sudeste,23.85,4,44,199.9,No,2024-04-14,8795.6
4006,40,Pro,Instagram,Sudeste,23.17,1,9,89.9,Yes,2024-10-13,809.1
4007,61,Basic,Instagram,Centro-Oeste,23.0,4,47,199.9,No,2023-04-10,9395.300000000001
4008,43,Pro,LinkedIn,Sudeste,14.51,2,9,89.9,No,2025-06-04,809.1
4009,21,Basic,Indicação,Sudeste,10.3,4,3,89.9,No,2025-09-27,269.70000000000005
4010,43,Basic,Google Ads,Sul,18.08,3,27,49.9,No,2024-08-25,1347.3
4011,57,Pro,Orgânico,Nordeste,17.27,1,45,49.9,No,2025-08-03,2245.5
4012,26,Pro,Indicação,Sudeste,27.62,2,21,49.9,No,2025-10-21,1047.8999999999999
4013,22,Pro,Indicação,Sul,27.32,0,34,49.9,Yes,2024-08-12,1696.6
4014,49,Basic,Orgânico,Nordeste,11.85,2,28,89.9,No,2025-03-27,2517.2000000000003
4015,37,Basic,Orgânico,Sul,8.31,1,33,49.9,No,2023-12-09,1646.7
4016,28,Pro,Google Ads,Sudeste,30.54,3,35,49.9,No,2024-10-27,1746.5
4017,32,Pro,Google Ads,Centro-Oeste,12.81,1,40,199.9,No,2025-07-09,7996.0
4018,49,Enterprise,Orgânico,Norte,28.48,2,5,49.9,No,2024-12-19,249.5
4019,45,Pro,Orgânico,Sudeste,14.47,0,46,49.9,No,2025-07-13,2295.4
4020,39,Pro,Indicação,Centro-Oeste,7.05,0,46,49.9,Yes,2024-05-19,2295.4
4021,58,Enterprise,Instagram,Sudeste,12.46,1,41,89.9,No,2025-08-17,3685.9
4022,34,Basic,Indicação,Sudeste,21.78,0,31,199.9,No,2025-07-12,6196.900000000001
4023,43,Basic,Google Ads,Sudeste,20.26,1,42,199.9,No,2023-06-16,8395.800000000001
4024,61,Basic,Orgânico,Sudeste,6.92,3,45,199.9,No,2023-11-13,8995.5
4025,24,Basic,Instagram,Sudeste,25.59,2,33,49.9,No,2024-01-29,1646.7
4026,59,Pro,Orgânico,Centro-Oeste,16.44,0,25,89.9,No,2024-05-04,2247.5
4027,43,Pro,Instagram,Sudeste,23.86,3,22,89.9,No,2024-06-05,1977.8000000000002
4028,42,Pro,Orgânico,Sul,23.2,0,8,199.9,No,2024-04-08,1599.2
4029,27,Basic,Instagram,Sudeste,21.18,3,9,89.9,No,2025-02-04,809.1
4030,62,Pro,Orgânico,Sudeste,10.67,2,11,89.9,No,2023-09-08,988.9000000000001
4031,36,Basic,Orgânico,Sudeste,21.12,2,31,89.9,No,2024-02-28,2786.9
4032,28,Pro,Indicação,Sul,22.85,0,29,49.9,No,2023-06-20,1447.1
4033,30,Basic,Indicação,Sudeste,12.62,3,23,49.9,No,2023-01-13,1147.7
4034,25,Pro,Google Ads,Centro-Oeste,24.11,0,37,49.9,No,2024-11-01,1846.3
4035,57,Basic,LinkedIn,Sul,21.43,1,20,49.9,No,2023-07-09,998.0
4036,21,Basic,Orgânico,Nordeste,16.01,1,48,89.9,No,2025-04-04,4315.200000000001
4037,64,Pro,Google Ads,Norte,23.67,0,23,89.9,No,2024-01-23,2067.7000000000003
4038,48,Pro,Orgânico,Sul,6.05,2,9,199.9,No,2024-05-10,1799.1000000000001
4039,45,Pro,Indicação,Sudeste,9.47,2,46,89.9,No,2025-05-16,4135.400000000001
4040,28,Pro,Google Ads,Sudeste,35.0,5,18,49.9,No,2023-10-22,898.1999999999999
4041,60,Enterprise,Instagram,Sudeste,17.37,1,30,89.9,No,2024-10-02,2697.0
4042,18,Enterprise,Instagram,Nordeste,13.38,2,26,49.9,No,2023-01-22,1297.3999999999999
4043,64,Pro,Google Ads,Sudeste,7.91,1,16,49.9,No,2023-05-11,798.4
4044,55,Pro,Orgânico,Sudeste,41.82,2,20,49.9,No,2024-07-03,998.0
4045,41,Basic,Indicação,Sul,31.92,0,16,89.9,No,2024-07-19,1438.4
4046,64,Pro,Instagram,Sudeste,35.4,1,24,199.9,No,2025-04-20,4797.6
4047,48,Basic,Instagram,Sudeste,6.26,2,16,89.9,Yes,2023-07-08,1438.4
4048,58,Enterprise,Indicação,Sudeste,22.46,0,32,49.9,No,2024-07-07,1596.8
4049,63,Basic,Instagram,Sul,15.09,3,38,49.9,No,2025-11-09,1896.2
4050,43,Basic,Google Ads,Sudeste,40.99,2,17,199.9,Yes,2023-01-22,3398.3
4051,22,Pro,Instagram,Sudeste,45.1,0,36,89.9,Yes,2025-05-04,3236.4
4052,37,Basic,Orgânico,Nordeste,10.29,4,42,89.9,No,2025-06-06,3775.8
4053,58,Basic,Google Ads,Sudeste,19.1,1,24,89.9,No,2025-11-16,2157.6000000000004
4054,28,Pro,Instagram,Sudeste,7.41,4,25,199.9,No,2024-09-02,4997.5
4055,50,Pro,Orgânico,Sul,37.4,1,15,49.9,No,2025-08-03,748.5
4056,55,Pro,Google Ads,Nordeste,20.57,7,21,49.9,No,2023-05-20,1047.8999999999999
4057,44,Basic,Orgânico,Sudeste,13.33,1,40,49.9,No,2023-04-20,1996.0
4058,51,Pro,Instagram,Sul,18.67,4,16,199.9,No,2023-09-13,3198.4
4059,32,Basic,Google Ads,Sudeste,26.95,1,48,49.9,Yes,2023-04-08,2395.2
4060,49,Basic,Google Ads,Norte,25.91,0,19,89.9,No,2024-12-20,1708.1000000000001
4061,38,Pro,Google Ads,Nordeste,4.24,2,20,89.9,No,2023-12-22,1798.0
4062,63,Pro,Google Ads,Sudeste,11.01,0,38,199.9,No,2023-08-30,7596.2
4063,22,Pro,Google Ads,Sudeste,6.45,3,5,49.9,No,2023-10-08,249.5
4064,23,Pro,Instagram,Sudeste,14.63,1,15,89.9,No,2025-05-27,1348.5
4065,55,Basic,Google Ads,Sul,11.94,1,40,199.9,No,2024-04-18,7996.0
4066,39,Pro,Indicação,Nordeste,3.61,2,10,89.9,Yes,2023-05-25,899.0
4067,35,Basic,Orgânico,Nordeste,34.74,2,11,89.9,Yes,2024-02-26,988.9000000000001
4068,31,Enterprise,Orgânico,Sudeste,14.41,3,34,89.9,No,2024-04-30,3056.6000000000004
4069,27,Pro,LinkedIn,Nordeste,6.23,4,44,89.9,No,2025-02-04,3955.6000000000004
4070,63,Pro,Orgânico,Sudeste,20.91,0,8,49.9,No,2024-09-12,399.2
4071,30,Pro,Google Ads,Sul,15.18,2,40,89.9,No,2024-12-17,3596.0
4072,48,Pro,Google Ads,Sudeste,18.85,2,46,49.9,No,2024-07-11,2295.4
4073,47,Pro,Instagram,Sudeste,19.63,0,24,89.9,No,2025-04-02,2157.6000000000004
4074,20,Basic,Orgânico,Sul,18.35,3,34,89.9,No,2023-12-12,3056.6000000000004
4075,47,Basic,Orgânico,Sudeste,8.36,1,40,89.9,Yes,2023-09-17,3596.0
4076,23,Pro,Indicação,Sul,28.26,2,21,49.9,No,2025-02-08,1047.8999999999999
4077,46,Enterprise,Instagram,Sudeste,10.6,1,2,89.9,No,2023-11-10,179.8
4078,25,Basic,Indicação,Nordeste,24.46,2,19,49.9,No,2025-05-17,948.1
4079,61,Basic,Google Ads,Norte,11.94,3,14,89.9,No,2023-05-21,1258.6000000000001
4080,62,Basic,LinkedIn,Sudeste,28.16,0,12,49.9,No,2023-09-11,598.8
4081,60,Pro,LinkedIn,Centro-Oeste,40.09,1,37,89.9,No,2024-01-28,3326.3
4082,61,Basic,Google Ads,Nordeste,17.92,6,20,49.9,No,2023-05-16,998.0
4083,50,Basic,Google Ads,Centro-Oeste,21.27,1,20,49.9,No,2025-08-03,998.0
4084,34,Pro,Orgânico,Sudeste,9.92,3,31,89.9,No,2023-04-07,2786.9
4085,28,Pro,LinkedIn,Sudeste,7.44,1,29,89.9,No,2023-10-13,2607.1000000000004
4086,30,Basic,Instagram,Sudeste,19.45,0,11,49.9,No,2024-08-15,548.9
4087,28,Basic,Instagram,Sudeste,20.64,2,11,89.9,No,2024-09-27,988.9000000000001
4088,48,Pro,Orgânico,Sudeste,42.29,3,18,49.9,No,2023-08-15,898.1999999999999
4089,45,Pro,Instagram,Nordeste,19.73,0,10,49.9,No,2024-05-16,499.0
4090,61,Enterprise,Google Ads,Sudeste,51.81,0,48,49.9,No,2024-09-12,2395.2
4091,23,Pro,LinkedIn,Sudeste,20.39,2,18,89.9,No,2025-11-11,1618.2
4092,58,Basic,Indicação,Sudeste,35.02,4,9,89.9,No,2023-11-20,809.1
4093,33,Pro,Google Ads,Sudeste,17.63,4,6,89.9,No,2023-06-28,539.4000000000001
4094,21,Basic,Instagram,Nordeste,19.44,1,12,89.9,No,2025-01-27,1078.8000000000002
4095,52,Basic,Instagram,Centro-Oeste,40.23,1,1,49.9,No,2024-09-19,49.9
4096,43,Enterprise,LinkedIn,Nordeste,44.49,1,10,49.9,No,2024-07-18,499.0
4097,29,Pro,Instagram,Sudeste,14.67,3,2,89.9,Yes,2024-11-18,179.8
4098,28,Basic,Indicação,Sudeste,15.91,3,45,49.9,No,2023-07-06,2245.5
4099,54,Basic,Orgânico,Centro-Oeste,13.82,0,41,89.9,No,2023-10-28,3685.9
4100,42,Basic,Orgânico,Sudeste,13.98,1,8,89.9,No,2024-03-20,719.2
4101,35,Basic,Indicação,Sudeste,16.59,2,25,89.9,No,2023-03-23,2247.5
4102,36,Pro,LinkedIn,Sudeste,6.75,1,30,199.9,Yes,2024-04-16,5997.0
4103,40,Basic,Orgânico,Norte,13.15,3,27,89.9,No,2024-02-15,2427.3
4104,55,Enterprise,Orgânico,Nordeste,37.93,3,44,89.9,No,2025-11-20,3955.6000000000004
4105,35,Basic,Orgânico,Sul,28.24,5,13,49.9,No,2024-08-13,648.6999999999999
4106,43,Pro,Google Ads,Sul,13.48,2,32,49.9,No,2024-07-22,1596.8
4107,23,Enterprise,Google Ads,Centro-Oeste,12.05,0,6,49.9,No,2024-06-08,299.4
4108,21,Pro,Orgânico,Sul,11.07,2,20,49.9,No,2024-11-26,998.0
4109,61,Basic,Orgânico,Sul,15.6,1,14,89.9,No,2024-05-26,1258.6000000000001
4110,46,Basic,LinkedIn,Sudeste,17.43,3,23,199.9,No,2024-11-09,4597.7
4111,51,Basic,Orgânico,Sudeste,23.66,2,13,89.9,No,2023-04-06,1168.7
4112,34,Enterprise,Orgânico,Sudeste,17.82,1,24,89.9,No,2025-05-01,2157.6000000000004
4113,60,Enterprise,LinkedIn,Sudeste,15.19,2,48,49.9,No,2024-01-02,2395.2
4114,60,Enterprise,Instagram,Norte,17.45,1,47,49.9,No,2025-10-20,2345.2999999999997
4115,33,Pro,LinkedIn,Sudeste,22.99,2,10,49.9,No,2023-05-05,499.0
4116,19,Basic,LinkedIn,Sudeste,16.51,1,46,89.9,No,2025-10-19,4135.400000000001
4117,51,Enterprise,Orgânico,Sudeste,33.83,3,41,89.9,No,2023-01-14,3685.9
4118,25,Enterprise,LinkedIn,Sudeste,20.38,1,10,49.9,No,2023-02-25,499.0
4119,30,Basic,Orgânico,Norte,23.24,4,8,49.9,No,2024-02-06,399.2
4120,59,Basic,Orgânico,Sudeste,25.38,1,18,49.9,No,2023-04-07,898.1999999999999
4121,25,Pro,Google Ads,Norte,13.32,4,12,49.9,No,2025-01-20,598.8
4122,47,Basic,Google Ads,Sudeste,17.76,1,21,89.9,No,2024-07-19,1887.9
4123,49,Basic,Indicação,Nordeste,11.89,0,26,49.9,Yes,2025-07-27,1297.3999999999999
4124,53,Enterprise,Instagram,Centro-Oeste,16.59,1,11,49.9,No,2025-11-07,548.9
4125,64,Enterprise,Indicação,Norte,38.35,2,11,49.9,No,2024-01-22,548.9
4126,47,Basic,Google Ads,Centro-Oeste,9.45,1,30,89.9,Yes,2024-01-21,2697.0
4127,18,Basic,Instagram,Sudeste,17.24,3,46,49.9,No,2024-01-07,2295.4
4128,60,Pro,Google Ads,Centro-Oeste,6.4,2,1,49.9,Yes,2023-05-19,49.9
4129,56,Pro,Instagram,Nordeste,8.84,1,15,49.9,Yes,2024-05-28,748.5
4130,34,Basic,Google Ads,Nordeste,9.98,1,28,49.9,Yes,2025-05-12,1397.2
4131,37,Pro,Orgânico,Sudeste,7.97,0,38,89.9,No,2024-04-27,3416.2000000000003
4132,41,Enterprise,Instagram,Sudeste,9.13,3,5,49.9,No,2023-04-07,249.5
4133,39,Enterprise,Orgânico,Sul,10.29,3,45,89.9,No,2025-06-17,4045.5000000000005
4134,46,Basic,Orgânico,Sudeste,21.41,2,41,89.9,No,2023-11-12,3685.9
4135,39,Basic,Orgânico,Nordeste,3.81,6,42,49.9,No,2025-01-31,2095.7999999999997
4136,61,Enterprise,LinkedIn,Sul,19.18,3,8,89.9,No,2023-04-22,719.2
4137,26,Basic,Orgânico,Sudeste,12.92,1,38,199.9,No,2023-05-13,7596.2
4138,54,Pro,Google Ads,Centro-Oeste,14.04,3,45,49.9,No,2025-01-19,2245.5
4139,27,Basic,Google Ads,Nordeste,22.53,5,22,89.9,No,2024-04-25,1977.8000000000002
4140,53,Basic,Orgânico,Sudeste,14.43,3,38,89.9,No,2025-01-10,3416.2000000000003
4141,54,Basic,Google Ads,Sudeste,19.7,2,46,89.9,No,2023-11-10,4135.400000000001
4142,45,Basic,Orgânico,Norte,15.07,2,30,49.9,No,2024-06-13,1497.0
4143,45,Enterprise,Indicação,Sul,16.19,4,4,89.9,No,2023-06-13,359.6
4144,59,Basic,Instagram,Nordeste,5.57,1,2,49.9,Yes,2024-07-20,99.8
4145,60,Enterprise,Google Ads,Sul,31.04,2,21,199.9,No,2025-04-21,4197.900000000001
4146,38,Enterprise,Indicação,Sul,9.54,2,33,89.9,No,2024-07-25,2966.7000000000003
4147,41,Basic,LinkedIn,Nordeste,8.15,0,14,49.9,No,2024-08-12,698.6
4148,59,Pro,Indicação,Nordeste,61.88,2,16,199.9,No,2023-12-07,3198.4
4149,57,Basic,Instagram,Sudeste,14.43,5,28,199.9,No,2023-08-03,5597.2
4150,19,Pro,Google Ads,Centro-Oeste,20.77,3,46,49.9,No,2023-05-29,2295.4
4151,25,Pro,Instagram,Sudeste,15.74,2,41,89.9,No,2025-07-16,3685.9
4152,44,Basic,Instagram,Sul,18.28,1,9,199.9,No,2025-07-25,1799.1000000000001
4153,39,Basic,Google Ads,Nordeste,25.24,2,34,89.9,No,2023-02-27,3056.6000000000004
4154,54,Pro,Google Ads,Nordeste,23.21,4,11,89.9,No,2023-07-09,988.9000000000001
4155,44,Enterprise,Instagram,Nordeste,27.98,2,19,89.9,No,2025-07-25,1708.1000000000001
4156,46,Basic,Indicação,Sudeste,19.16,1,29,49.9,No,2024-02-06,1447.1
4157,20,Pro,Indicação,Centro-Oeste,24.11,5,44,89.9,Yes,2024-02-26,3955.6000000000004
4158,61,Basic,Google Ads,Sudeste,18.31,4,38,89.9,No,2024-02-10,3416.2000000000003
4159,30,Pro,Indicação,Sudeste,11.9,2,9,49.9,No,2025-12-04,449.09999999999997
4160,62,Basic,Indicação,Sudeste,6.47,3,7,49.9,No,2023-02-24,349.3
4161,27,Pro,LinkedIn,Norte,9.56,1,31,89.9,No,2024-02-27,2786.9
4162,53,Basic,LinkedIn,Sudeste,35.89,4,3,49.9,No,2023-04-18,149.7
4163,26,Pro,Instagram,Sudeste,18.22,1,8,199.9,No,2023-01-16,1599.2
4164,44,Pro,Google Ads,Centro-Oeste,15.39,5,9,49.9,No,2025-04-09,449.09999999999997
4165,51,Pro,Instagram,Sul,20.6,2,15,89.9,No,2024-04-02,1348.5
4166,18,Pro,Instagram,Nordeste,24.91,0,8,49.9,No,2023-07-23,399.2
4167,49,Pro,LinkedIn,Sul,32.95,0,17,49.9,No,2025-06-22,848.3
4168,42,Enterprise,Orgânico,Nordeste,6.86,2,32,89.9,No,2024-02-23,2876.8
4169,46,Pro,Instagram,Sudeste,48.33,2,23,49.9,No,2024-08-23,1147.7
4170,24,Enterprise,Indicação,Sul,36.84,2,1,49.9,No,2023-08-21,49.9
4171,20,Pro,Orgânico,Nordeste,4.63,1,46,49.9,No,2025-10-15,2295.4
4172,37,Pro,Google Ads,Centro-Oeste,8.87,1,36,49.9,No,2025-12-15,1796.3999999999999
4173,37,Basic,Orgânico,Sul,24.51,3,7,49.9,No,2025-04-30,349.3
4174,47,Pro,Google Ads,Sudeste,12.03,2,14,199.9,No,2025-05-12,2798.6
4175,52,Basic,Orgânico,Sudeste,16.91,1,10,49.9,Yes,2024-10-09,499.0
4176,52,Enterprise,Google Ads,Sudeste,9.97,1,21,89.9,Yes,2025-06-02,1887.9
4177,56,Pro,Instagram,Sudeste,15.49,3,34,49.9,No,2025-02-07,1696.6
4178,44,Enterprise,Indicação,Sudeste,10.31,3,35,199.9,No,2025-06-03,6996.5
4179,43,Basic,Orgânico,Sudeste,17.01,0,40,49.9,No,2024-01-04,1996.0
4180,31,Basic,Instagram,Sudeste,16.93,4,48,49.9,No,2024-07-30,2395.2
4181,34,Enterprise,Orgânico,Sudeste,26.83,3,33,49.9,No,2025-12-18,1646.7
4182,35,Basic,Indicação,Sul,19.47,2,12,89.9,No,2024-04-21,1078.8000000000002
4183,62,Pro,Google Ads,Centro-Oeste,5.39,1,13,89.9,No,2023-10-24,1168.7
4184,46,Enterprise,LinkedIn,Centro-Oeste,9.57,4,31,89.9,Yes,2025-09-11,2786.9
4185,37,Pro,LinkedIn,Sudeste,5.35,1,15,89.9,No,2024-02-25,1348.5
4186,44,Basic,Instagram,Sudeste,11.7,2,35,49.9,No,2025-07-01,1746.5
4187,35,Enterprise,Orgânico,Sul,10.11,0,9,89.9,No,2025-06-02,809.1
4188,21,Basic,Orgânico,Sudeste,33.94,2,6,89.9,No,2023-01-14,539.4000000000001
4189,18,Enterprise,Indicação,Sudeste,9.72,5,37,49.9,Yes,2024-06-11,1846.3
4190,18,Basic,Orgânico,Sudeste,16.05,1,3,49.9,No,2023-01-18,149.7
4191,43,Pro,Google Ads,Norte,40.36,2,44,89.9,No,2023-08-25,3955.6000000000004
4192,62,Basic,Google Ads,Sudeste,28.02,0,40,49.9,No,2023-01-04,1996.0
4193,37,Pro,Orgânico,Nordeste,20.86,0,14,49.9,No,2024-10-14,698.6
4194,40,Basic,Orgânico,Sul,12.36,1,14,89.9,No,2023-02-23,1258.6000000000001
4195,27,Pro,Google Ads,Sudeste,16.36,3,23,199.9,No,2024-12-29,4597.7
4196,28,Pro,Instagram,Sudeste,17.31,2,1,49.9,No,2024-02-01,49.9
4197,58,Basic,Orgânico,Sudeste,45.2,3,36,89.9,No,2023-12-01,3236.4
4198,58,Pro,Google Ads,Sudeste,17.43,2,33,49.9,No,2025-03-09,1646.7
4199,22,Pro,Instagram,Centro-Oeste,19.73,0,24,49.9,No,2024-05-31,1197.6
4200,18,Basic,Indicação,Centro-Oeste,15.45,2,26,49.9,No,2023-12-07,1297.3999999999999
4201,34,Basic,Orgânico,Sul,10.83,0,10,49.9,No,2023-09-22,499.0
4202,39,Basic,Orgânico,Centro-Oeste,6.69,3,39,49.9,Yes,2025-10-06,1946.1
4203,51,Basic,Orgânico,Sul,22.1,2,18,49.9,Yes,2025-12-04,898.1999999999999
4204,62,Basic,Instagram,Sudeste,32.49,0,10,89.9,No,2024-05-25,899.0
4205,58,Basic,Indicação,Nordeste,19.07,0,6,199.9,No,2023-05-17,1199.4
4206,46,Pro,Google Ads,Nordeste,43.76,2,35,49.9,No,2023-07-25,1746.5
4207,21,Pro,Orgânico,Sudeste,32.49,2,5,89.9,No,2023-01-22,449.5
4208,22,Basic,LinkedIn,Sudeste,17.2,6,9,49.9,No,2024-05-30,449.09999999999997
4209,28,Enterprise,Indicação,Sudeste,7.7,0,3,199.9,Yes,2025-07-27,599.7
4210,38,Enterprise,Orgânico,Sudeste,12.3,2,47,89.9,No,2023-01-15,4225.3
4211,52,Basic,Google Ads,Norte,13.43,0,48,49.9,No,2025-02-14,2395.2
4212,29,Basic,Orgânico,Sudeste,12.44,2,8,49.9,No,2023-11-26,399.2
4213,43,Enterprise,Instagram,Norte,14.82,4,10,49.9,No,2024-03-31,499.0
4214,36,Pro,Instagram,Norte,16.25,2,43,89.9,No,2024-07-06,3865.7000000000003
4215,62,Basic,Google Ads,Sudeste,2.28,2,25,89.9,No,2025-05-09,2247.5
4216,24,Pro,Orgânico,Sudeste,25.51,4,36,89.9,No,2024-05-03,3236.4
4217,64,Pro,Orgânico,Nordeste,19.92,4,3,89.9,No,2023-11-29,269.70000000000005
4218,24,Basic,Google Ads,Sudeste,20.03,2,40,49.9,No,2023-08-02,1996.0
4219,43,Pro,Google Ads,Sudeste,17.96,0,27,49.9,No,2024-04-14,1347.3
4220,57,Pro,Orgânico,Sul,22.57,2,23,199.9,No,2024-06-14,4597.7
4221,22,Pro,Google Ads,Sudeste,6.61,2,44,49.9,No,2024-04-04,2195.6
4222,38,Enterprise,Indicação,Sul,31.69,1,31,89.9,No,2024-09-15,2786.9
4223,31,Basic,Indicação,Sudeste,46.22,1,34,49.9,No,2025-01-26,1696.6
4224,21,Pro,Orgânico,Centro-Oeste,9.29,4,4,199.9,No,2024-04-17,799.6
4225,40,Basic,LinkedIn,Norte,22.65,3,12,89.9,No,2023-08-06,1078.8000000000002
4226,59,Basic,Instagram,Sudeste,12.11,3,47,49.9,No,2023-08-19,2345.2999999999997
4227,37,Basic,Orgânico,Sudeste,24.21,2,37,89.9,No,2024-04-22,3326.3
4228,32,Basic,Google Ads,Sudeste,25.14,4,48,49.9,No,2025-05-04,2395.2
4229,62,Basic,Instagram,Sudeste,1.74,2,19,49.9,No,2024-01-21,948.1
4230,46,Basic,Google Ads,Centro-Oeste,9.23,1,17,89.9,No,2025-03-17,1528.3000000000002
4231,25,Basic,Orgânico,Nordeste,25.33,3,26,49.9,Yes,2023-02-19,1297.3999999999999
4232,58,Pro,Indicação,Sul,16.06,2,23,49.9,No,2024-10-07,1147.7
4233,36,Basic,Google Ads,Nordeste,35.15,1,25,89.9,No,2023-08-14,2247.5
4234,56,Pro,Indicação,Nordeste,21.28,3,42,89.9,No,2023-10-31,3775.8
4235,63,Basic,Instagram,Sudeste,18.79,3,6,49.9,No,2023-11-08,299.4
4236,45,Basic,Orgânico,Centro-Oeste,31.43,1,20,199.9,No,2023-07-29,3998.0
4237,63,Basic,Instagram,Sudeste,17.66,3,5,89.9,No,2024-11-03,449.5
4238,44,Basic,Indicação,Centro-Oeste,22.4,1,29,49.9,No,2025-06-24,1447.1
4239,21,Pro,Indicação,Sudeste,12.15,1,35,49.9,Yes,2024-10-10,1746.5
4240,32,Basic,Google Ads,Sul,40.25,3,36,89.9,No,2025-09-24,3236.4
4241,52,Enterprise,Orgânico,Nordeste,9.62,1,42,49.9,Yes,2023-05-30,2095.7999999999997
4242,54,Enterprise,Google Ads,Sudeste,16.1,2,35,89.9,No,2025-06-06,3146.5
4243,18,Basic,Indicação,Nordeste,11.34,1,12,49.9,No,2023-08-16,598.8
4244,20,Pro,Orgânico,Sul,5.86,2,26,89.9,No,2023-03-02,2337.4
4245,64,Basic,Indicação,Nordeste,11.81,1,47,89.9,No,2024-05-11,4225.3
4246,41,Pro,Google Ads,Sudeste,31.32,4,23,199.9,No,2023-01-31,4597.7
4247,44,Pro,Orgânico,Nordeste,20.9,0,45,49.9,No,2024-09-16,2245.5
4248,57,Basic,Google Ads,Sudeste,27.51,0,4,89.9,No,2025-10-27,359.6
4249,53,Basic,Indicação,Sudeste,34.08,4,8,199.9,No,2024-09-22,1599.2
4250,51,Basic,Orgânico,Sudeste,23.75,3,27,49.9,No,2023-01-21,1347.3
4251,46,Basic,Orgânico,Nordeste,17.34,2,28,49.9,No,2023-10-30,1397.2
4252,41,Pro,Indicação,Sudeste,16.78,1,8,49.9,No,2024-05-17,399.2
4253,41,Basic,Instagram,Norte,11.49,3,44,49.9,No,2025-04-13,2195.6
4254,59,Basic,Orgânico,Sudeste,29.16,2,14,49.9,No,2024-09-09,698.6
4255,21,Pro,Google Ads,Centro-Oeste,23.58,2,41,199.9,No,2025-09-15,8195.9
4256,20,Pro,Google Ads,Centro-Oeste,30.39,3,6,89.9,No,2023-03-26,539.4000000000001
4257,51,Basic,Orgânico,Centro-Oeste,21.89,1,41,49.9,No,2023-05-25,2045.8999999999999
4258,40,Pro,LinkedIn,Nordeste,19.91,1,22,89.9,No,2023-05-31,1977.8000000000002
4259,40,Pro,Google Ads,Sul,31.76,1,25,199.9,No,2023-02-19,4997.5
4260,62,Pro,LinkedIn,Sudeste,24.07,0,8,89.9,No,2024-12-20,719.2
4261,22,Pro,Google Ads,Sudeste,10.63,0,39,49.9,No,2024-03-28,1946.1
4262,48,Pro,Google Ads,Sudeste,23.01,2,40,199.9,No,2025-12-07,7996.0
4263,58,Basic,Google Ads,Sudeste,17.6,1,31,49.9,No,2024-05-13,1546.8999999999999
4264,23,Pro,Orgânico,Sudeste,16.75,3,4,49.9,No,2023-01-13,199.6
4265,54,Enterprise,Orgânico,Sudeste,26.71,2,18,49.9,No,2023-05-25,898.1999999999999
4266,27,Pro,Indicação,Sudeste,38.03,2,35,49.9,No,2025-08-17,1746.5
4267,57,Basic,Google Ads,Nordeste,20.2,1,36,89.9,No,2024-08-08,3236.4
4268,24,Basic,Indicação,Sul,12.75,3,17,49.9,No,2023-01-25,848.3
4269,56,Enterprise,Instagram,Sudeste,48.21,2,43,89.9,No,2025-02-26,3865.7000000000003
4270,55,Basic,LinkedIn,Centro-Oeste,33.48,2,34,49.9,No,2025-06-05,1696.6
4271,38,Basic,Orgânico,Sudeste,13.69,1,40,89.9,No,2024-07-24,3596.0
4272,37,Basic,LinkedIn,Sudeste,17.51,0,20,199.9,No,2025-01-06,3998.0
4273,20,Enterprise,Indicação,Sudeste,9.17,2,48,49.9,No,2025-11-10,2395.2
4274,39,Basic,Orgânico,Nordeste,14.07,2,30,89.9,No,2023-08-30,2697.0
4275,64,Basic,LinkedIn,Sudeste,21.69,1,10,49.9,No,2025-08-31,499.0
4276,21,Pro,LinkedIn,Sudeste,41.03,0,36,49.9,No,2024-08-28,1796.3999999999999
4277,45,Basic,LinkedIn,Sudeste,9.97,3,38,49.9,No,2025-04-03,1896.2
4278,29,Enterprise,Google Ads,Sul,19.74,4,47,199.9,No,2025-11-01,9395.300000000001
4279,55,Pro,Indicação,Nordeste,7.04,5,48,89.9,No,2025-09-06,4315.200000000001
4280,53,Pro,Indicação,Centro-Oeste,48.33,2,45,89.9,No,2023-11-09,4045.5000000000005
4281,64,Enterprise,Google Ads,Nordeste,21.26,4,32,49.9,No,2023-12-21,1596.8
4282,58,Enterprise,Google Ads,Sudeste,17.42,2,18,89.9,No,2025-08-21,1618.2
4283,22,Basic,Orgânico,Nordeste,10.84,0,48,89.9,No,2025-09-11,4315.200000000001
4284,30,Basic,LinkedIn,Sudeste,8.65,3,33,49.9,No,2025-10-16,1646.7
4285,40,Pro,Google Ads,Sul,16.62,2,15,49.9,No,2024-05-12,748.5
4286,47,Basic,Instagram,Sudeste,14.53,0,44,49.9,No,2023-03-16,2195.6
4287,54,Enterprise,Indicação,Nordeste,32.8,2,44,89.9,No,2025-02-11,3955.6000000000004
4288,42,Enterprise,Google Ads,Nordeste,10.47,5,35,89.9,No,2024-04-09,3146.5
4289,44,Basic,Google Ads,Sul,25.25,1,24,89.9,No,2025-01-02,2157.6000000000004
4290,31,Enterprise,Orgânico,Nordeste,22.83,1,31,49.9,No,2023-07-14,1546.8999999999999
4291,64,Basic,Indicação,Nordeste,5.36,1,32,89.9,No,2023-05-12,2876.8
4292,53,Pro,Instagram,Sudeste,11.74,1,33,49.9,No,2024-08-17,1646.7
4293,56,Basic,Google Ads,Centro-Oeste,28.85,3,40,199.9,No,2025-10-06,7996.0
4294,33,Enterprise,LinkedIn,Sudeste,21.91,3,44,49.9,No,2023-12-23,2195.6
4295,39,Pro,Instagram,Nordeste,29.5,1,43,89.9,No,2024-06-08,3865.7000000000003
4296,38,Pro,Instagram,Centro-Oeste,6.93,2,42,199.9,No,2024-05-29,8395.800000000001
4297,38,Enterprise,Instagram,Sudeste,6.16,4,36,89.9,No,2025-04-18,3236.4
4298,25,Pro,Google Ads,Nordeste,53.6,2,11,49.9,No,2025-09-23,548.9
4299,33,Basic,Instagram,Sul,21.15,4,32,49.9,No,2023-09-28,1596.8
4300,48,Enterprise,Orgânico,Nordeste,20.3,1,47,199.9,No,2023-08-29,9395.300000000001
4301,59,Pro,Instagram,Sul,4.61,0,3,89.9,No,2024-04-24,269.70000000000005
4302,27,Enterprise,Instagram,Nordeste,6.33,2,8,49.9,Yes,2025-02-21,399.2
4303,49,Enterprise,Instagram,Sudeste,24.5,2,33,89.9,No,2023-04-17,2966.7000000000003
4304,51,Basic,LinkedIn,Centro-Oeste,23.79,0,39,199.9,No,2023-11-07,7796.1
4305,26,Basic,Orgânico,Sudeste,9.93,0,19,49.9,No,2024-07-23,948.1
4306,34,Basic,Instagram,Nordeste,6.45,3,35,89.9,Yes,2023-07-03,3146.5
4307,28,Pro,Orgânico,Sudeste,19.43,0,41,49.9,No,2024-01-02,2045.8999999999999
4308,49,Basic,Google Ads,Sudeste,23.25,2,45,49.9,No,2024-03-22,2245.5
4309,27,Pro,Orgânico,Sudeste,18.72,2,8,89.9,No,2025-08-17,719.2
4310,39,Basic,Google Ads,Nordeste,33.45,2,26,89.9,No,2023-12-18,2337.4
4311,34,Basic,Google Ads,Sudeste,17.23,2,19,199.9,No,2024-08-18,3798.1
4312,21,Basic,Google Ads,Sudeste,7.33,2,44,89.9,No,2024-03-12,3955.6000000000004
4313,64,Basic,Google Ads,Nordeste,7.66,3,9,199.9,No,2023-07-15,1799.1000000000001
4314,42,Pro,LinkedIn,Nordeste,14.3,3,38,49.9,No,2024-08-31,1896.2
4315,38,Basic,Instagram,Sudeste,17.12,1,35,49.9,No,2024-06-18,1746.5
4316,54,Basic,Indicação,Sudeste,13.6,2,7,49.9,No,2025-04-24,349.3
4317,55,Basic,Google Ads,Sul,25.53,4,4,49.9,Yes,2023-08-12,199.6
4318,18,Pro,LinkedIn,Nordeste,18.72,4,6,89.9,No,2023-08-04,539.4000000000001
4319,42,Pro,Instagram,Nordeste,34.09,4,34,49.9,No,2023-07-04,1696.6
4320,53,Basic,Indicação,Nordeste,19.78,3,16,89.9,No,2024-02-24,1438.4
4321,34,Pro,Google Ads,Nordeste,35.83,3,10,89.9,No,2024-06-21,899.0
4322,58,Basic,Google Ads,Sudeste,5.12,1,36,49.9,Yes,2025-03-05,1796.3999999999999
4323,41,Basic,Instagram,Sudeste,16.95,5,14,89.9,No,2024-11-06,1258.6000000000001
4324,19,Pro,Orgânico,Sudeste,11.62,1,7,49.9,No,2024-06-27,349.3
4325,57,Basic,Indicação,Sul,15.05,0,2,49.9,No,2024-02-15,99.8
4326,32,Pro,Google Ads,Norte,33.15,0,31,89.9,No,2024-04-07,2786.9
4327,49,Basic,Google Ads,Sudeste,22.71,1,29,89.9,No,2023-12-24,2607.1000000000004
4328,56,Enterprise,Google Ads,Norte,10.57,3,17,89.9,No,2024-04-19,1528.3000000000002
4329,23,Basic,Instagram,Nordeste,43.71,1,16,89.9,No,2024-11-03,1438.4
4330,18,Pro,LinkedIn,Nordeste,38.79,1,7,89.9,No,2024-09-22,629.3000000000001
4331,64,Enterprise,Google Ads,Sudeste,8.15,1,15,49.9,No,2024-01-27,748.5
4332,40,Basic,Instagram,Sul,15.78,4,28,199.9,No,2023-11-21,5597.2
4333,56,Pro,LinkedIn,Sudeste,59.01,3,46,199.9,No,2023-01-14,9195.4
4334,34,Basic,Instagram,Centro-Oeste,42.12,1,6,49.9,No,2023-08-13,299.4
4335,51,Pro,Google Ads,Sul,8.04,1,45,199.9,No,2025-11-10,8995.5
4336,58,Basic,LinkedIn,Sul,22.79,2,6,199.9,No,2025-01-06,1199.4
4337,46,Basic,Instagram,Centro-Oeste,38.89,1,27,89.9,No,2024-06-24,2427.3
4338,26,Pro,Orgânico,Nordeste,20.11,1,34,49.9,No,2024-08-07,1696.6
4339,30,Basic,Orgânico,Nordeste,34.67,1,14,49.9,No,2023-12-28,698.6
4340,23,Pro,Google Ads,Sudeste,16.54,1,41,89.9,No,2025-09-16,3685.9
4341,23,Basic,Google Ads,Norte,25.11,1,17,49.9,No,2023-12-27,848.3
4342,37,Basic,Instagram,Centro-Oeste,34.99,6,10,89.9,Yes,2024-03-21,899.0
4343,20,Pro,Instagram,Nordeste,10.53,2,2,49.9,No,2023-01-28,99.8
4344,34,Pro,Orgânico,Sudeste,13.7,0,14,49.9,No,2023-01-29,698.6
4345,29,Basic,Instagram,Nordeste,21.89,2,21,49.9,No,2023-08-23,1047.8999999999999
4346,64,Basic,Orgânico,Nordeste,33.0,3,35,199.9,No,2025-09-29,6996.5
4347,62,Basic,LinkedIn,Sudeste,23.37,0,28,49.9,No,2023-07-06,1397.2
4348,18,Basic,Orgânico,Sudeste,11.95,2,36,89.9,No,2025-05-14,3236.4
4349,34,Basic,Indicação,Nordeste,20.94,1,41,89.9,No,2025-03-01,3685.9
4350,20,Basic,Indicação,Norte,15.44,3,45,89.9,No,2025-04-21,4045.5000000000005
4351,43,Pro,LinkedIn,Nordeste,17.44,2,20,89.9,No,2024-09-22,1798.0
4352,32,Pro,Orgânico,Sudeste,22.48,4,7,199.9,No,2024-04-24,1399.3
4353,53,Basic,Instagram,Sudeste,9.71,1,22,89.9,No,2025-07-02,1977.8000000000002
4354,49,Basic,Orgânico,Sudeste,17.74,2,45,89.9,Yes,2024-06-28,4045.5000000000005
4355,49,Basic,Indicação,Nordeste,39.85,6,28,199.9,No,2023-10-13,5597.2
4356,21,Pro,Instagram,Nordeste,23.28,5,20,49.9,No,2025-10-23,998.0
4357,35,Enterprise,Orgânico,Sudeste,14.5,2,32,49.9,No,2025-06-30,1596.8
4358,36,Pro,Orgânico,Norte,50.85,0,19,89.9,No,2024-10-10,1708.1000000000001
4359,60,Pro,Orgânico,Centro-Oeste,31.16,4,28,49.9,No,2023-08-08,1397.2
4360,52,Pro,Instagram,Sudeste,24.21,0,25,89.9,No,2025-11-28,2247.5
4361,57,Basic,Orgânico,Sudeste,13.56,3,22,89.9,No,2024-04-11,1977.8000000000002
4362,31,Basic,Indicação,Sul,11.97,0,2,89.9,No,2023-09-11,179.8
4363,50,Pro,Indicação,Sudeste,14.33,1,21,199.9,No,2023-03-04,4197.900000000001
4364,31,Basic,Orgânico,Sudeste,21.8,2,6,199.9,No,2025-05-18,1199.4
4365,51,Pro,Google Ads,Centro-Oeste,14.7,4,33,49.9,No,2023-05-05,1646.7
4366,21,Pro,Google Ads,Nordeste,31.84,1,42,49.9,No,2023-05-03,2095.7999999999997
4367,41,Pro,LinkedIn,Sudeste,11.29,1,46,89.9,No,2025-06-02,4135.400000000001
4368,46,Basic,Google Ads,Sul,43.54,3,3,89.9,No,2024-11-03,269.70000000000005
4369,36,Pro,Indicação,Centro-Oeste,17.58,1,24,49.9,No,2023-10-08,1197.6
4370,23,Pro,Google Ads,Sudeste,18.4,6,12,49.9,No,2025-11-20,598.8
4371,50,Pro,Google Ads,Norte,20.91,4,5,49.9,No,2023-02-19,249.5
4372,57,Pro,Instagram,Sudeste,27.1,1,22,199.9,No,2025-09-28,4397.8
4373,36,Enterprise,LinkedIn,Sul,6.39,4,20,49.9,No,2024-03-09,998.0
4374,18,Basic,Google Ads,Centro-Oeste,31.14,1,33,49.9,No,2025-11-29,1646.7
4375,22,Basic,Google Ads,Nordeste,21.92,2,4,89.9,Yes,2024-05-21,359.6
4376,44,Basic,Instagram,Sudeste,21.3,4,26,89.9,No,2024-12-17,2337.4
4377,33,Basic,Orgânico,Sudeste,29.98,4,16,49.9,No,2024-06-30,798.4
4378,23,Enterprise,Orgânico,Nordeste,25.73,3,20,49.9,No,2024-08-31,998.0
4379,57,Enterprise,Google Ads,Sul,26.09,2,36,49.9,No,2023-02-15,1796.3999999999999
4380,30,Basic,LinkedIn,Sul,11.94,2,19,199.9,No,2023-07-05,3798.1
4381,52,Basic,Instagram,Centro-Oeste,5.44,2,31,49.9,No,2023-04-12,1546.8999999999999
4382,36,Basic,Instagram,Nordeste,17.58,2,44,49.9,No,2024-04-07,2195.6
4383,29,Pro,Orgânico,Nordeste,26.33,2,3,199.9,No,2023-07-11,599.7
4384,33,Basic,Instagram,Sudeste,10.28,1,15,49.9,No,2024-01-27,748.5
4385,60,Basic,Instagram,Sudeste,22.97,1,11,49.9,No,2024-05-05,548.9
4386,27,Basic,Google Ads,Sudeste,9.73,1,16,89.9,No,2023-10-14,1438.4
4387,42,Basic,Orgânico,Nordeste,23.16,1,47,89.9,No,2024-06-09,4225.3
4388,37,Enterprise,LinkedIn,Centro-Oeste,18.65,4,39,89.9,No,2023-11-23,3506.1000000000004
4389,48,Basic,LinkedIn,Sudeste,32.79,5,41,49.9,No,2025-04-02,2045.8999999999999
4390,21,Basic,LinkedIn,Sudeste,65.15,1,43,49.9,Yes,2024-11-06,2145.7
4391,61,Basic,Instagram,Nordeste,12.0,1,47,199.9,No,2024-09-14,9395.300000000001
4392,40,Pro,Orgânico,Sudeste,14.71,3,1,49.9,No,2025-07-23,49.9
4393,19,Pro,Google Ads,Sul,21.18,4,32,89.9,No,2023-06-03,2876.8
4394,39,Basic,Indicação,Sudeste,17.42,3,8,49.9,No,2023-06-13,399.2
4395,54,Basic,LinkedIn,Nordeste,22.95,5,19,49.9,No,2023-07-26,948.1
4396,25,Pro,Google Ads,Norte,21.05,2,26,199.9,Yes,2023-08-22,5197.400000000001
4397,24,Basic,Google Ads,Sudeste,13.48,3,41,89.9,No,2023-10-09,3685.9
4398,31,Pro,Indicação,Sudeste,20.29,2,21,49.9,No,2023-10-16,1047.8999999999999
4399,20,Basic,Instagram,Sudeste,18.15,1,22,89.9,No,2024-05-09,1977.8000000000002
4400,33,Basic,Instagram,Sudeste,19.72,1,46,49.9,No,2025-05-13,2295.4
4401,36,Pro,Google Ads,Sudeste,21.15,3,11,199.9,No,2024-02-04,2198.9
4402,35,Pro,Orgânico,Sudeste,17.38,3,7,49.9,No,2025-08-18,349.3
4403,33,Pro,Orgânico,Nordeste,4.7,3,6,49.9,Yes,2025-05-26,299.4
4404,25,Basic,Orgânico,Sudeste,29.86,1,25,89.9,No,2024-01-19,2247.5
4405,50,Pro,LinkedIn,Nordeste,7.73,1,32,89.9,No,2025-08-15,2876.8
4406,29,Pro,LinkedIn,Nordeste,34.09,3,33,89.9,No,2023-06-12,2966.7000000000003
4407,28,Pro,Google Ads,Sul,15.0,1,31,49.9,No,2023-01-06,1546.8999999999999
4408,22,Pro,Google Ads,Sul,21.17,1,16,89.9,No,2024-10-08,1438.4
4409,44,Basic,Orgânico,Nordeste,8.12,3,36,49.9,No,2025-08-03,1796.3999999999999
4410,29,Pro,Orgânico,Nordeste,19.52,3,17,49.9,No,2024-04-29,848.3
4411,34,Pro,Orgânico,Sudeste,29.14,0,45,199.9,No,2023-10-20,8995.5
4412,23,Basic,LinkedIn,Sul,8.79,4,26,89.9,Yes,2023-01-07,2337.4
4413,50,Pro,Orgânico,Nordeste,4.65,1,23,89.9,Yes,2025-07-22,2067.7000000000003
4414,22,Basic,Orgânico,Sudeste,10.5,2,36,89.9,No,2023-08-21,3236.4
4415,45,Basic,Instagram,Sul,13.94,2,45,89.9,No,2023-08-27,4045.5000000000005
4416,31,Enterprise,Google Ads,Norte,10.5,1,47,89.9,No,2025-11-30,4225.3
4417,22,Basic,LinkedIn,Nordeste,28.36,1,11,89.9,No,2023-12-24,988.9000000000001
4418,50,Basic,Google Ads,Centro-Oeste,15.83,3,42,89.9,No,2024-03-18,3775.8
4419,58,Pro,Orgânico,Sul,10.95,1,30,199.9,No,2025-06-27,5997.0
4420,36,Enterprise,Instagram,Sudeste,16.53,3,25,49.9,No,2023-01-12,1247.5
4421,39,Enterprise,LinkedIn,Centro-Oeste,16.75,0,34,49.9,No,2023-07-30,1696.6
4422,22,Pro,LinkedIn,Nordeste,20.04,2,44,49.9,No,2023-07-01,2195.6
4423,19,Basic,LinkedIn,Sudeste,15.56,1,21,89.9,No,2025-01-16,1887.9
4424,47,Enterprise,Google Ads,Norte,11.41,2,2,199.9,No,2024-03-05,399.8
4425,64,Pro,Orgânico,Sudeste,14.97,0,3,49.9,No,2023-06-11,149.7
4426,56,Basic,Google Ads,Sul,16.04,2,5,199.9,No,2024-04-23,999.5
4427,21,Pro,Orgânico,Sudeste,18.13,1,45,199.9,Yes,2023-12-03,8995.5
4428,50,Basic,Orgânico,Centro-Oeste,28.66,1,2,89.9,Yes,2023-02-04,179.8
4429,30,Basic,Google Ads,Nordeste,24.04,4,31,89.9,No,2024-06-12,2786.9
4430,37,Pro,Orgânico,Nordeste,40.62,1,23,49.9,No,2023-02-24,1147.7
4431,24,Pro,LinkedIn,Sul,25.38,1,14,49.9,No,2025-01-07,698.6
4432,32,Basic,Indicação,Nordeste,28.51,2,18,49.9,No,2024-11-04,898.1999999999999
4433,40,Basic,Indicação,Sudeste,16.08,0,11,89.9,No,2025-01-07,988.9000000000001
4434,31,Pro,LinkedIn,Sudeste,3.39,6,15,89.9,Yes,2025-05-06,1348.5
4435,40,Basic,Google Ads,Centro-Oeste,7.43,0,21,199.9,No,2024-01-25,4197.900000000001
4436,36,Basic,Orgânico,Sudeste,2.57,1,5,89.9,No,2025-10-10,449.5
4437,46,Pro,LinkedIn,Sudeste,2.7,1,3,89.9,No,2024-05-04,269.70000000000005
4438,37,Enterprise,Google Ads,Sudeste,34.96,1,18,49.9,No,2023-04-12,898.1999999999999
4439,46,Pro,Indicação,Sudeste,10.55,3,8,199.9,No,2024-03-20,1599.2
4440,41,Pro,Indicação,Sudeste,13.07,1,38,199.9,No,2025-07-06,7596.2
4441,35,Pro,LinkedIn,Sudeste,41.86,2,26,49.9,No,2025-07-04,1297.3999999999999
4442,27,Pro,Google Ads,Sudeste,16.84,2,32,89.9,No,2023-08-05,2876.8
4443,58,Basic,Instagram,Sudeste,6.27,1,13,49.9,No,2024-04-09,648.6999999999999
4444,25,Enterprise,Google Ads,Nordeste,31.43,1,10,49.9,No,2023-03-06,499.0
4445,43,Basic,LinkedIn,Sudeste,25.37,4,1,89.9,No,2024-09-19,89.9
4446,46,Basic,Orgânico,Centro-Oeste,19.14,0,42,49.9,No,2023-12-06,2095.7999999999997
4447,27,Basic,Google Ads,Centro-Oeste,36.16,2,11,89.9,Yes,2025-05-10,988.9000000000001
4448,34,Pro,Instagram,Nordeste,13.33,1,5,49.9,No,2024-04-10,249.5
4449,19,Basic,Orgânico,Nordeste,18.11,2,1,49.9,No,2025-07-12,49.9
4450,23,Basic,Google Ads,Sudeste,18.46,1,1,89.9,No,2024-02-04,89.9
4451,22,Pro,Google Ads,Sul,26.15,1,19,49.9,No,2024-03-19,948.1
4452,45,Enterprise,Indicação,Centro-Oeste,17.3,4,5,199.9,Yes,2024-03-16,999.5
4453,58,Pro,Orgânico,Nordeste,22.41,3,12,199.9,No,2024-06-10,2398.8
4454,22,Basic,Orgânico,Sudeste,36.88,3,28,49.9,No,2023-05-29,1397.2
4455,35,Basic,Orgânico,Sudeste,14.78,3,37,89.9,No,2023-02-17,3326.3
4456,43,Pro,Instagram,Nordeste,15.61,7,23,89.9,No,2023-08-26,2067.7000000000003
4457,37,Basic,Orgânico,Nordeste,25.8,1,5,89.9,No,2024-02-19,449.5
4458,58,Pro,Google Ads,Centro-Oeste,9.25,2,23,49.9,No,2025-08-17,1147.7
4459,44,Basic,Instagram,Sul,15.85,0,24,49.9,No,2023-03-19,1197.6
4460,29,Enterprise,Instagram,Sul,6.63,4,17,89.9,Yes,2024-07-03,1528.3000000000002
4461,24,Pro,Google Ads,Sudeste,33.46,2,4,49.9,No,2024-12-23,199.6
4462,20,Basic,Instagram,Sul,31.42,0,17,199.9,No,2023-06-14,3398.3
4463,27,Enterprise,LinkedIn,Norte,21.45,0,30,49.9,No,2024-02-02,1497.0
4464,51,Basic,LinkedIn,Sul,14.63,2,44,49.9,No,2023-03-03,2195.6
4465,42,Basic,Instagram,Sul,15.0,4,25,89.9,No,2024-12-10,2247.5
4466,52,Pro,Indicação,Sudeste,12.65,1,17,89.9,No,2025-12-06,1528.3000000000002
4467,33,Basic,Indicação,Centro-Oeste,13.89,2,14,89.9,No,2024-10-01,1258.6000000000001
4468,19,Basic,Instagram,Sudeste,9.3,1,23,49.9,No,2025-01-05,1147.7
4469,41,Basic,Instagram,Centro-Oeste,27.82,1,24,49.9,No,2023-03-11,1197.6
4470,27,Basic,Instagram,Nordeste,53.05,4,17,49.9,No,2025-03-17,848.3
4471,55,Basic,Google Ads,Sudeste,19.06,1,46,49.9,No,2025-04-18,2295.4
4472,39,Pro,Orgânico,Sul,19.79,0,17,49.9,No,2024-05-25,848.3
4473,43,Pro,Google Ads,Nordeste,19.72,0,14,89.9,No,2025-05-30,1258.6000000000001
4474,60,Basic,Google Ads,Nordeste,9.59,2,15,89.9,Yes,2025-12-04,1348.5
4475,56,Basic,Google Ads,Sul,16.6,1,19,199.9,No,2023-02-03,3798.1
4476,44,Enterprise,Orgânico,Sudeste,13.69,0,5,89.9,Yes,2023-02-16,449.5
4477,46,Enterprise,Google Ads,Nordeste,9.83,2,17,49.9,No,2025-09-30,848.3
4478,64,Pro,Indicação,Sudeste,40.23,4,33,49.9,No,2023-02-06,1646.7
4479,55,Pro,Google Ads,Sudeste,25.94,3,39,49.9,No,2025-01-10,1946.1
4480,37,Pro,Orgânico,Nordeste,58.54,4,6,49.9,No,2023-05-11,299.4
4481,44,Basic,Orgânico,Sul,15.31,1,25,49.9,No,2025-04-24,1247.5
4482,58,Basic,LinkedIn,Centro-Oeste,15.24,1,47,199.9,No,2024-10-22,9395.300000000001
4483,37,Basic,Orgânico,Sudeste,29.26,0,17,89.9,No,2024-08-13,1528.3000000000002
4484,61,Pro,Indicação,Sul,6.88,3,33,49.9,No,2024-04-11,1646.7
4485,36,Pro,Orgânico,Centro-Oeste,17.58,3,11,89.9,No,2023-03-13,988.9000000000001
4486,37,Pro,Orgânico,Sul,30.32,2,33,199.9,No,2023-11-07,6596.7
4487,52,Basic,Google Ads,Nordeste,23.47,2,28,89.9,No,2024-12-22,2517.2000000000003
4488,64,Pro,LinkedIn,Sudeste,15.11,2,42,89.9,No,2023-09-15,3775.8
4489,19,Pro,Orgânico,Sul,4.77,5,41,49.9,No,2024-07-30,2045.8999999999999
4490,47,Enterprise,Instagram,Sul,18.27,0,5,49.9,No,2025-11-06,249.5
4491,51,Basic,Orgânico,Nordeste,7.42,3,21,49.9,Yes,2023-04-01,1047.8999999999999
4492,39,Pro,LinkedIn,Sudeste,13.99,2,30,89.9,No,2025-07-15,2697.0
4493,20,Basic,LinkedIn,Sudeste,14.14,1,46,49.9,No,2025-10-26,2295.4
4494,23,Pro,Indicação,Sudeste,8.44,3,26,89.9,No,2025-08-03,2337.4
4495,32,Pro,Orgânico,Centro-Oeste,16.54,2,3,49.9,Yes,2024-12-07,149.7
4496,44,Basic,Instagram,Sul,16.85,5,21,89.9,No,2025-04-03,1887.9
4497,27,Pro,Google Ads,Nordeste,36.95,2,12,49.9,No,2023-08-06,598.8
4498,26,Basic,Indicação,Norte,35.11,2,7,199.9,No,2025-05-17,1399.3
4499,50,Pro,Orgânico,Sudeste,9.04,0,26,89.9,No,2025-10-27,2337.4
4500,49,Basic,Indicação,Sudeste,38.03,0,44,89.9,No,2024-03-09,3955.6000000000004
4501,23,Pro,Google Ads,Nordeste,20.46,2,39,49.9,No,2025-10-19,1946.1
4502,58,Enterprise,Google Ads,Sudeste,13.32,2,13,49.9,No,2024-11-28,648.6999999999999
4503,53,Basic,Orgânico,Nordeste,14.38,0,14,89.9,No,2023-02-03,1258.6000000000001
4504,19,Pro,Google Ads,Sul,14.06,3,25,49.9,No,2023-05-10,1247.5
4505,46,Pro,LinkedIn,Sudeste,18.98,6,17,199.9,No,2024-11-05,3398.3
4506,21,Basic,Google Ads,Norte,16.37,1,16,89.9,No,2024-09-11,1438.4
4507,18,Pro,Instagram,Sudeste,6.52,3,28,49.9,No,2024-10-27,1397.2
4508,36,Pro,Instagram,Sudeste,20.07,5,40,89.9,No,2024-10-09,3596.0
4509,43,Enterprise,Google Ads,Centro-Oeste,12.01,4,41,89.9,No,2023-05-03,3685.9
4510,42,Enterprise,Orgânico,Norte,10.67,4,18,89.9,No,2025-10-21,1618.2
4511,27,Pro,Instagram,Sudeste,24.2,1,4,49.9,No,2024-04-09,199.6
4512,32,Pro,Instagram,Norte,12.4,3,40,89.9,No,2024-01-09,3596.0
4513,39,Pro,LinkedIn,Centro-Oeste,39.98,3,17,89.9,No,2024-08-20,1528.3000000000002
4514,38,Pro,Orgânico,Norte,28.1,3,33,199.9,No,2023-02-01,6596.7
4515,39,Basic,Indicação,Nordeste,20.55,4,39,89.9,Yes,2023-10-11,3506.1000000000004
4516,53,Basic,Google Ads,Centro-Oeste,30.87,2,24,89.9,No,2023-02-21,2157.6000000000004
4517,51,Pro,Google Ads,Nordeste,28.83,3,19,89.9,No,2024-09-06,1708.1000000000001
4518,47,Pro,LinkedIn,Sudeste,14.74,1,42,89.9,No,2025-02-24,3775.8
4519,42,Pro,Orgânico,Norte,8.4,2,46,89.9,No,2025-05-04,4135.400000000001
4520,62,Basic,Instagram,Sudeste,12.12,1,34,199.9,No,2024-01-01,6796.6
4521,45,Enterprise,Google Ads,Sul,12.94,2,30,89.9,No,2023-08-22,2697.0
4522,18,Basic,Indicação,Centro-Oeste,15.1,4,31,49.9,No,2023-09-04,1546.8999999999999
4523,62,Pro,Indicação,Sudeste,10.98,2,2,199.9,No,2024-02-02,399.8
4524,21,Basic,LinkedIn,Nordeste,9.13,3,41,199.9,No,2023-05-01,8195.9
4525,24,Basic,Google Ads,Nordeste,11.49,2,15,89.9,No,2023-06-19,1348.5
4526,26,Pro,Google Ads,Sudeste,36.01,1,46,49.9,No,2023-07-28,2295.4
4527,53,Enterprise,Instagram,Sul,13.63,1,10,89.9,No,2023-07-17,899.0
4528,36,Basic,Google Ads,Sudeste,39.01,2,6,49.9,No,2023-04-13,299.4
4529,18,Basic,Orgânico,Nordeste,3.87,0,33,49.9,No,2025-06-02,1646.7
4530,27,Basic,Google Ads,Nordeste,30.42,4,23,49.9,No,2023-08-31,1147.7
4531,53,Basic,Indicação,Sul,10.06,1,42,49.9,No,2025-03-20,2095.7999999999997
4532,26,Basic,LinkedIn,Norte,32.32,2,5,89.9,No,2023-06-06,449.5
4533,62,Pro,Instagram,Sudeste,50.62,6,40,49.9,Yes,2023-02-18,1996.0
4534,63,Enterprise,Orgânico,Sudeste,17.7,3,31,49.9,No,2025-02-19,1546.8999999999999
4535,59,Basic,Indicação,Sul,11.56,1,14,89.9,No,2024-07-05,1258.6000000000001
4536,49,Pro,Orgânico,Sudeste,41.07,1,6,49.9,No,2023-04-25,299.4
4537,49,Basic,Google Ads,Centro-Oeste,9.59,1,33,49.9,No,2025-02-25,1646.7
4538,23,Basic,Google Ads,Sudeste,33.19,2,45,49.9,No,2024-07-31,2245.5
4539,55,Basic,Google Ads,Nordeste,14.53,1,32,89.9,No,2023-02-13,2876.8
4540,34,Pro,Instagram,Centro-Oeste,14.1,3,12,49.9,No,2025-09-06,598.8
4541,27,Basic,Instagram,Sudeste,26.85,0,39,199.9,No,2023-09-06,7796.1
4542,44,Basic,Orgânico,Sudeste,25.15,2,45,89.9,No,2023-05-31,4045.5000000000005
4543,52,Basic,Instagram,Sul,9.09,0,22,89.9,No,2023-10-06,1977.8000000000002
4544,38,Basic,Orgânico,Sudeste,13.4,4,14,49.9,No,2023-12-09,698.6
4545,42,Basic,LinkedIn,Sudeste,36.56,2,35,89.9,No,2024-05-10,3146.5
4546,45,Enterprise,Indicação,Sul,26.15,2,24,49.9,No,2023-06-22,1197.6
4547,64,Pro,Instagram,Sudeste,27.15,3,35,89.9,No,2025-02-26,3146.5
4548,32,Enterprise,Google Ads,Nordeste,46.31,2,15,49.9,No,2025-09-14,748.5
4549,21,Basic,Orgânico,Sudeste,11.2,4,13,49.9,No,2023-12-19,648.6999999999999
4550,46,Basic,Google Ads,Norte,11.66,2,40,49.9,No,2025-09-14,1996.0
4551,26,Basic,Orgânico,Sudeste,15.73,1,46,49.9,No,2024-09-14,2295.4
4552,44,Basic,LinkedIn,Norte,22.57,5,21,89.9,No,2023-09-16,1887.9
4553,43,Pro,Orgânico,Sudeste,51.57,3,3,49.9,No,2024-12-30,149.7
4554,36,Basic,Indicação,Nordeste,10.34,2,8,49.9,No,2023-07-15,399.2
4555,45,Basic,Instagram,Sudeste,16.65,4,14,89.9,No,2024-11-18,1258.6000000000001
4556,34,Pro,LinkedIn,Sul,16.33,1,44,89.9,No,2025-04-04,3955.6000000000004
4557,60,Basic,Google Ads,Nordeste,29.3,0,43,49.9,No,2024-04-10,2145.7
4558,58,Enterprise,LinkedIn,Nordeste,12.36,2,10,199.9,No,2024-12-15,1999.0
4559,59,Basic,Google Ads,Nordeste,17.99,1,33,49.9,No,2025-05-21,1646.7
4560,37,Pro,Instagram,Sudeste,36.59,2,8,89.9,No,2023-04-23,719.2
4561,62,Basic,Google Ads,Nordeste,21.37,4,4,49.9,No,2024-05-30,199.6
4562,57,Enterprise,Orgânico,Sudeste,20.25,4,9,49.9,No,2023-12-25,449.09999999999997
4563,56,Basic,LinkedIn,Sul,39.37,2,1,199.9,No,2023-09-30,199.9
4564,40,Pro,Orgânico,Nordeste,13.22,2,23,199.9,No,2025-11-10,4597.7
4565,64,Basic,Google Ads,Sudeste,32.71,2,13,199.9,No,2025-08-25,2598.7000000000003
4566,49,Pro,Indicação,Norte,30.41,1,29,89.9,No,2025-08-22,2607.1000000000004
4567,64,Basic,Instagram,Sudeste,14.58,0,44,49.9,No,2025-11-27,2195.6
4568,50,Basic,Instagram,Norte,29.43,5,30,49.9,No,2025-11-24,1497.0
4569,63,Enterprise,Orgânico,Centro-Oeste,17.31,1,39,49.9,No,2024-07-15,1946.1
4570,22,Enterprise,Orgânico,Sudeste,12.12,1,23,49.9,No,2023-07-14,1147.7
4571,60,Basic,Google Ads,Sudeste,15.13,2,21,89.9,No,2024-07-10,1887.9
4572,51,Pro,Orgânico,Nordeste,28.13,1,39,89.9,No,2024-08-27,3506.1000000000004
4573,57,Basic,Indicação,Nordeste,19.35,4,13,89.9,No,2025-04-29,1168.7
4574,28,Pro,Orgânico,Sudeste,8.95,3,31,89.9,No,2024-09-22,2786.9
4575,20,Pro,LinkedIn,Nordeste,17.62,4,13,49.9,No,2025-11-15,648.6999999999999
4576,50,Pro,Orgânico,Sudeste,35.97,1,26,49.9,No,2023-09-10,1297.3999999999999
4577,28,Enterprise,Orgânico,Nordeste,21.31,0,24,89.9,No,2024-12-08,2157.6000000000004
4578,33,Pro,Google Ads,Norte,34.81,2,25,199.9,No,2023-01-13,4997.5
4579,35,Basic,Instagram,Sudeste,18.78,3,47,49.9,No,2023-04-20,2345.2999999999997
4580,47,Pro,Google Ads,Centro-Oeste,19.34,0,4,49.9,No,2023-06-28,199.6
4581,27,Basic,LinkedIn,Sudeste,9.39,4,21,199.9,No,2023-12-12,4197.900000000001
4582,35,Pro,Orgânico,Sudeste,12.58,2,7,199.9,No,2025-07-16,1399.3
4583,55,Pro,Orgânico,Nordeste,6.39,2,6,89.9,No,2025-12-08,539.4000000000001
4584,36,Basic,Indicação,Sudeste,20.32,2,6,49.9,No,2023-12-17,299.4
4585,53,Pro,Instagram,Sul,31.63,1,43,89.9,No,2023-06-29,3865.7000000000003
4586,30,Pro,Google Ads,Nordeste,9.95,0,39,49.9,No,2025-03-21,1946.1
4587,63,Pro,Google Ads,Sudeste,24.81,2,31,89.9,No,2023-07-07,2786.9
4588,20,Basic,Indicação,Sudeste,18.36,1,9,49.9,No,2024-04-10,449.09999999999997
4589,27,Basic,Google Ads,Sudeste,21.34,2,2,89.9,No,2025-04-21,179.8
4590,55,Pro,Google Ads,Sul,14.49,3,21,49.9,No,2023-10-09,1047.8999999999999
4591,18,Basic,Instagram,Sudeste,30.18,1,7,89.9,No,2023-08-04,629.3000000000001
4592,44,Basic,Google Ads,Nordeste,16.28,0,1,89.9,No,2025-11-01,89.9
4593,63,Pro,Google Ads,Sudeste,8.71,5,7,89.9,No,2023-09-11,629.3000000000001
4594,25,Basic,Google Ads,Sudeste,7.22,1,9,49.9,No,2024-01-07,449.09999999999997
4595,63,Pro,Orgânico,Sul,16.31,3,25,49.9,No,2025-01-23,1247.5
4596,59,Pro,Google Ads,Sul,18.46,2,48,199.9,No,2023-03-10,9595.2
4597,34,Pro,Orgânico,Sul,24.77,0,13,49.9,No,2025-02-04,648.6999999999999
4598,26,Basic,Google Ads,Centro-Oeste,20.27,0,31,199.9,No,2023-07-12,6196.900000000001
4599,23,Basic,Orgânico,Sudeste,37.49,1,6,49.9,No,2024-12-26,299.4
4600,60,Basic,LinkedIn,Norte,7.13,3,46,49.9,No,2024-09-03,2295.4
4601,42,Pro,Orgânico,Sudeste,20.25,1,14,89.9,No,2025-11-05,1258.6000000000001
4602,56,Basic,Orgânico,Sudeste,19.89,0,30,199.9,No,2023-09-19,5997.0
4603,45,Enterprise,LinkedIn,Sudeste,10.23,3,22,199.9,No,2025-07-28,4397.8
4604,50,Pro,Orgânico,Sudeste,22.52,1,4,89.9,No,2024-07-04,359.6
4605,54,Enterprise,LinkedIn,Nordeste,11.74,0,29,89.9,No,2025-10-12,2607.1000000000004
4606,26,Basic,Indicação,Nordeste,30.27,5,2,89.9,No,2024-04-01,179.8
4607,35,Basic,Instagram,Sul,45.37,2,30,89.9,No,2023-03-07,2697.0
4608,38,Enterprise,Orgânico,Centro-Oeste,23.8,1,24,89.9,No,2023-03-29,2157.6000000000004
4609,19,Basic,Orgânico,Centro-Oeste,13.5,1,16,49.9,No,2024-01-10,798.4
4610,60,Basic,Google Ads,Norte,18.09,1,25,89.9,No,2025-08-30,2247.5
4611,55,Basic,LinkedIn,Sudeste,6.8,1,1,199.9,Yes,2024-08-18,199.9
4612,57,Enterprise,Orgânico,Sudeste,37.01,4,12,199.9,No,2025-07-29,2398.8
4613,53,Pro,Orgânico,Sudeste,25.47,1,39,49.9,No,2023-11-27,1946.1
4614,60,Pro,Orgânico,Sudeste,31.73,1,16,49.9,No,2023-09-21,798.4
4615,54,Pro,Google Ads,Nordeste,41.18,5,27,49.9,Yes,2024-03-08,1347.3
4616,32,Basic,Instagram,Norte,18.24,4,29,89.9,No,2023-12-06,2607.1000000000004
4617,45,Pro,LinkedIn,Sul,4.77,1,29,49.9,No,2023-12-29,1447.1
4618,35,Basic,Google Ads,Nordeste,30.51,1,4,49.9,No,2024-05-04,199.6
4619,51,Pro,Instagram,Norte,14.9,1,38,49.9,No,2025-10-07,1896.2
4620,39,Basic,LinkedIn,Norte,25.41,0,44,49.9,No,2024-02-20,2195.6
4621,28,Basic,Google Ads,Nordeste,15.62,1,32,49.9,No,2023-05-21,1596.8
4622,30,Pro,Instagram,Nordeste,27.04,2,48,49.9,No,2025-07-06,2395.2
4623,21,Basic,Google Ads,Sul,16.48,2,45,49.9,No,2025-07-12,2245.5
4624,39,Pro,Indicação,Norte,17.01,3,44,49.9,No,2024-10-23,2195.6
4625,24,Basic,Instagram,Sudeste,16.34,2,41,49.9,No,2025-11-07,2045.8999999999999
4626,60,Basic,Google Ads,Sul,36.74,3,4,49.9,No,2023-06-03,199.6
4627,41,Pro,LinkedIn,Sudeste,32.21,2,34,89.9,No,2024-03-27,3056.6000000000004
4628,21,Pro,Google Ads,Nordeste,31.59,4,34,49.9,No,2023-07-28,1696.6
4629,45,Basic,Orgânico,Sudeste,16.91,1,2,199.9,No,2024-03-31,399.8
4630,32,Pro,Instagram,Nordeste,19.2,2,28,89.9,No,2023-10-01,2517.2000000000003
4631,18,Basic,Orgânico,Sudeste,16.42,6,47,89.9,No,2025-03-02,4225.3
4632,20,Basic,LinkedIn,Sudeste,30.28,1,1,49.9,No,2024-08-16,49.9
4633,31,Basic,Orgânico,Sudeste,12.33,4,23,49.9,No,2025-01-15,1147.7
4634,55,Enterprise,Google Ads,Sudeste,17.98,1,38,49.9,No,2025-12-29,1896.2
4635,18,Pro,Google Ads,Sul,10.57,2,37,89.9,No,2024-09-10,3326.3
4636,55,Basic,Orgânico,Sudeste,31.45,2,19,199.9,No,2025-06-12,3798.1
4637,55,Pro,Google Ads,Sul,13.59,3,27,49.9,No,2024-10-26,1347.3
4638,38,Pro,Indicação,Nordeste,23.42,3,43,199.9,No,2023-08-13,8595.7
4639,46,Basic,Instagram,Sudeste,3.22,5,12,89.9,Yes,2025-03-23,1078.8000000000002
4640,22,Pro,Indicação,Centro-Oeste,12.71,1,1,89.9,No,2023-01-01,89.9
4641,27,Basic,Orgânico,Sudeste,16.42,0,13,89.9,No,2023-02-27,1168.7
4642,45,Pro,Orgânico,Sudeste,15.98,1,47,49.9,No,2024-04-19,2345.2999999999997
4643,38,Pro,Instagram,Nordeste,34.1,1,1,89.9,No,2025-11-26,89.9
4644,24,Basic,Instagram,Centro-Oeste,12.51,1,45,89.9,No,2023-07-11,4045.5000000000005
4645,20,Basic,Orgânico,Sul,7.5,4,10,89.9,No,2025-01-11,899.0
4646,62,Enterprise,Orgânico,Sudeste,35.46,3,14,49.9,No,2024-02-08,698.6
4647,64,Pro,Google Ads,Norte,22.37,1,40,89.9,No,2025-06-17,3596.0
4648,37,Pro,LinkedIn,Sudeste,32.31,3,22,89.9,No,2023-07-03,1977.8000000000002
4649,36,Basic,Google Ads,Sul,5.75,0,46,89.9,No,2025-11-23,4135.400000000001
4650,52,Basic,Orgânico,Sul,23.09,0,37,49.9,No,2023-01-23,1846.3
4651,21,Basic,Google Ads,Nordeste,44.79,2,20,49.9,No,2024-11-13,998.0
4652,22,Basic,LinkedIn,Nordeste,17.95,1,47,49.9,No,2023-02-27,2345.2999999999997
4653,18,Pro,Indicação,Sudeste,17.52,0,28,49.9,No,2024-04-21,1397.2
4654,21,Enterprise,Orgânico,Sudeste,14.41,2,12,89.9,No,2024-01-07,1078.8000000000002
4655,29,Pro,Orgânico,Sudeste,18.55,1,16,89.9,Yes,2024-02-27,1438.4
4656,44,Basic,Google Ads,Sudeste,15.73,0,1,89.9,No,2024-03-16,89.9
4657,59,Pro,LinkedIn,Sudeste,16.76,0,18,89.9,No,2024-06-12,1618.2
4658,40,Enterprise,Orgânico,Sudeste,17.96,1,4,49.9,No,2024-05-28,199.6
4659,42,Pro,Indicação,Sul,39.3,2,6,89.9,No,2024-05-19,539.4000000000001
4660,38,Pro,Indicação,Nordeste,14.4,4,44,49.9,No,2023-05-26,2195.6
4661,41,Enterprise,Orgânico,Centro-Oeste,21.87,4,35,49.9,No,2023-03-12,1746.5
4662,42,Pro,Instagram,Nordeste,18.87,3,12,49.9,No,2023-04-08,598.8
4663,62,Basic,Indicação,Sudeste,12.69,2,27,89.9,No,2023-01-19,2427.3
4664,63,Basic,Google Ads,Norte,50.08,3,29,49.9,No,2023-01-28,1447.1
4665,49,Enterprise,Instagram,Norte,20.04,1,43,89.9,No,2025-01-29,3865.7000000000003
4666,49,Pro,Orgânico,Sudeste,20.27,3,17,199.9,No,2023-10-17,3398.3
4667,22,Basic,Google Ads,Sudeste,23.07,1,37,49.9,No,2024-05-31,1846.3
4668,53,Pro,Instagram,Nordeste,17.76,1,40,49.9,No,2023-06-01,1996.0
4669,63,Pro,Instagram,Nordeste,16.98,0,27,199.9,No,2025-09-05,5397.3
4670,59,Enterprise,Google Ads,Norte,17.51,2,6,89.9,No,2023-10-02,539.4000000000001
4671,59,Basic,Orgânico,Centro-Oeste,12.5,3,36,49.9,No,2024-06-15,1796.3999999999999
4672,56,Pro,Indicação,Sudeste,10.66,3,45,89.9,No,2025-12-10,4045.5000000000005
4673,33,Enterprise,Google Ads,Sudeste,2.46,4,7,49.9,No,2025-01-22,349.3
4674,50,Basic,LinkedIn,Sudeste,13.83,2,43,89.9,No,2025-01-30,3865.7000000000003
4675,38,Basic,LinkedIn,Nordeste,15.75,2,20,89.9,No,2023-12-14,1798.0
4676,26,Enterprise,Google Ads,Norte,20.13,3,10,199.9,No,2025-02-03,1999.0
4677,23,Pro,Orgânico,Sul,24.48,2,15,49.9,Yes,2025-02-06,748.5
4678,62,Pro,Instagram,Sudeste,8.06,3,15,199.9,No,2023-08-04,2998.5
4679,52,Pro,Orgânico,Sudeste,7.37,2,23,89.9,No,2023-09-30,2067.7000000000003
4680,56,Basic,Google Ads,Sudeste,24.65,4,10,89.9,No,2025-10-18,899.0
4681,39,Enterprise,Instagram,Nordeste,38.26,2,4,49.9,No,2023-09-27,199.6
4682,58,Basic,Google Ads,Sudeste,28.22,3,33,49.9,No,2025-09-29,1646.7
4683,22,Basic,Google Ads,Sudeste,2.28,3,12,49.9,Yes,2025-05-25,598.8
4684,59,Basic,Orgânico,Sudeste,16.24,5,9,49.9,No,2023-09-20,449.09999999999997
4685,40,Basic,Google Ads,Sudeste,10.84,2,27,89.9,Yes,2023-04-13,2427.3
4686,34,Pro,Google Ads,Sudeste,17.35,3,11,89.9,No,2025-03-03,988.9000000000001
4687,29,Pro,Orgânico,Sul,7.36,2,32,89.9,No,2025-06-07,2876.8
4688,40,Enterprise,Indicação,Sul,52.96,0,15,89.9,No,2024-12-16,1348.5
4689,33,Basic,Google Ads,Centro-Oeste,12.47,5,7,49.9,No,2025-06-05,349.3
4690,20,Pro,Orgânico,Centro-Oeste,21.63,2,26,89.9,No,2025-04-18,2337.4
4691,47,Pro,Google Ads,Centro-Oeste,9.1,3,8,89.9,Yes,2024-08-26,719.2
4692,39,Pro,Orgânico,Nordeste,28.0,0,5,89.9,No,2023-06-26,449.5
4693,26,Pro,Google Ads,Norte,25.54,0,2,49.9,No,2024-01-06,99.8
4694,46,Basic,Indicação,Nordeste,14.06,3,2,49.9,No,2023-10-18,99.8
4695,64,Basic,LinkedIn,Sudeste,15.03,0,10,49.9,No,2024-08-03,499.0
4696,54,Basic,Google Ads,Sudeste,14.8,1,17,89.9,No,2025-10-02,1528.3000000000002
4697,40,Pro,Indicação,Sudeste,12.89,4,13,89.9,No,2023-04-21,1168.7
4698,30,Enterprise,Indicação,Sudeste,30.8,1,9,49.9,No,2024-04-14,449.09999999999997
4699,49,Basic,Orgânico,Nordeste,19.32,2,16,89.9,No,2023-07-11,1438.4
4700,63,Basic,Orgânico,Nordeste,20.51,3,7,89.9,No,2025-08-21,629.3000000000001
4701,64,Basic,LinkedIn,Sudeste,25.69,1,12,89.9,No,2025-06-26,1078.8000000000002
4702,40,Pro,LinkedIn,Centro-Oeste,24.06,1,4,89.9,No,2023-08-06,359.6
4703,62,Basic,Indicação,Sudeste,11.76,0,31,89.9,No,2024-02-22,2786.9
4704,34,Basic,Indicação,Norte,40.35,1,32,49.9,No,2024-02-23,1596.8
4705,57,Basic,Instagram,Nordeste,20.66,1,36,89.9,No,2023-06-06,3236.4
4706,38,Pro,LinkedIn,Nordeste,19.27,0,3,199.9,No,2023-04-08,599.7
4707,19,Pro,LinkedIn,Sudeste,17.24,3,41,49.9,No,2024-06-22,2045.8999999999999
4708,54,Pro,Orgânico,Sudeste,13.74,1,7,49.9,No,2023-11-29,349.3
4709,23,Basic,LinkedIn,Sul,9.28,4,2,49.9,No,2023-10-25,99.8
4710,61,Pro,Google Ads,Sul,19.65,2,11,89.9,No,2025-11-09,988.9000000000001
4711,35,Basic,LinkedIn,Sul,28.04,2,7,89.9,No,2024-05-29,629.3000000000001
4712,47,Basic,Orgânico,Norte,27.18,2,47,199.9,No,2024-01-11,9395.300000000001
4713,39,Pro,Orgânico,Sul,18.8,4,20,89.9,No,2024-02-05,1798.0
4714,50,Basic,Orgânico,Sul,46.0,3,22,49.9,No,2024-06-11,1097.8
4715,47,Pro,Orgânico,Sudeste,31.69,2,22,199.9,No,2025-11-27,4397.8
4716,34,Basic,Instagram,Sudeste,11.96,2,25,49.9,No,2024-07-29,1247.5
4717,60,Basic,LinkedIn,Norte,14.42,0,18,89.9,No,2023-03-08,1618.2
4718,49,Enterprise,Orgânico,Sul,15.58,2,10,49.9,No,2023-10-19,499.0
4719,59,Pro,Instagram,Norte,11.45,4,37,199.9,No,2023-01-08,7396.3
4720,31,Pro,Instagram,Sudeste,17.27,2,12,89.9,No,2024-12-07,1078.8000000000002
4721,27,Pro,Orgânico,Norte,7.93,4,29,49.9,No,2023-02-02,1447.1
4722,64,Pro,Orgânico,Sudeste,28.53,1,3,89.9,No,2024-08-20,269.70000000000005
4723,53,Pro,Orgânico,Centro-Oeste,23.17,2,26,199.9,No,2024-02-21,5197.400000000001
4724,51,Pro,Orgânico,Sudeste,18.98,2,17,49.9,No,2023-09-29,848.3
4725,26,Basic,Google Ads,Centro-Oeste,13.8,1,20,89.9,No,2023-08-09,1798.0
4726,59,Basic,Orgânico,Nordeste,17.44,2,36,49.9,No,2024-04-08,1796.3999999999999
4727,45,Pro,Google Ads,Sul,14.35,0,35,199.9,No,2023-11-17,6996.5
4728,28,Basic,Indicação,Sul,71.64,1,20,199.9,No,2023-10-27,3998.0
4729,31,Basic,Google Ads,Norte,10.65,3,39,49.9,No,2025-03-24,1946.1
4730,56,Basic,Instagram,Sudeste,11.3,3,14,89.9,No,2025-06-08,1258.6000000000001
4731,64,Basic,Orgânico,Norte,12.19,4,42,89.9,No,2024-08-27,3775.8
4732,36,Basic,Instagram,Nordeste,13.71,2,41,199.9,No,2025-08-01,8195.9
4733,32,Basic,Indicação,Sudeste,49.93,1,13,89.9,No,2023-11-17,1168.7
4734,45,Basic,Google Ads,Sudeste,15.26,0,40,49.9,No,2023-10-15,1996.0
4735,41,Basic,Google Ads,Norte,10.49,0,28,89.9,No,2023-01-18,2517.2000000000003
4736,25,Pro,Instagram,Sudeste,24.39,2,37,49.9,No,2023-05-17,1846.3
4737,60,Basic,Indicação,Sudeste,7.64,4,32,49.9,No,2024-03-20,1596.8
4738,26,Enterprise,Google Ads,Centro-Oeste,13.38,4,2,89.9,No,2023-05-10,179.8
4739,64,Pro,Instagram,Sul,8.05,3,36,89.9,Yes,2024-06-24,3236.4
4740,50,Pro,Indicação,Nordeste,10.72,2,14,49.9,No,2023-05-25,698.6
4741,50,Pro,Google Ads,Sul,2.5,1,26,89.9,Yes,2024-04-21,2337.4
4742,36,Basic,Instagram,Sudeste,27.25,3,2,89.9,No,2024-01-04,179.8
4743,20,Basic,Orgânico,Sul,29.97,3,11,49.9,No,2025-11-14,548.9
4744,27,Enterprise,Instagram,Sul,17.18,2,9,49.9,No,2025-06-13,449.09999999999997
4745,57,Basic,Instagram,Sudeste,16.25,3,36,199.9,No,2023-09-02,7196.400000000001
4746,64,Enterprise,Indicação,Centro-Oeste,15.7,2,7,199.9,No,2024-11-23,1399.3
4747,59,Pro,Orgânico,Nordeste,19.73,1,35,49.9,No,2024-11-04,1746.5
4748,18,Basic,Orgânico,Centro-Oeste,23.65,4,17,89.9,No,2024-06-06,1528.3000000000002
4749,46,Pro,Orgânico,Sudeste,35.21,3,26,199.9,No,2024-04-24,5197.400000000001
4750,51,Pro,Google Ads,Sudeste,19.72,3,29,89.9,Yes,2025-12-07,2607.1000000000004
4751,30,Basic,Orgânico,Norte,14.45,2,38,49.9,No,2023-02-24,1896.2
4752,18,Basic,Orgânico,Sudeste,32.01,0,33,89.9,No,2025-04-10,2966.7000000000003
4753,51,Pro,Orgânico,Sudeste,7.56,3,11,49.9,No,2024-11-27,548.9
4754,46,Pro,LinkedIn,Sudeste,43.58,3,34,89.9,No,2025-12-13,3056.6000000000004
4755,64,Basic,Orgânico,Sudeste,17.74,3,6,89.9,No,2023-10-05,539.4000000000001
4756,30,Basic,Google Ads,Sudeste,23.03,2,18,49.9,No,2024-03-08,898.1999999999999
4757,46,Enterprise,Orgânico,Nordeste,28.39,0,31,89.9,No,2025-04-22,2786.9
4758,56,Pro,Google Ads,Nordeste,29.25,0,15,49.9,No,2024-12-16,748.5
4759,41,Pro,Orgânico,Sudeste,34.79,3,30,89.9,No,2025-11-21,2697.0
4760,43,Enterprise,Indicação,Nordeste,13.47,4,43,49.9,No,2025-07-26,2145.7
4761,34,Basic,Google Ads,Sudeste,14.78,0,13,199.9,No,2025-06-24,2598.7000000000003
4762,24,Pro,Orgânico,Sudeste,16.14,2,5,49.9,No,2025-08-07,249.5
4763,30,Pro,LinkedIn,Centro-Oeste,20.49,1,20,49.9,No,2025-10-28,998.0
4764,22,Pro,Indicação,Sudeste,17.88,4,40,89.9,No,2023-03-13,3596.0
4765,43,Basic,Instagram,Sul,26.05,1,47,49.9,No,2024-06-20,2345.2999999999997
4766,20,Basic,Orgânico,Nordeste,15.2,1,18,49.9,No,2023-09-19,898.1999999999999
4767,24,Pro,LinkedIn,Nordeste,9.46,3,43,199.9,No,2023-06-18,8595.7
4768,56,Basic,Instagram,Centro-Oeste,6.03,1,2,89.9,No,2023-10-14,179.8
4769,18,Enterprise,LinkedIn,Sudeste,38.12,2,12,89.9,No,2023-04-09,1078.8000000000002
4770,34,Basic,Indicação,Sul,5.36,1,20,49.9,No,2024-03-11,998.0
4771,60,Basic,Indicação,Sudeste,18.46,3,24,49.9,No,2025-09-05,1197.6
4772,42,Basic,Instagram,Sul,21.33,1,9,89.9,Yes,2023-12-25,809.1
4773,20,Pro,Instagram,Nordeste,17.12,1,46,89.9,No,2023-01-22,4135.400000000001
4774,32,Enterprise,LinkedIn,Nordeste,53.62,1,35,49.9,Yes,2024-02-09,1746.5
4775,46,Pro,Orgânico,Sudeste,41.37,2,31,49.9,No,2025-10-23,1546.8999999999999
4776,60,Enterprise,Indicação,Nordeste,7.36,2,45,89.9,No,2024-04-02,4045.5000000000005
4777,49,Basic,Instagram,Sul,20.85,2,47,89.9,No,2023-12-31,4225.3
4778,43,Basic,Instagram,Nordeste,14.96,5,29,89.9,No,2023-07-16,2607.1000000000004
4779,33,Pro,LinkedIn,Sul,13.36,0,29,49.9,Yes,2024-05-08,1447.1
4780,42,Enterprise,Orgânico,Sul,7.16,1,4,49.9,Yes,2024-06-01,199.6
4781,45,Pro,Google Ads,Sul,17.38,1,40,89.9,No,2023-10-12,3596.0
4782,26,Pro,Indicação,Norte,24.21,5,14,89.9,No,2024-08-06,1258.6000000000001
4783,18,Basic,Instagram,Sudeste,4.83,1,28,49.9,No,2025-12-25,1397.2
4784,46,Basic,Google Ads,Sul,16.17,2,33,89.9,No,2024-06-03,2966.7000000000003
4785,39,Enterprise,Google Ads,Sudeste,3.44,3,40,49.9,No,2023-03-18,1996.0
4786,33,Basic,Orgânico,Sudeste,37.02,3,8,89.9,No,2023-04-29,719.2
4787,58,Basic,Orgânico,Sul,28.49,1,1,199.9,No,2023-12-27,199.9
4788,61,Pro,Google Ads,Nordeste,23.59,2,4,89.9,No,2023-07-07,359.6
4789,58,Basic,LinkedIn,Sudeste,23.11,3,29,49.9,No,2025-05-05,1447.1
4790,24,Pro,Google Ads,Norte,31.85,1,35,49.9,No,2023-06-08,1746.5
4791,31,Basic,Orgânico,Sudeste,15.93,1,18,89.9,No,2024-06-15,1618.2
4792,46,Pro,Indicação,Sul,14.14,3,38,89.9,No,2024-02-05,3416.2000000000003
4793,36,Pro,Instagram,Sudeste,35.19,1,44,49.9,No,2023-08-25,2195.6
4794,36,Pro,Google Ads,Centro-Oeste,19.99,3,36,49.9,No,2025-11-01,1796.3999999999999
4795,19,Pro,Orgânico,Sudeste,31.23,2,40,49.9,No,2024-07-09,1996.0
4796,58,Basic,Indicação,Sudeste,20.85,1,19,89.9,No,2024-11-26,1708.1000000000001
4797,62,Pro,Google Ads,Nordeste,15.57,3,21,199.9,No,2023-04-02,4197.900000000001
4798,32,Pro,Indicação,Nordeste,10.09,2,16,89.9,No,2024-10-15,1438.4
4799,20,Pro,Orgânico,Centro-Oeste,22.74,0,6,49.9,No,2024-04-27,299.4
4800,28,Basic,LinkedIn,Nordeste,6.96,4,26,89.9,No,2024-04-28,2337.4
4801,63,Basic,Instagram,Sudeste,21.02,1,1,89.9,Yes,2025-02-24,89.9
4802,47,Basic,LinkedIn,Sudeste,8.88,3,18,49.9,No,2025-02-28,898.1999999999999
4803,57,Pro,Indicação,Nordeste,33.75,1,43,199.9,No,2023-11-14,8595.7
4804,35,Basic,Indicação,Sudeste,58.49,2,1,89.9,No,2024-10-04,89.9
4805,19,Enterprise,Orgânico,Sudeste,19.24,3,27,199.9,No,2023-11-10,5397.3
4806,49,Pro,Google Ads,Nordeste,33.36,0,19,89.9,No,2023-11-13,1708.1000000000001
4807,25,Pro,Indicação,Sudeste,27.16,4,35,89.9,No,2024-11-24,3146.5
4808,39,Pro,Google Ads,Sul,8.63,1,26,49.9,Yes,2023-03-26,1297.3999999999999
4809,23,Basic,Google Ads,Centro-Oeste,13.91,3,15,199.9,No,2024-05-01,2998.5
4810,29,Pro,Indicação,Nordeste,17.89,2,6,49.9,No,2025-06-14,299.4
4811,64,Pro,Orgânico,Sul,19.97,1,31,199.9,No,2023-10-11,6196.900000000001
4812,57,Enterprise,Google Ads,Sudeste,17.45,1,34,89.9,No,2024-05-19,3056.6000000000004
4813,53,Enterprise,Orgânico,Sudeste,22.98,0,46,49.9,No,2023-03-18,2295.4
4814,32,Basic,Instagram,Sudeste,43.01,1,17,89.9,No,2025-11-21,1528.3000000000002
4815,45,Basic,Instagram,Sudeste,8.05,5,3,89.9,No,2023-08-23,269.70000000000005
4816,62,Pro,Google Ads,Sudeste,17.15,2,43,89.9,No,2025-05-01,3865.7000000000003
4817,35,Pro,Indicação,Nordeste,48.54,4,20,49.9,No,2024-12-21,998.0
4818,19,Basic,LinkedIn,Sudeste,17.72,5,2,49.9,No,2024-07-06,99.8
4819,30,Basic,Instagram,Norte,11.29,1,37,199.9,No,2024-04-01,7396.3
4820,62,Basic,LinkedIn,Sudeste,24.15,0,9,89.9,No,2025-10-07,809.1
4821,32,Pro,Indicação,Norte,13.63,2,23,49.9,No,2025-05-13,1147.7
4822,37,Enterprise,LinkedIn,Sudeste,34.7,1,33,49.9,No,2024-11-23,1646.7
4823,46,Pro,Instagram,Sul,27.11,1,47,89.9,No,2025-10-12,4225.3
4824,59,Basic,Orgânico,Sul,4.42,5,39,49.9,Yes,2024-08-06,1946.1
4825,46,Basic,Indicação,Centro-Oeste,12.18,1,31,49.9,No,2024-05-08,1546.8999999999999
4826,20,Basic,Google Ads,Nordeste,33.04,1,19,89.9,No,2025-03-16,1708.1000000000001
4827,36,Pro,Instagram,Nordeste,16.22,0,42,89.9,No,2024-07-21,3775.8
4828,20,Pro,Orgânico,Centro-Oeste,18.0,3,4,89.9,No,2025-03-16,359.6
4829,31,Basic,Google Ads,Sudeste,35.36,2,47,89.9,Yes,2024-12-30,4225.3
4830,57,Pro,Orgânico,Sul,35.01,4,34,199.9,No,2024-04-14,6796.6
4831,21,Enterprise,Instagram,Sul,14.46,1,15,89.9,No,2025-06-28,1348.5
4832,28,Enterprise,LinkedIn,Sul,14.07,1,29,49.9,No,2024-12-25,1447.1
4833,48,Basic,Instagram,Nordeste,11.25,1,43,49.9,No,2024-07-25,2145.7
4834,60,Basic,Orgânico,Nordeste,34.84,4,6,89.9,No,2023-01-18,539.4000000000001
4835,49,Basic,Orgânico,Sudeste,32.61,3,46,89.9,No,2024-10-20,4135.400000000001
4836,44,Pro,Orgânico,Nordeste,6.4,4,41,89.9,No,2023-11-26,3685.9
4837,47,Enterprise,Google Ads,Sudeste,31.43,2,7,49.9,No,2025-09-02,349.3
4838,60,Basic,Orgânico,Sudeste,14.36,4,27,49.9,No,2024-02-21,1347.3
4839,19,Basic,LinkedIn,Sudeste,34.54,1,25,49.9,No,2024-04-07,1247.5
4840,26,Enterprise,Indicação,Sul,4.15,2,1,49.9,No,2024-04-22,49.9
4841,45,Pro,Google Ads,Sudeste,20.64,0,9,89.9,No,2025-09-14,809.1
4842,48,Enterprise,Indicação,Sudeste,16.39,3,22,199.9,No,2025-10-26,4397.8
4843,51,Basic,Orgânico,Sudeste,28.98,2,22,49.9,No,2024-01-25,1097.8
4844,32,Basic,Instagram,Sudeste,11.73,4,2,199.9,No,2024-03-10,399.8
4845,42,Basic,Google Ads,Sudeste,31.38,0,6,49.9,No,2024-03-06,299.4
4846,53,Basic,Google Ads,Sudeste,31.17,2,29,199.9,No,2023-07-20,5797.1
4847,25,Pro,Instagram,Norte,27.47,3,1,49.9,No,2024-07-31,49.9
4848,26,Basic,LinkedIn,Nordeste,6.8,2,17,49.9,No,2025-08-16,848.3
4849,54,Basic,Orgânico,Norte,13.34,1,47,49.9,No,2024-11-07,2345.2999999999997
4850,62,Enterprise,Instagram,Sudeste,30.19,1,32,89.9,No,2023-03-10,2876.8
4851,56,Basic,Indicação,Centro-Oeste,20.36,4,44,49.9,No,2023-03-16,2195.6
4852,49,Pro,LinkedIn,Sudeste,13.7,0,37,89.9,No,2023-07-08,3326.3
4853,34,Basic,Instagram,Nordeste,11.55,3,38,49.9,No,2025-10-23,1896.2
4854,52,Pro,LinkedIn,Sudeste,7.68,0,4,49.9,No,2023-06-10,199.6
4855,54,Basic,Google Ads,Sul,18.34,0,5,199.9,No,2025-06-01,999.5
4856,36,Pro,Indicação,Sul,50.23,1,23,49.9,No,2024-11-24,1147.7
4857,61,Basic,Google Ads,Sudeste,14.87,3,42,89.9,No,2023-12-05,3775.8
4858,46,Basic,Indicação,Sudeste,23.83,2,17,199.9,Yes,2024-03-23,3398.3
4859,24,Pro,Google Ads,Norte,18.32,3,34,49.9,No,2023-08-07,1696.6
4860,45,Basic,Orgânico,Sudeste,11.03,2,24,89.9,No,2025-02-26,2157.6000000000004
4861,26,Basic,Orgânico,Nordeste,32.13,2,42,49.9,No,2025-09-21,2095.7999999999997
4862,45,Enterprise,Instagram,Sudeste,28.34,4,48,89.9,No,2023-03-17,4315.200000000001
4863,23,Enterprise,Instagram,Nordeste,28.43,2,34,89.9,No,2025-09-22,3056.6000000000004
4864,46,Basic,Instagram,Centro-Oeste,16.8,2,35,49.9,No,2025-01-17,1746.5
4865,34,Basic,Orgânico,Sudeste,30.34,0,6,49.9,No,2024-07-15,299.4
4866,33,Basic,Instagram,Sudeste,23.53,3,38,49.9,No,2023-09-26,1896.2
4867,40,Basic,Orgânico,Centro-Oeste,34.61,3,3,89.9,No,2025-01-30,269.70000000000005
4868,48,Enterprise,Google Ads,Sudeste,19.57,1,46,199.9,No,2023-06-18,9195.4
4869,20,Pro,Google Ads,Sudeste,10.03,2,16,49.9,No,2024-08-15,798.4
4870,38,Pro,Instagram,Sudeste,13.42,3,29,49.9,No,2024-11-10,1447.1
4871,43,Enterprise,Google Ads,Sudeste,19.25,0,10,49.9,No,2025-04-23,499.0
4872,53,Pro,Indicação,Sudeste,2.08,3,29,89.9,Yes,2023-03-17,2607.1000000000004
4873,59,Pro,Google Ads,Sul,14.3,1,31,89.9,No,2024-04-03,2786.9
4874,54,Basic,Orgânico,Nordeste,16.88,0,3,49.9,No,2025-12-12,149.7
4875,39,Basic,Orgânico,Nordeste,47.26,1,39,49.9,No,2023-04-05,1946.1
4876,59,Pro,Google Ads,Sudeste,21.98,1,46,199.9,Yes,2024-04-18,9195.4
4877,29,Basic,LinkedIn,Sudeste,21.63,1,22,199.9,No,2024-11-06,4397.8
4878,59,Basic,LinkedIn,Sudeste,19.66,3,47,49.9,No,2023-09-02,2345.2999999999997
4879,30,Basic,Indicação,Sudeste,7.5,2,1,89.9,Yes,2023-08-25,89.9
4880,28,Basic,Instagram,Nordeste,21.87,1,31,199.9,No,2025-03-30,6196.900000000001
4881,33,Pro,Google Ads,Nordeste,19.26,4,5,89.9,No,2025-05-04,449.5
4882,25,Pro,Instagram,Nordeste,16.42,4,27,89.9,Yes,2023-12-02,2427.3
4883,57,Basic,LinkedIn,Norte,9.91,3,38,89.9,No,2025-09-17,3416.2000000000003
4884,57,Basic,Orgânico,Sudeste,21.19,3,20,199.9,No,2025-07-07,3998.0
4885,62,Pro,Orgânico,Centro-Oeste,18.78,2,1,49.9,No,2025-01-05,49.9
4886,19,Basic,Google Ads,Nordeste,8.08,0,43,49.9,No,2025-02-18,2145.7
4887,47,Pro,Indicação,Centro-Oeste,32.36,2,23,89.9,No,2024-09-04,2067.7000000000003
4888,47,Pro,Orgânico,Nordeste,17.39,6,4,49.9,Yes,2025-05-11,199.6
4889,29,Basic,Google Ads,Nordeste,6.94,2,30,49.9,No,2023-09-11,1497.0
4890,27,Pro,Indicação,Sul,21.75,1,4,49.9,No,2024-08-01,199.6
4891,61,Pro,LinkedIn,Norte,13.76,4,7,49.9,No,2025-08-06,349.3
4892,28,Basic,Indicação,Centro-Oeste,8.71,0,28,199.9,Yes,2025-03-13,5597.2
4893,32,Basic,Indicação,Sul,11.37,1,41,49.9,No,2023-03-06,2045.8999999999999
4894,33,Enterprise,Orgânico,Nordeste,25.86,1,31,89.9,No,2024-09-10,2786.9
4895,34,Basic,Instagram,Sudeste,12.65,1,17,49.9,No,2025-05-21,848.3
4896,43,Pro,Orgânico,Nordeste,12.06,2,14,89.9,No,2023-12-16,1258.6000000000001
4897,19,Pro,Google Ads,Norte,24.31,0,19,89.9,No,2025-04-17,1708.1000000000001
4898,29,Basic,Instagram,Sudeste,35.23,4,7,199.9,No,2024-02-13,1399.3
4899,43,Basic,Orgânico,Nordeste,34.23,2,47,89.9,No,2024-09-13,4225.3
4900,40,Pro,Orgânico,Nordeste,20.07,2,23,49.9,No,2025-01-20,1147.7
4901,35,Basic,Instagram,Centro-Oeste,15.89,1,2,49.9,No,2024-10-01,99.8
4902,49,Pro,Indicação,Sudeste,21.96,1,12,49.9,No,2025-07-11,598.8
4903,55,Enterprise,Google Ads,Sul,16.07,2,48,49.9,Yes,2025-06-19,2395.2
4904,64,Pro,Instagram,Sudeste,7.92,3,43,89.9,No,2025-04-13,3865.7000000000003
4905,20,Basic,Indicação,Sul,18.24,0,11,89.9,No,2023-11-14,988.9000000000001
4906,55,Enterprise,LinkedIn,Sudeste,24.87,0,29,199.9,No,2025-05-12,5797.1
4907,20,Pro,LinkedIn,Nordeste,19.17,5,35,49.9,No,2023-12-28,1746.5
4908,47,Enterprise,Indicação,Norte,29.69,1,28,49.9,No,2023-10-23,1397.2
4909,18,Pro,Instagram,Sudeste,6.75,2,32,89.9,No,2025-05-31,2876.8
4910,47,Pro,Google Ads,Sudeste,35.38,0,7,199.9,No,2024-08-28,1399.3
4911,62,Pro,Instagram,Nordeste,27.26,3,17,49.9,No,2024-07-18,848.3
4912,49,Basic,Orgânico,Sudeste,36.37,0,2,89.9,No,2023-08-25,179.8
4913,45,Enterprise,Orgânico,Norte,29.45,3,22,89.9,No,2024-07-04,1977.8000000000002
4914,38,Basic,Instagram,Nordeste,21.86,3,28,49.9,No,2024-08-17,1397.2
4915,63,Basic,Google Ads,Nordeste,23.45,2,2,89.9,No,2025-10-24,179.8
4916,30,Enterprise,Indicação,Sul,26.34,4,28,49.9,No,2024-01-28,1397.2
4917,44,Basic,Indicação,Sul,15.33,0,20,89.9,Yes,2025-12-01,1798.0
4918,53,Enterprise,Instagram,Sudeste,10.57,2,11,49.9,No,2024-05-14,548.9
4919,24,Pro,LinkedIn,Sudeste,12.08,1,45,89.9,No,2024-10-06,4045.5000000000005
4920,39,Basic,Orgânico,Nordeste,15.73,1,21,89.9,No,2025-05-20,1887.9
4921,27,Basic,LinkedIn,Sudeste,18.11,3,18,89.9,No,2023-10-24,1618.2
4922,56,Pro,Instagram,Sudeste,37.06,3,31,89.9,No,2025-06-11,2786.9
4923,32,Pro,Indicação,Nordeste,17.93,1,3,89.9,No,2024-04-12,269.70000000000005
4924,32,Enterprise,Google Ads,Sudeste,10.13,2,36,49.9,No,2024-06-24,1796.3999999999999
4925,21,Enterprise,Google Ads,Sudeste,15.94,1,41,89.9,No,2023-07-23,3685.9
4926,49,Basic,Orgânico,Nordeste,20.13,2,42,199.9,Yes,2025-05-21,8395.800000000001
4927,40,Basic,Google Ads,Sudeste,26.82,2,19,89.9,No,2023-10-21,1708.1000000000001
4928,23,Enterprise,Instagram,Sul,9.64,3,48,49.9,No,2023-06-05,2395.2
4929,41,Pro,LinkedIn,Sudeste,9.86,2,7,49.9,No,2024-08-09,349.3
4930,37,Basic,Orgânico,Sudeste,31.66,4,30,89.9,No,2025-02-15,2697.0
4931,54,Pro,Orgânico,Sudeste,13.8,3,11,49.9,No,2025-07-15,548.9
4932,37,Enterprise,Google Ads,Sudeste,16.49,3,11,199.9,No,2023-08-18,2198.9
4933,29,Pro,Indicação,Sudeste,22.04,1,17,49.9,No,2025-10-09,848.3
4934,50,Basic,LinkedIn,Sudeste,21.53,2,32,89.9,No,2023-05-21,2876.8
4935,45,Pro,LinkedIn,Sudeste,12.56,0,4,89.9,No,2023-05-30,359.6
4936,25,Pro,Indicação,Centro-Oeste,22.11,4,6,89.9,No,2023-05-06,539.4000000000001
4937,18,Enterprise,Google Ads,Centro-Oeste,21.09,2,30,89.9,No,2023-12-06,2697.0
4938,54,Enterprise,Orgânico,Centro-Oeste,31.06,0,43,49.9,No,2025-03-20,2145.7
4939,39,Pro,Indicação,Sudeste,19.77,2,41,89.9,No,2023-09-13,3685.9
4940,23,Pro,Instagram,Sudeste,19.49,4,46,199.9,No,2023-06-14,9195.4
4941,38,Enterprise,Indicação,Nordeste,33.16,4,13,49.9,No,2024-05-14,648.6999999999999
4942,49,Basic,Google Ads,Centro-Oeste,13.46,1,1,49.9,No,2024-09-07,49.9
4943,52,Basic,Indicação,Nordeste,11.45,0,11,49.9,Yes,2024-12-18,548.9
4944,32,Enterprise,Google Ads,Sudeste,24.11,4,16,89.9,No,2023-09-10,1438.4
4945,22,Basic,Instagram,Sudeste,13.67,1,45,49.9,No,2024-12-27,2245.5
4946,63,Basic,Indicação,Nordeste,9.59,2,42,89.9,No,2024-10-17,3775.8
4947,23,Basic,Orgânico,Norte,17.98,4,25,89.9,No,2025-01-04,2247.5
4948,42,Basic,Instagram,Norte,28.46,1,46,49.9,No,2024-05-22,2295.4
4949,63,Basic,LinkedIn,Norte,33.78,1,2,89.9,No,2023-04-13,179.8
4950,57,Basic,LinkedIn,Nordeste,27.49,2,27,49.9,No,2025-05-05,1347.3
4951,46,Enterprise,Instagram,Centro-Oeste,18.98,2,48,49.9,No,2023-09-09,2395.2
4952,24,Pro,Google Ads,Sul,20.81,0,20,49.9,No,2024-04-19,998.0
4953,57,Pro,Indicação,Centro-Oeste,22.68,2,30,89.9,No,2025-05-19,2697.0
4954,30,Basic,Instagram,Sudeste,27.94,2,17,89.9,No,2025-10-04,1528.3000000000002
4955,55,Pro,Orgânico,Sul,16.26,1,25,89.9,No,2023-10-23,2247.5
4956,35,Pro,LinkedIn,Centro-Oeste,12.21,3,44,49.9,No,2024-12-10,2195.6
4957,19,Pro,Orgânico,Nordeste,15.29,0,16,89.9,No,2023-08-28,1438.4
4958,25,Basic,Instagram,Centro-Oeste,11.41,1,21,49.9,No,2024-02-10,1047.8999999999999
4959,28,Basic,Orgânico,Sudeste,14.66,2,18,89.9,No,2024-09-12,1618.2
4960,50,Pro,Google Ads,Sudeste,38.12,4,10,89.9,No,2023-06-01,899.0
4961,55,Pro,Orgânico,Norte,10.5,3,46,49.9,No,2025-07-26,2295.4
4962,44,Pro,Instagram,Nordeste,10.32,4,6,89.9,Yes,2023-07-02,539.4000000000001
4963,37,Pro,LinkedIn,Sudeste,8.94,2,17,49.9,No,2025-02-08,848.3
4964,29,Basic,Google Ads,Sudeste,7.86,6,12,199.9,No,2024-12-12,2398.8
4965,60,Pro,Google Ads,Norte,24.49,3,42,199.9,No,2025-08-03,8395.800000000001
4966,48,Basic,Indicação,Sudeste,11.26,0,33,89.9,No,2025-05-27,2966.7000000000003
4967,44,Pro,LinkedIn,Sul,9.15,2,36,49.9,No,2023-11-22,1796.3999999999999
4968,49,Enterprise,Indicação,Sudeste,23.99,0,30,49.9,No,2023-09-12,1497.0
4969,27,Pro,Instagram,Sudeste,11.1,0,23,49.9,No,2024-02-11,1147.7
4970,20,Basic,Google Ads,Sudeste,39.07,1,3,89.9,No,2025-03-18,269.70000000000005
4971,62,Basic,Orgânico,Sudeste,25.15,1,9,49.9,No,2023-12-19,449.09999999999997
4972,44,Pro,Orgânico,Sudeste,21.5,1,3,199.9,Yes,2024-04-08,599.7
4973,52,Enterprise,Instagram,Sul,6.01,4,46,89.9,No,2025-03-06,4135.400000000001
4974,48,Pro,Indicação,Sudeste,26.02,4,9,89.9,No,2023-06-01,809.1
4975,32,Pro,Orgânico,Norte,6.74,2,19,89.9,Yes,2025-03-27,1708.1000000000001
4976,33,Basic,Orgânico,Centro-Oeste,13.8,5,22,89.9,No,2024-09-19,1977.8000000000002
4977,30,Pro,Google Ads,Sudeste,19.64,1,14,49.9,Yes,2025-11-02,698.6
4978,52,Pro,Orgânico,Sudeste,8.04,2,31,89.9,Yes,2024-11-14,2786.9
4979,28,Enterprise,Instagram,Sudeste,14.34,1,48,49.9,No,2025-01-03,2395.2
4980,38,Basic,Indicação,Centro-Oeste,28.38,2,34,199.9,No,2025-02-28,6796.6
4981,28,Pro,Instagram,Sudeste,18.9,3,23,199.9,No,2025-05-12,4597.7
4982,47,Basic,Indicação,Norte,17.32,3,33,89.9,No,2023-01-07,2966.7000000000003
4983,52,Pro,Indicação,Centro-Oeste,20.76,3,41,89.9,No,2023-07-24,3685.9
4984,39,Pro,Instagram,Norte,18.69,1,28,89.9,No,2024-02-17,2517.2000000000003
4985,55,Basic,LinkedIn,Sul,34.37,1,21,89.9,No,2024-07-03,1887.9
4986,48,Basic,Indicação,Nordeste,29.55,1,26,199.9,No,2025-06-28,5197.400000000001
4987,31,Pro,LinkedIn,Nordeste,9.7,3,10,199.9,No,2025-10-06,1999.0
4988,41,Pro,Google Ads,Sudeste,21.1,2,23,89.9,No,2023-11-17,2067.7000000000003
4989,49,Basic,Google Ads,Sudeste,7.99,3,3,49.9,No,2023-08-29,149.7
4990,53,Basic,Indicação,Sudeste,14.74,3,10,49.9,No,2024-05-19,499.0
4991,49,Pro,Orgânico,Sul,17.95,2,45,49.9,No,2024-03-11,2245.5
4992,32,Enterprise,Orgânico,Nordeste,47.6,2,40,89.9,No,2025-06-19,3596.0
4993,60,Basic,Instagram,Nordeste,19.34,2,1,199.9,Yes,2024-06-16,199.9
4994,52,Pro,LinkedIn,Sudeste,6.52,1,28,89.9,No,2023-05-21,2517.2000000000003
4995,20,Basic,Google Ads,Sul,17.93,4,13,89.9,No,2024-11-04,1168.7
4996,33,Basic,Orgânico,Norte,24.75,3,39,49.9,No,2025-01-04,1946.1
4997,22,Basic,Instagram,Sudeste,30.48,2,47,49.9,No,2025-12-17,2345.2999999999997
4998,38,Enterprise,Instagram,Sul,12.77,2,43,199.9,No,2023-06-29,8595.7
4999,27,Basic,Indicação,Sudeste,28.38,2,14,49.9,No,2023-02-28,698.6
5000,36,Pro,Orgânico,Norte,12.17,0,38,89.9,No,2025-09-17,3416.2000000000003
5001,42,Pro,Google Ads,Nordeste,42.22,1,1,89.9,No,2024-02-21,89.9
5002,21,Enterprise,Instagram,Sudeste,11.78,0,2,49.9,No,2024-08-02,99.8
5003,46,Pro,LinkedIn,Sudeste,7.04,4,6,89.9,No,2024-04-27,539.4000000000001
5004,36,Pro,Indicação,Sudeste,10.77,1,18,199.9,No,2024-06-30,3598.2000000000003
5005,60,Enterprise,Google Ads,Sul,11.71,3,18,49.9,No,2023-09-09,898.1999999999999
5006,19,Pro,Indicação,Nordeste,19.19,0,22,49.9,No,2024-07-12,1097.8
5007,27,Pro,LinkedIn,Sul,26.19,2,47,49.9,No,2023-11-29,2345.2999999999997
5008,60,Basic,Orgânico,Sudeste,23.0,1,12,89.9,No,2024-05-09,1078.8000000000002
5009,42,Basic,Google Ads,Sudeste,18.89,0,11,89.9,No,2025-04-30,988.9000000000001
5010,37,Pro,Google Ads,Sul,10.39,2,9,89.9,Yes,2025-01-07,809.1
5011,36,Basic,Orgânico,Norte,22.75,2,47,49.9,No,2025-10-12,2345.2999999999997
5012,40,Basic,Indicação,Sudeste,21.31,2,28,49.9,No,2023-04-18,1397.2
5013,41,Pro,Orgânico,Sul,33.44,3,42,89.9,No,2023-12-14,3775.8
5014,28,Basic,Orgânico,Nordeste,17.81,1,39,199.9,No,2025-11-17,7796.1
5015,63,Pro,Google Ads,Sudeste,13.63,1,19,89.9,No,2023-10-03,1708.1000000000001
5016,51,Basic,Instagram,Sul,24.36,3,20,49.9,No,2024-08-01,998.0
5017,45,Enterprise,Instagram,Sudeste,13.86,3,4,89.9,Yes,2025-06-30,359.6
5018,22,Enterprise,Orgânico,Sul,13.91,0,27,89.9,No,2025-03-18,2427.3
5019,22,Enterprise,LinkedIn,Norte,5.35,4,1,199.9,No,2025-07-11,199.9
5020,38,Basic,Google Ads,Sul,34.32,5,27,49.9,No,2025-03-10,1347.3
5021,29,Pro,Instagram,Sul,10.5,1,46,89.9,No,2023-09-16,4135.400000000001
5022,21,Enterprise,Orgânico,Nordeste,17.44,0,41,89.9,No,2023-03-29,3685.9
5023,59,Enterprise,Orgânico,Sudeste,6.94,2,28,89.9,No,2023-09-03,2517.2000000000003
5024,37,Pro,Orgânico,Norte,12.86,0,35,49.9,No,2023-01-04,1746.5
5025,55,Basic,Instagram,Sudeste,13.78,5,39,89.9,No,2024-05-09,3506.1000000000004
5026,42,Pro,Indicação,Sul,27.74,0,1,89.9,No,2024-03-24,89.9
5027,31,Pro,Instagram,Sul,58.24,3,47,89.9,No,2024-12-31,4225.3
5028,28,Basic,Google Ads,Sudeste,23.48,2,3,49.9,No,2025-02-24,149.7
5029,49,Pro,Google Ads,Sudeste,37.87,3,4,49.9,Yes,2023-02-06,199.6
5030,28,Pro,Google Ads,Sul,15.5,1,27,49.9,No,2023-08-28,1347.3
5031,35,Pro,Indicação,Sudeste,29.08,3,37,89.9,No,2023-08-14,3326.3
5032,44,Pro,Orgânico,Sudeste,32.8,2,23,89.9,No,2023-11-21,2067.7000000000003
5033,35,Pro,Google Ads,Sudeste,7.04,1,27,49.9,No,2024-11-22,1347.3
5034,40,Enterprise,Orgânico,Sudeste,16.36,1,25,199.9,No,2025-08-17,4997.5
5035,28,Pro,Instagram,Sudeste,17.62,1,18,199.9,No,2023-03-25,3598.2000000000003
5036,38,Pro,Instagram,Sudeste,18.59,0,38,49.9,No,2024-10-18,1896.2
5037,61,Pro,Instagram,Sul,23.23,4,2,49.9,No,2023-03-25,99.8
5038,22,Pro,Instagram,Nordeste,18.73,3,10,89.9,No,2023-09-24,899.0
5039,40,Pro,Instagram,Sudeste,21.97,3,44,89.9,No,2025-05-12,3955.6000000000004
5040,58,Pro,Indicação,Sul,34.37,3,34,199.9,No,2023-01-24,6796.6
5041,42,Pro,Orgânico,Sudeste,25.35,1,26,199.9,No,2025-05-31,5197.400000000001
5042,58,Pro,Orgânico,Sudeste,10.62,5,27,199.9,No,2024-09-24,5397.3
5043,27,Basic,Instagram,Nordeste,16.55,2,32,89.9,No,2023-01-26,2876.8
5044,39,Basic,Orgânico,Sul,8.36,2,37,49.9,No,2024-02-03,1846.3
5045,36,Basic,Indicação,Sudeste,28.88,4,11,89.9,No,2023-02-10,988.9000000000001
5046,18,Enterprise,Orgânico,Sudeste,25.35,3,29,89.9,No,2025-12-21,2607.1000000000004
5047,24,Basic,Instagram,Norte,17.25,2,13,49.9,No,2025-03-13,648.6999999999999
5048,21,Basic,Orgânico,Sudeste,19.54,1,8,89.9,No,2025-08-09,719.2
5049,18,Basic,Indicação,Centro-Oeste,9.72,3,24,199.9,No,2024-09-22,4797.6
5050,32,Pro,Orgânico,Sudeste,20.77,1,29,49.9,No,2024-09-30,1447.1
5051,57,Basic,Google Ads,Sudeste,26.53,3,1,89.9,No,2024-11-03,89.9
5052,29,Pro,LinkedIn,Sudeste,21.04,1,13,199.9,No,2024-03-13,2598.7000000000003
5053,39,Basic,LinkedIn,Sul,13.36,1,25,49.9,No,2023-05-24,1247.5
5054,39,Pro,Google Ads,Sudeste,26.36,1,37,199.9,No,2024-08-11,7396.3
5055,64,Enterprise,Instagram,Sudeste,27.56,1,7,89.9,No,2025-03-29,629.3000000000001
5056,34,Enterprise,Orgânico,Sudeste,23.97,3,22,89.9,No,2024-02-06,1977.8000000000002
5057,46,Basic,Instagram,Sudeste,37.61,0,33,89.9,No,2024-10-15,2966.7000000000003
5058,63,Pro,Google Ads,Sudeste,26.5,2,47,49.9,No,2023-10-02,2345.2999999999997
5059,31,Pro,LinkedIn,Sul,12.63,1,15,89.9,No,2023-08-10,1348.5
5060,37,Basic,Google Ads,Sul,21.07,5,3,89.9,No,2023-04-28,269.70000000000005
5061,50,Basic,LinkedIn,Sudeste,31.09,4,8,49.9,No,2024-08-03,399.2
5062,60,Basic,LinkedIn,Sudeste,14.81,0,39,49.9,No,2025-10-04,1946.1
5063,32,Pro,Instagram,Sudeste,25.56,3,48,199.9,No,2023-04-02,9595.2
5064,29,Basic,Orgânico,Centro-Oeste,12.31,3,1,89.9,Yes,2025-08-17,89.9
5065,57,Pro,Google Ads,Sudeste,17.05,1,12,89.9,No,2023-06-15,1078.8000000000002
5066,37,Pro,Orgânico,Norte,28.24,0,31,199.9,No,2025-08-26,6196.900000000001
5067,47,Pro,Orgânico,Nordeste,27.33,2,28,89.9,No,2023-11-27,2517.2000000000003
5068,55,Pro,Google Ads,Nordeste,36.23,5,19,49.9,No,2025-11-13,948.1
5069,20,Pro,Orgânico,Sul,12.45,1,18,49.9,No,2024-12-26,898.1999999999999
5070,45,Pro,LinkedIn,Centro-Oeste,7.7,2,13,89.9,No,2023-06-30,1168.7
5071,43,Pro,LinkedIn,Centro-Oeste,30.12,2,35,49.9,No,2023-06-17,1746.5
5072,47,Basic,Google Ads,Nordeste,42.43,1,38,49.9,No,2024-03-24,1896.2
5073,30,Basic,Instagram,Sudeste,8.9,2,22,89.9,No,2024-05-24,1977.8000000000002
5074,30,Enterprise,Orgânico,Centro-Oeste,22.07,1,41,199.9,No,2025-03-23,8195.9
5075,19,Enterprise,Google Ads,Centro-Oeste,4.61,1,41,89.9,No,2023-04-24,3685.9
5076,54,Pro,Google Ads,Sudeste,24.94,1,13,49.9,No,2023-05-08,648.6999999999999
5077,55,Basic,Google Ads,Centro-Oeste,34.19,0,36,49.9,No,2024-02-19,1796.3999999999999
5078,19,Basic,LinkedIn,Sul,10.11,3,41,89.9,No,2025-02-15,3685.9
5079,53,Basic,Orgânico,Centro-Oeste,18.39,1,47,89.9,No,2024-10-14,4225.3
5080,43,Enterprise,LinkedIn,Centro-Oeste,12.94,0,47,89.9,No,2023-07-16,4225.3
5081,28,Pro,Google Ads,Sudeste,13.92,0,6,199.9,No,2024-04-19,1199.4
5082,25,Enterprise,Instagram,Nordeste,14.34,2,8,89.9,No,2025-07-03,719.2
5083,61,Pro,Instagram,Nordeste,20.7,2,24,49.9,No,2025-11-04,1197.6
5084,57,Basic,Google Ads,Sudeste,14.43,6,37,199.9,No,2023-03-24,7396.3
5085,60,Basic,LinkedIn,Sul,21.43,1,16,89.9,No,2023-06-05,1438.4
5086,39,Basic,Google Ads,Centro-Oeste,25.32,1,19,89.9,No,2024-05-12,1708.1000000000001
5087,37,Pro,Orgânico,Sudeste,19.14,2,38,89.9,No,2024-06-14,3416.2000000000003
5088,25,Basic,LinkedIn,Sudeste,22.68,0,46,49.9,No,2024-12-20,2295.4
5089,46,Pro,Orgânico,Nordeste,27.96,1,48,89.9,No,2025-07-19,4315.200000000001
5090,57,Pro,Orgânico,Norte,35.61,1,3,199.9,No,2024-02-21,599.7
5091,43,Basic,Orgânico,Sudeste,4.18,0,22,89.9,Yes,2024-11-07,1977.8000000000002
5092,47,Basic,Google Ads,Sul,25.71,1,36,49.9,No,2023-06-26,1796.3999999999999
5093,34,Basic,Orgânico,Sudeste,9.19,2,22,89.9,No,2023-12-06,1977.8000000000002
5094,37,Pro,Orgânico,Centro-Oeste,22.46,1,23,49.9,No,2024-10-25,1147.7
5095,33,Pro,Orgânico,Nordeste,11.21,2,1,49.9,No,2025-11-14,49.9
5096,63,Basic,Google Ads,Sudeste,17.35,4,22,49.9,Yes,2023-03-05,1097.8
5097,60,Enterprise,Google Ads,Sudeste,5.1,2,16,89.9,No,2023-12-10,1438.4
5098,24,Pro,Orgânico,Sudeste,16.98,0,42,89.9,No,2024-07-21,3775.8
5099,33,Pro,Google Ads,Centro-Oeste,8.38,2,46,199.9,No,2025-02-23,9195.4
5100,62,Pro,Google Ads,Sul,12.06,2,3,89.9,Yes,2025-10-20,269.70000000000005
5101,64,Pro,Instagram,Nordeste,34.5,1,2,49.9,No,2025-03-25,99.8
5102,44,Pro,Orgânico,Sudeste,16.91,2,39,199.9,No,2023-11-30,7796.1
5103,40,Basic,LinkedIn,Nordeste,5.92,5,10,49.9,Yes,2024-08-14,499.0
5104,41,Basic,Orgânico,Sudeste,22.19,3,36,49.9,No,2024-02-29,1796.3999999999999
5105,26,Pro,Instagram,Centro-Oeste,13.24,2,39,49.9,No,2024-03-30,1946.1
5106,52,Pro,Google Ads,Norte,17.84,1,40,49.9,No,2023-04-30,1996.0
5107,37,Pro,LinkedIn,Norte,32.81,4,16,49.9,No,2024-06-20,798.4
5108,54,Enterprise,Indicação,Norte,19.33,2,13,49.9,No,2024-02-18,648.6999999999999
5109,59,Enterprise,Instagram,Sul,22.24,0,34,89.9,Yes,2025-07-31,3056.6000000000004
5110,34,Basic,Instagram,Sudeste,12.42,1,42,89.9,No,2023-03-23,3775.8
5111,64,Basic,Google Ads,Sul,18.48,2,22,49.9,No,2023-09-01,1097.8
5112,48,Basic,Instagram,Sudeste,24.7,3,19,199.9,No,2023-12-30,3798.1
5113,25,Pro,Indicação,Sudeste,22.86,0,18,89.9,No,2025-09-10,1618.2
5114,32,Basic,Instagram,Centro-Oeste,6.37,2,48,199.9,No,2025-06-09,9595.2
5115,48,Basic,Google Ads,Nordeste,8.89,5,10,89.9,Yes,2025-01-17,899.0
5116,47,Basic,Google Ads,Sudeste,18.6,5,19,49.9,No,2024-05-05,948.1
5117,63,Basic,Instagram,Nordeste,27.63,5,27,89.9,Yes,2023-02-04,2427.3
5118,37,Basic,Orgânico,Sul,14.26,1,45,89.9,No,2025-04-27,4045.5000000000005
5119,56,Basic,Instagram,Nordeste,25.43,1,14,199.9,No,2024-08-12,2798.6
5120,29,Pro,Google Ads,Sudeste,22.61,2,12,89.9,No,2024-09-09,1078.8000000000002
5121,34,Basic,Instagram,Sudeste,25.55,1,45,199.9,No,2023-03-15,8995.5
5122,59,Basic,Indicação,Sudeste,7.27,3,12,89.9,No,2023-10-04,1078.8000000000002
5123,47,Pro,LinkedIn,Nordeste,39.53,0,22,49.9,No,2023-08-08,1097.8
5124,46,Pro,Instagram,Norte,14.47,1,9,89.9,No,2023-09-03,809.1
5125,36,Basic,Indicação,Sudeste,12.42,3,35,89.9,No,2025-09-26,3146.5
5126,63,Basic,Indicação,Sul,14.98,1,45,89.9,No,2025-11-19,4045.5000000000005
5127,28,Pro,Google Ads,Centro-Oeste,18.4,1,14,49.9,No,2023-06-10,698.6
5128,51,Basic,Google Ads,Sudeste,10.51,1,24,49.9,Yes,2025-12-13,1197.6
5129,24,Basic,LinkedIn,Sudeste,9.34,3,3,89.9,Yes,2025-10-08,269.70000000000005
5130,61,Basic,Indicação,Sul,13.8,1,36,89.9,No,2025-11-21,3236.4
5131,51,Basic,Orgânico,Nordeste,7.43,2,48,49.9,No,2023-04-09,2395.2
5132,37,Pro,Instagram,Sudeste,8.43,2,26,89.9,No,2024-06-28,2337.4
5133,55,Enterprise,Orgânico,Sudeste,16.43,1,46,49.9,No,2023-09-12,2295.4
5134,41,Pro,Google Ads,Sudeste,16.82,2,46,49.9,No,2023-10-20,2295.4
5135,27,Pro,Orgânico,Norte,15.13,2,26,199.9,No,2024-03-01,5197.400000000001
5136,49,Basic,Indicação,Sudeste,10.64,3,40,49.9,No,2024-02-25,1996.0
5137,32,Pro,Indicação,Nordeste,12.9,3,46,49.9,No,2024-08-16,2295.4
5138,54,Basic,Google Ads,Sudeste,14.37,6,35,49.9,No,2023-10-12,1746.5
5139,37,Basic,Google Ads,Sudeste,13.14,2,7,199.9,No,2025-06-09,1399.3
5140,20,Pro,Indicação,Norte,9.16,2,29,49.9,No,2025-06-06,1447.1
5141,54,Enterprise,Google Ads,Sul,35.47,3,5,89.9,No,2024-08-07,449.5
5142,57,Basic,Google Ads,Nordeste,6.97,1,30,49.9,Yes,2025-07-16,1497.0
5143,25,Pro,Google Ads,Norte,9.67,2,12,49.9,No,2024-08-10,598.8
5144,57,Basic,Google Ads,Centro-Oeste,9.02,0,25,199.9,No,2023-06-23,4997.5
5145,61,Basic,Indicação,Sul,23.12,1,14,199.9,No,2023-04-05,2798.6
5146,40,Basic,Instagram,Nordeste,27.88,0,31,199.9,No,2023-08-13,6196.900000000001
5147,57,Pro,Instagram,Nordeste,19.26,2,43,49.9,No,2025-10-21,2145.7
5148,28,Pro,Instagram,Norte,8.44,2,48,49.9,Yes,2024-04-25,2395.2
5149,63,Pro,Orgânico,Nordeste,7.52,1,47,199.9,No,2023-10-30,9395.300000000001
5150,25,Basic,Orgânico,Sudeste,19.11,5,12,49.9,Yes,2023-11-17,598.8
5151,46,Basic,LinkedIn,Centro-Oeste,10.44,0,3,89.9,No,2023-12-21,269.70000000000005
5152,47,Pro,LinkedIn,Sudeste,10.36,0,25,89.9,No,2023-05-20,2247.5
5153,27,Basic,Instagram,Sudeste,18.0,2,45,89.9,No,2025-11-23,4045.5000000000005
5154,56,Basic,LinkedIn,Centro-Oeste,11.74,3,23,49.9,No,2025-09-13,1147.7
5155,45,Enterprise,Indicação,Nordeste,28.35,0,30,49.9,No,2024-01-23,1497.0
5156,53,Pro,LinkedIn,Centro-Oeste,29.24,4,5,89.9,No,2025-10-17,449.5
5157,30,Basic,Instagram,Nordeste,32.14,0,33,49.9,No,2025-07-24,1646.7
5158,49,Basic,LinkedIn,Sudeste,22.66,3,40,199.9,No,2025-05-26,7996.0
5159,53,Basic,Orgânico,Sudeste,18.53,2,12,89.9,No,2025-10-03,1078.8000000000002
5160,54,Pro,Orgânico,Sudeste,19.37,0,30,49.9,No,2023-11-04,1497.0
5161,43,Pro,Orgânico,Sudeste,26.0,2,17,89.9,No,2024-01-20,1528.3000000000002
5162,39,Pro,Instagram,Sudeste,41.86,2,15,49.9,No,2025-01-18,748.5
5163,21,Basic,Google Ads,Norte,37.31,3,43,49.9,No,2025-07-14,2145.7
5164,48,Basic,Orgânico,Sudeste,13.82,1,3,49.9,No,2025-08-11,149.7
5165,35,Enterprise,Google Ads,Sudeste,15.39,2,43,89.9,No,2023-08-09,3865.7000000000003
5166,55,Enterprise,Indicação,Sudeste,23.91,4,11,199.9,Yes,2023-05-03,2198.9
5167,41,Pro,Instagram,Centro-Oeste,53.98,0,14,89.9,No,2023-07-15,1258.6000000000001
5168,40,Basic,LinkedIn,Sudeste,9.85,1,17,49.9,Yes,2025-08-31,848.3
5169,39,Pro,LinkedIn,Sudeste,15.85,3,32,89.9,No,2025-06-19,2876.8
5170,19,Enterprise,Orgânico,Sudeste,12.11,1,35,89.9,No,2023-04-08,3146.5
5171,48,Pro,Google Ads,Sudeste,32.72,2,30,49.9,No,2024-10-15,1497.0
5172,28,Pro,Orgânico,Nordeste,11.44,1,5,49.9,Yes,2025-06-21,249.5
5173,45,Basic,Orgânico,Sudeste,8.56,3,13,49.9,No,2024-08-07,648.6999999999999
5174,63,Basic,Orgânico,Sul,13.54,1,34,49.9,No,2023-03-14,1696.6
5175,49,Basic,LinkedIn,Norte,13.01,3,21,89.9,No,2024-08-12,1887.9
5176,22,Enterprise,LinkedIn,Sul,26.37,3,26,89.9,No,2023-03-03,2337.4
5177,55,Pro,Orgânico,Sul,5.07,2,38,49.9,No,2023-07-16,1896.2
5178,27,Pro,LinkedIn,Nordeste,29.86,2,6,49.9,No,2023-01-21,299.4
5179,57,Basic,LinkedIn,Nordeste,29.7,2,4,49.9,No,2023-08-15,199.6
5180,63,Enterprise,Instagram,Sul,10.73,2,18,89.9,No,2024-11-10,1618.2
5181,41,Pro,Google Ads,Centro-Oeste,7.94,3,31,199.9,Yes,2024-01-12,6196.900000000001
5182,52,Basic,Instagram,Sul,16.08,2,24,199.9,No,2024-06-13,4797.6
5183,61,Enterprise,Indicação,Norte,7.53,3,9,199.9,No,2025-04-05,1799.1000000000001
5184,40,Basic,Indicação,Centro-Oeste,24.59,1,27,199.9,No,2023-06-16,5397.3
5185,34,Basic,Google Ads,Sudeste,4.51,0,8,89.9,No,2025-08-04,719.2
5186,18,Basic,Orgânico,Sudeste,16.2,4,26,49.9,No,2024-02-28,1297.3999999999999
5187,48,Enterprise,LinkedIn,Sudeste,14.9,0,13,89.9,No,2025-08-05,1168.7
5188,48,Enterprise,LinkedIn,Centro-Oeste,42.06,2,45,89.9,No,2024-05-29,4045.5000000000005
5189,59,Basic,Orgânico,Nordeste,17.67,3,5,49.9,No,2023-06-02,249.5
5190,59,Pro,Instagram,Norte,5.92,0,19,49.9,No,2024-06-15,948.1
5191,51,Pro,Orgânico,Sudeste,36.01,3,47,49.9,No,2024-06-04,2345.2999999999997
5192,26,Pro,LinkedIn,Nordeste,13.74,4,14,89.9,No,2024-06-10,1258.6000000000001
5193,39,Basic,Indicação,Sudeste,26.93,2,45,49.9,No,2024-02-18,2245.5
5194,30,Pro,Instagram,Sudeste,14.17,6,37,199.9,No,2024-09-03,7396.3
5195,42,Pro,Instagram,Centro-Oeste,16.82,1,32,49.9,No,2023-05-31,1596.8
5196,35,Basic,LinkedIn,Sul,21.05,1,15,49.9,No,2025-07-02,748.5
5197,29,Basic,Instagram,Sudeste,20.03,4,27,199.9,Yes,2024-08-17,5397.3
5198,57,Pro,Google Ads,Nordeste,7.08,0,17,199.9,No,2024-08-15,3398.3
5199,34,Basic,Orgânico,Sudeste,57.52,1,34,89.9,No,2025-03-27,3056.6000000000004
5200,32,Enterprise,LinkedIn,Norte,36.32,3,27,199.9,No,2023-01-04,5397.3
5201,59,Basic,Orgânico,Sul,8.71,2,27,49.9,No,2023-09-30,1347.3
5202,32,Enterprise,LinkedIn,Sudeste,13.16,2,8,89.9,No,2025-04-11,719.2
5203,32,Basic,LinkedIn,Sudeste,23.82,3,48,89.9,No,2023-10-26,4315.200000000001
5204,56,Basic,Orgânico,Sudeste,36.27,1,26,89.9,No,2025-05-27,2337.4
5205,30,Basic,Orgânico,Norte,15.51,1,38,49.9,Yes,2025-05-29,1896.2
5206,34,Pro,Instagram,Sudeste,14.39,1,14,89.9,No,2025-12-28,1258.6000000000001
5207,49,Pro,Orgânico,Sudeste,17.65,1,9,49.9,No,2023-11-08,449.09999999999997
5208,26,Basic,Instagram,Sudeste,9.98,2,12,89.9,Yes,2023-11-28,1078.8000000000002
5209,57,Basic,Google Ads,Nordeste,19.1,3,15,49.9,No,2023-02-19,748.5
5210,37,Pro,LinkedIn,Sudeste,17.28,1,34,49.9,No,2023-11-27,1696.6
5211,43,Pro,Orgânico,Centro-Oeste,7.81,4,45,49.9,No,2024-07-09,2245.5
5212,44,Pro,Orgânico,Nordeste,22.47,4,22,49.9,No,2025-11-13,1097.8
5213,38,Basic,Google Ads,Sul,29.1,3,12,49.9,No,2024-08-29,598.8
5214,35,Pro,Orgânico,Norte,20.02,2,25,199.9,No,2023-12-19,4997.5
5215,30,Pro,Orgânico,Nordeste,12.69,0,33,89.9,No,2023-08-12,2966.7000000000003
5216,33,Enterprise,Instagram,Sudeste,11.09,1,48,89.9,No,2024-05-02,4315.200000000001
5217,26,Pro,Indicação,Nordeste,32.36,3,42,89.9,No,2023-04-09,3775.8
5218,29,Basic,LinkedIn,Nordeste,34.97,1,44,49.9,No,2024-06-18,2195.6
5219,61,Basic,Google Ads,Nordeste,26.97,1,40,49.9,No,2024-07-10,1996.0
5220,55,Pro,Orgânico,Sudeste,46.76,1,4,49.9,No,2024-09-26,199.6
5221,36,Pro,Instagram,Nordeste,16.66,0,5,89.9,No,2023-11-01,449.5
5222,24,Enterprise,Instagram,Sul,11.18,1,16,49.9,No,2024-09-11,798.4
5223,52,Pro,Google Ads,Sul,7.22,2,46,49.9,No,2024-10-09,2295.4
5224,35,Pro,Indicação,Nordeste,10.09,1,45,199.9,No,2023-12-21,8995.5
5225,33,Basic,LinkedIn,Nordeste,22.27,5,4,89.9,No,2025-09-11,359.6
5226,56,Basic,Instagram,Sudeste,20.2,3,19,49.9,No,2025-09-14,948.1
5227,21,Basic,Indicação,Sudeste,19.65,2,44,89.9,No,2025-02-28,3955.6000000000004
5228,42,Basic,Google Ads,Nordeste,7.38,1,13,89.9,No,2024-03-09,1168.7
5229,49,Pro,Orgânico,Norte,41.49,3,3,49.9,No,2025-08-27,149.7
5230,57,Basic,LinkedIn,Sudeste,35.04,3,5,89.9,No,2023-03-08,449.5
5231,30,Basic,Instagram,Sul,15.81,3,15,49.9,No,2023-06-05,748.5
5232,62,Basic,Google Ads,Nordeste,22.75,1,27,199.9,No,2024-12-06,5397.3
5233,34,Basic,Google Ads,Sudeste,6.54,4,33,49.9,Yes,2025-05-22,1646.7
5234,54,Basic,Orgânico,Sul,7.46,3,20,49.9,No,2024-11-11,998.0
5235,23,Pro,LinkedIn,Centro-Oeste,2.12,2,41,49.9,No,2024-11-14,2045.8999999999999
5236,36,Basic,Indicação,Sudeste,25.97,0,34,49.9,No,2024-03-30,1696.6
5237,30,Pro,Google Ads,Sudeste,16.19,2,17,49.9,No,2025-10-07,848.3
5238,43,Pro,Indicação,Nordeste,21.0,1,41,49.9,No,2023-01-17,2045.8999999999999
5239,31,Enterprise,Orgânico,Sudeste,15.01,0,7,89.9,No,2025-03-08,629.3000000000001
5240,48,Basic,Instagram,Sul,20.93,2,44,49.9,No,2023-02-13,2195.6
5241,21,Basic,LinkedIn,Sudeste,2.63,0,37,199.9,Yes,2024-03-26,7396.3
5242,56,Basic,Orgânico,Sul,39.37,1,44,49.9,No,2023-03-02,2195.6
5243,25,Pro,Indicação,Sudeste,20.6,2,40,49.9,No,2024-10-26,1996.0
5244,42,Enterprise,Google Ads,Sudeste,38.15,2,37,49.9,No,2024-09-20,1846.3
5245,30,Pro,Instagram,Nordeste,11.78,3,15,89.9,No,2023-02-04,1348.5
5246,49,Pro,Google Ads,Nordeste,16.15,1,34,89.9,No,2025-10-08,3056.6000000000004
5247,55,Basic,Orgânico,Sudeste,11.63,1,3,89.9,No,2023-06-28,269.70000000000005
5248,55,Pro,Indicação,Sudeste,32.87,0,2,199.9,No,2023-07-18,399.8
5249,45,Basic,Orgânico,Sudeste,11.67,2,43,89.9,No,2025-10-05,3865.7000000000003
5250,47,Pro,Google Ads,Centro-Oeste,31.25,4,38,49.9,No,2024-06-17,1896.2
5251,20,Pro,Instagram,Sudeste,41.67,3,34,49.9,No,2025-04-01,1696.6
5252,45,Basic,Google Ads,Nordeste,11.88,3,35,49.9,No,2024-08-20,1746.5
5253,20,Basic,Instagram,Sudeste,53.46,3,48,199.9,No,2025-05-08,9595.2
5254,62,Pro,Google Ads,Norte,17.82,1,20,89.9,No,2023-11-27,1798.0
5255,51,Basic,Instagram,Sudeste,4.56,0,17,199.9,Yes,2024-03-21,3398.3
5256,33,Basic,Orgânico,Nordeste,13.62,3,31,49.9,No,2023-07-11,1546.8999999999999
5257,39,Basic,Google Ads,Centro-Oeste,25.27,2,17,89.9,No,2024-02-01,1528.3000000000002
5258,49,Basic,LinkedIn,Sudeste,21.61,0,10,89.9,No,2025-10-18,899.0
5259,55,Pro,Orgânico,Centro-Oeste,16.67,4,23,49.9,No,2024-10-06,1147.7
5260,25,Pro,Orgânico,Nordeste,30.96,0,30,49.9,No,2024-10-27,1497.0
5261,25,Pro,Instagram,Centro-Oeste,12.19,2,37,49.9,No,2025-07-19,1846.3
5262,23,Basic,Orgânico,Nordeste,11.89,1,44,89.9,No,2023-09-10,3955.6000000000004
5263,31,Pro,Instagram,Sudeste,7.44,3,2,89.9,Yes,2023-05-15,179.8
5264,49,Enterprise,Instagram,Sudeste,19.43,2,41,89.9,No,2024-01-26,3685.9
5265,52,Basic,Orgânico,Sudeste,26.46,2,6,89.9,No,2025-01-26,539.4000000000001
5266,27,Basic,Orgânico,Nordeste,15.28,1,39,49.9,No,2023-01-11,1946.1
5267,20,Enterprise,Orgânico,Sul,22.42,1,13,49.9,No,2025-02-17,648.6999999999999
5268,29,Basic,Orgânico,Nordeste,24.82,0,41,89.9,No,2025-01-09,3685.9
5269,48,Basic,Google Ads,Sudeste,16.16,2,24,89.9,No,2023-03-08,2157.6000000000004
5270,46,Basic,LinkedIn,Sul,28.66,0,3,49.9,No,2023-02-14,149.7
5271,22,Basic,Instagram,Sudeste,12.97,3,29,89.9,No,2023-07-14,2607.1000000000004
5272,42,Basic,LinkedIn,Sudeste,19.45,1,16,49.9,No,2023-10-30,798.4
5273,58,Basic,Google Ads,Sudeste,38.77,2,24,49.9,No,2025-03-04,1197.6
5274,48,Pro,Instagram,Sudeste,21.94,2,4,199.9,No,2024-06-25,799.6
5275,38,Basic,Orgânico,Sudeste,21.54,2,7,49.9,No,2024-11-30,349.3
5276,37,Pro,Orgânico,Nordeste,25.71,2,20,49.9,No,2023-02-13,998.0
5277,56,Basic,Indicação,Sudeste,22.26,0,15,49.9,No,2023-05-03,748.5
5278,39,Enterprise,LinkedIn,Sudeste,30.69,1,9,89.9,No,2023-06-29,809.1
5279,21,Enterprise,Indicação,Nordeste,14.58,4,39,199.9,No,2023-05-07,7796.1
5280,30,Pro,Indicação,Sul,16.1,3,35,89.9,No,2024-07-22,3146.5
5281,62,Enterprise,Orgânico,Sudeste,19.0,2,3,199.9,No,2025-04-22,599.7
5282,59,Pro,Google Ads,Sudeste,18.36,2,25,49.9,No,2025-02-13,1247.5
5283,37,Enterprise,Instagram,Sudeste,17.59,3,3,49.9,No,2024-05-15,149.7
5284,30,Basic,Orgânico,Sul,24.26,6,15,49.9,Yes,2025-08-24,748.5
5285,34,Basic,Orgânico,Sul,14.1,0,11,49.9,No,2024-08-26,548.9
5286,53,Pro,LinkedIn,Sudeste,12.08,0,24,199.9,No,2025-04-02,4797.6
5287,50,Basic,Google Ads,Sul,23.77,0,6,49.9,No,2024-01-06,299.4
5288,18,Pro,Orgânico,Sudeste,15.57,2,21,49.9,No,2023-11-26,1047.8999999999999
5289,32,Enterprise,LinkedIn,Sudeste,20.34,0,14,89.9,No,2024-01-31,1258.6000000000001
5290,30,Basic,Orgânico,Sudeste,62.27,2,27,89.9,No,2023-05-04,2427.3
5291,34,Pro,LinkedIn,Sul,55.9,0,13,49.9,No,2024-03-08,648.6999999999999
5292,41,Basic,Google Ads,Centro-Oeste,38.93,2,23,49.9,No,2023-07-07,1147.7
5293,25,Basic,Google Ads,Nordeste,29.9,1,2,89.9,No,2024-10-20,179.8
5294,44,Pro,LinkedIn,Nordeste,46.9,0,45,199.9,Yes,2024-03-06,8995.5
5295,62,Basic,Google Ads,Nordeste,19.42,3,31,89.9,No,2024-06-02,2786.9
5296,40,Pro,Google Ads,Centro-Oeste,17.38,2,13,89.9,No,2024-05-19,1168.7
5297,63,Pro,Instagram,Sudeste,36.43,0,16,89.9,No,2025-07-07,1438.4
5298,25,Basic,Instagram,Sudeste,9.15,3,1,89.9,No,2023-03-21,89.9
5299,25,Pro,Instagram,Sudeste,17.96,1,2,89.9,Yes,2024-01-01,179.8
5300,43,Pro,Google Ads,Sudeste,6.51,2,32,49.9,No,2023-07-28,1596.8
5301,64,Basic,Orgânico,Sul,24.69,2,2,49.9,No,2024-01-25,99.8
5302,30,Basic,Google Ads,Norte,17.82,2,4,49.9,No,2025-11-14,199.6
5303,56,Enterprise,Instagram,Norte,27.62,3,2,89.9,No,2025-04-02,179.8
5304,54,Pro,Instagram,Sul,46.84,4,4,49.9,No,2023-10-15,199.6
5305,45,Basic,Orgânico,Sudeste,11.95,1,13,49.9,No,2023-09-06,648.6999999999999
5306,42,Basic,Instagram,Sudeste,17.05,5,45,49.9,No,2024-09-17,2245.5
5307,33,Pro,Google Ads,Centro-Oeste,5.72,0,1,49.9,No,2025-12-19,49.9
5308,19,Pro,Google Ads,Centro-Oeste,25.45,0,3,89.9,No,2024-12-20,269.70000000000005
5309,35,Basic,Indicação,Sul,13.24,3,15,49.9,No,2024-11-05,748.5
5310,34,Pro,Indicação,Centro-Oeste,16.12,0,3,89.9,No,2024-10-16,269.70000000000005
5311,47,Pro,Instagram,Centro-Oeste,26.83,3,33,199.9,No,2025-06-04,6596.7
5312,56,Pro,Google Ads,Sudeste,31.02,2,14,49.9,No,2023-11-12,698.6
5313,30,Basic,Instagram,Sudeste,16.25,5,10,89.9,No,2023-07-11,899.0
5314,49,Pro,LinkedIn,Norte,12.8,3,23,49.9,No,2024-09-05,1147.7
5315,46,Basic,Indicação,Nordeste,14.9,3,43,89.9,No,2025-09-17,3865.7000000000003
5316,63,Enterprise,Google Ads,Sudeste,12.49,2,8,199.9,No,2024-04-21,1599.2
5317,47,Pro,LinkedIn,Sul,13.77,2,1,49.9,No,2025-11-02,49.9
5318,35,Pro,Instagram,Sudeste,22.13,5,45,199.9,Yes,2024-12-14,8995.5
5319,30,Pro,Indicação,Nordeste,22.34,2,28,49.9,No,2025-01-28,1397.2
5320,60,Basic,Indicação,Sul,28.17,2,11,49.9,No,2023-06-17,548.9
5321,38,Enterprise,Orgânico,Sudeste,19.61,3,9,199.9,No,2024-01-13,1799.1000000000001
5322,47,Basic,Instagram,Sudeste,18.11,3,43,89.9,No,2025-08-01,3865.7000000000003
5323,38,Pro,LinkedIn,Sudeste,3.84,1,11,49.9,No,2023-08-17,548.9
5324,34,Basic,Instagram,Sul,14.84,3,41,89.9,No,2025-01-07,3685.9
5325,57,Basic,Instagram,Sul,27.2,1,1,89.9,No,2024-07-13,89.9
5326,36,Pro,Google Ads,Sudeste,15.45,5,40,89.9,No,2023-11-25,3596.0
5327,32,Pro,Instagram,Nordeste,16.02,1,3,49.9,Yes,2023-08-14,149.7
5328,26,Pro,Google Ads,Sudeste,12.41,1,23,199.9,No,2023-06-22,4597.7
5329,27,Pro,Orgânico,Sudeste,29.68,2,19,89.9,No,2025-11-21,1708.1000000000001
5330,61,Basic,Indicação,Nordeste,22.41,1,45,199.9,No,2024-07-28,8995.5
5331,48,Enterprise,Google Ads,Sudeste,18.24,2,9,49.9,No,2023-07-12,449.09999999999997
5332,40,Basic,Google Ads,Sul,35.84,1,37,89.9,No,2025-12-01,3326.3
5333,47,Pro,Instagram,Sudeste,10.73,3,6,89.9,No,2024-03-07,539.4000000000001
5334,50,Pro,Instagram,Nordeste,21.93,1,16,49.9,No,2024-05-20,798.4
5335,26,Basic,Instagram,Centro-Oeste,21.17,2,45,49.9,Yes,2025-12-15,2245.5
5336,64,Basic,LinkedIn,Sul,6.63,1,19,49.9,No,2025-10-31,948.1
5337,18,Basic,Orgânico,Centro-Oeste,23.71,1,19,199.9,No,2024-10-28,3798.1
5338,61,Basic,LinkedIn,Norte,20.55,3,43,49.9,No,2024-09-21,2145.7
5339,52,Basic,LinkedIn,Sul,17.06,3,40,199.9,No,2023-09-05,7996.0
5340,28,Basic,Orgânico,Centro-Oeste,6.25,1,3,49.9,No,2023-03-11,149.7
5341,51,Basic,Google Ads,Sudeste,5.07,4,44,89.9,No,2023-05-09,3955.6000000000004
5342,33,Pro,Google Ads,Sudeste,7.48,3,13,49.9,No,2025-09-04,648.6999999999999
5343,26,Pro,LinkedIn,Sudeste,18.71,1,26,89.9,No,2023-11-12,2337.4
5344,49,Basic,Indicação,Nordeste,11.26,5,20,199.9,Yes,2025-02-25,3998.0
5345,32,Basic,LinkedIn,Sudeste,10.98,4,23,49.9,No,2023-10-29,1147.7
5346,29,Basic,Google Ads,Sudeste,32.52,5,41,49.9,No,2024-08-30,2045.8999999999999
5347,50,Pro,Orgânico,Sudeste,21.97,0,47,49.9,Yes,2025-06-05,2345.2999999999997
5348,62,Pro,Instagram,Sul,23.01,1,19,49.9,No,2024-01-18,948.1
5349,31,Pro,Orgânico,Centro-Oeste,16.11,1,31,49.9,No,2023-03-19,1546.8999999999999
5350,25,Pro,Orgânico,Sul,3.46,1,6,49.9,No,2025-10-16,299.4
5351,25,Pro,Instagram,Sudeste,7.33,1,35,199.9,No,2025-07-01,6996.5
5352,44,Pro,Orgânico,Sudeste,18.31,2,6,89.9,No,2023-01-09,539.4000000000001
5353,29,Basic,Indicação,Sudeste,12.37,1,17,89.9,No,2025-11-28,1528.3000000000002
5354,18,Pro,Orgânico,Sudeste,22.04,2,1,49.9,Yes,2024-06-06,49.9
5355,60,Enterprise,Instagram,Nordeste,15.61,1,28,49.9,No,2023-09-24,1397.2
5356,57,Pro,Orgânico,Sudeste,26.64,4,44,49.9,No,2025-03-04,2195.6
5357,59,Pro,Google Ads,Sudeste,13.09,2,31,49.9,No,2025-08-22,1546.8999999999999
5358,28,Basic,Orgânico,Sudeste,7.62,1,44,49.9,No,2025-02-21,2195.6
5359,56,Enterprise,Instagram,Nordeste,48.77,1,16,49.9,No,2024-05-27,798.4
5360,60,Basic,Google Ads,Sudeste,20.61,2,4,89.9,No,2023-01-14,359.6
5361,48,Basic,Google Ads,Nordeste,32.14,2,3,89.9,No,2023-09-06,269.70000000000005
5362,34,Basic,Instagram,Sul,32.12,1,7,49.9,No,2024-10-28,349.3
5363,50,Enterprise,Instagram,Centro-Oeste,34.58,4,23,49.9,No,2023-02-21,1147.7
5364,49,Enterprise,Google Ads,Sul,17.2,4,4,49.9,No,2024-05-05,199.6
5365,46,Enterprise,Google Ads,Nordeste,6.13,2,20,89.9,No,2023-09-15,1798.0
5366,38,Pro,Instagram,Sudeste,18.48,1,13,199.9,No,2024-10-03,2598.7000000000003
5367,38,Pro,Instagram,Sudeste,33.69,3,8,89.9,No,2025-09-21,719.2
5368,57,Enterprise,Instagram,Sudeste,10.64,1,36,49.9,No,2025-08-22,1796.3999999999999
5369,40,Enterprise,Orgânico,Nordeste,23.9,3,34,49.9,No,2025-01-16,1696.6
5370,23,Pro,Indicação,Sul,29.91,1,4,49.9,No,2023-05-19,199.6
5371,39,Basic,Google Ads,Centro-Oeste,30.31,1,26,89.9,No,2024-02-07,2337.4
5372,55,Pro,LinkedIn,Norte,17.41,1,35,49.9,No,2024-11-17,1746.5
5373,54,Enterprise,Orgânico,Sul,15.3,1,20,199.9,No,2025-12-28,3998.0
5374,62,Enterprise,Google Ads,Norte,18.88,3,10,49.9,No,2023-07-19,499.0
5375,25,Enterprise,Instagram,Sul,14.25,0,6,89.9,No,2025-09-13,539.4000000000001
5376,58,Enterprise,LinkedIn,Nordeste,15.66,3,30,89.9,No,2025-06-18,2697.0
5377,52,Enterprise,Orgânico,Norte,19.23,0,3,89.9,No,2024-02-28,269.70000000000005
5378,28,Pro,LinkedIn,Norte,30.12,1,20,89.9,Yes,2024-07-02,1798.0
5379,41,Pro,Indicação,Sudeste,16.74,2,46,49.9,No,2023-04-08,2295.4
5380,38,Basic,Instagram,Nordeste,36.15,1,3,89.9,No,2023-10-09,269.70000000000005
5381,19,Pro,Orgânico,Sul,19.88,3,16,49.9,No,2024-01-31,798.4
5382,57,Pro,Instagram,Sudeste,22.15,0,4,89.9,No,2024-03-11,359.6
5383,36,Enterprise,Instagram,Sudeste,12.51,3,42,49.9,No,2024-08-08,2095.7999999999997
5384,56,Pro,LinkedIn,Sudeste,18.6,4,40,49.9,No,2023-02-12,1996.0
5385,45,Basic,Orgânico,Nordeste,11.93,1,39,49.9,No,2023-01-18,1946.1
5386,34,Basic,Google Ads,Sul,17.18,2,17,89.9,No,2023-08-27,1528.3000000000002
5387,23,Pro,Google Ads,Norte,17.8,2,48,49.9,No,2025-08-09,2395.2
5388,36,Pro,Indicação,Centro-Oeste,14.69,5,29,89.9,No,2023-09-18,2607.1000000000004
5389,55,Basic,LinkedIn,Nordeste,35.86,2,4,49.9,No,2024-05-03,199.6
5390,45,Basic,Instagram,Nordeste,21.32,2,10,89.9,No,2023-04-21,899.0
5391,19,Pro,Instagram,Nordeste,26.47,2,43,89.9,Yes,2025-01-24,3865.7000000000003
5392,55,Basic,Instagram,Sul,11.57,2,9,49.9,No,2023-07-14,449.09999999999997
5393,54,Basic,LinkedIn,Sudeste,7.74,3,11,89.9,No,2025-04-16,988.9000000000001
5394,21,Basic,Orgânico,Sudeste,23.98,0,1,49.9,No,2024-03-17,49.9
5395,39,Pro,Google Ads,Sul,12.08,0,31,199.9,No,2025-06-09,6196.900000000001
5396,43,Pro,Orgânico,Sudeste,30.07,1,17,89.9,No,2025-01-31,1528.3000000000002
5397,60,Basic,Instagram,Centro-Oeste,20.51,3,36,89.9,No,2024-12-05,3236.4
5398,53,Enterprise,Google Ads,Sudeste,18.37,0,47,89.9,No,2025-09-24,4225.3
5399,30,Basic,LinkedIn,Sudeste,20.41,4,18,89.9,No,2023-05-12,1618.2
5400,49,Basic,Indicação,Sudeste,18.33,2,7,89.9,No,2024-12-09,629.3000000000001
5401,34,Basic,Google Ads,Sul,31.93,3,26,49.9,No,2025-08-25,1297.3999999999999
5402,58,Basic,Indicação,Centro-Oeste,15.08,3,24,199.9,Yes,2023-08-16,4797.6
5403,53,Basic,Orgânico,Centro-Oeste,16.62,0,33,89.9,No,2024-08-22,2966.7000000000003
5404,63,Basic,Google Ads,Norte,24.03,2,26,49.9,No,2024-04-02,1297.3999999999999
5405,36,Pro,Google Ads,Sudeste,17.03,0,29,89.9,No,2024-05-02,2607.1000000000004
5406,52,Pro,Google Ads,Sudeste,17.14,2,24,89.9,No,2023-09-01,2157.6000000000004
5407,63,Pro,Orgânico,Sudeste,10.37,1,46,49.9,No,2024-10-12,2295.4
5408,57,Pro,Instagram,Norte,21.81,3,12,89.9,Yes,2024-12-15,1078.8000000000002
5409,45,Basic,Orgânico,Sudeste,14.8,2,28,199.9,No,2024-06-25,5597.2
5410,18,Enterprise,LinkedIn,Sudeste,36.4,3,26,199.9,No,2025-11-08,5197.400000000001
5411,59,Basic,Orgânico,Sudeste,6.73,1,41,49.9,No,2025-06-22,2045.8999999999999
5412,35,Pro,LinkedIn,Sul,16.8,2,25,49.9,No,2025-07-21,1247.5
5413,57,Basic,Instagram,Sul,9.36,3,15,89.9,No,2023-08-23,1348.5
5414,50,Enterprise,Orgânico,Nordeste,76.71,0,43,89.9,No,2023-07-02,3865.7000000000003
5415,29,Pro,Indicação,Centro-Oeste,21.72,3,31,89.9,No,2025-03-03,2786.9
5416,25,Basic,LinkedIn,Sudeste,14.07,3,34,89.9,No,2025-11-30,3056.6000000000004
5417,41,Pro,Indicação,Sudeste,7.56,5,41,89.9,No,2024-05-30,3685.9
5418,33,Basic,Indicação,Sudeste,10.51,2,8,199.9,No,2023-05-31,1599.2
5419,21,Pro,Instagram,Nordeste,28.19,3,27,89.9,No,2023-06-02,2427.3
5420,55,Pro,Instagram,Nordeste,29.62,4,4,49.9,No,2024-12-18,199.6
5421,61,Basic,Instagram,Nordeste,14.97,2,12,89.9,No,2025-11-28,1078.8000000000002
5422,44,Basic,Orgânico,Sudeste,16.14,1,31,49.9,No,2024-06-16,1546.8999999999999
5423,26,Basic,LinkedIn,Centro-Oeste,6.91,3,21,89.9,Yes,2025-10-09,1887.9
5424,64,Pro,Google Ads,Norte,18.98,1,20,89.9,No,2023-04-10,1798.0
5425,33,Basic,LinkedIn,Centro-Oeste,36.76,2,48,89.9,No,2024-02-26,4315.200000000001
5426,29,Pro,Google Ads,Sudeste,35.36,1,17,89.9,No,2025-06-26,1528.3000000000002
5427,48,Enterprise,Instagram,Centro-Oeste,36.37,1,45,89.9,No,2025-10-03,4045.5000000000005
5428,41,Basic,Instagram,Centro-Oeste,25.48,2,31,49.9,No,2023-12-21,1546.8999999999999
5429,31,Enterprise,LinkedIn,Sudeste,21.78,3,15,199.9,No,2024-12-15,2998.5
5430,62,Pro,Orgânico,Sul,14.54,0,32,89.9,No,2024-07-11,2876.8
5431,42,Basic,Orgânico,Centro-Oeste,22.0,4,48,199.9,No,2025-07-18,9595.2
5432,51,Basic,Google Ads,Nordeste,32.95,0,2,49.9,No,2024-12-25,99.8
5433,20,Pro,LinkedIn,Norte,18.33,0,28,49.9,No,2024-10-24,1397.2
5434,41,Basic,Orgânico,Sudeste,14.95,1,21,49.9,No,2025-10-18,1047.8999999999999
5435,59,Basic,Google Ads,Nordeste,22.03,1,13,199.9,No,2025-06-16,2598.7000000000003
5436,26,Basic,Orgânico,Sul,39.19,1,33,89.9,No,2025-05-26,2966.7000000000003
5437,43,Pro,Orgânico,Norte,15.58,2,27,49.9,No,2023-10-09,1347.3
5438,37,Pro,Indicação,Sul,21.43,1,26,49.9,No,2025-08-06,1297.3999999999999
5439,57,Pro,Instagram,Sudeste,18.44,4,34,89.9,No,2023-01-29,3056.6000000000004
5440,27,Basic,Orgânico,Sul,12.2,4,18,89.9,No,2024-02-13,1618.2
5441,36,Pro,Orgânico,Centro-Oeste,13.16,2,10,49.9,No,2024-06-30,499.0
5442,20,Enterprise,Indicação,Sudeste,17.47,0,19,49.9,No,2023-01-12,948.1
5443,41,Basic,Instagram,Nordeste,13.36,4,12,89.9,No,2024-04-19,1078.8000000000002
5444,22,Basic,Orgânico,Sudeste,20.82,3,24,89.9,No,2023-09-12,2157.6000000000004
5445,20,Enterprise,Instagram,Sudeste,17.3,2,1,49.9,No,2024-09-15,49.9
5446,44,Pro,Instagram,Sudeste,12.59,2,9,89.9,No,2025-08-05,809.1
5447,33,Pro,LinkedIn,Sul,25.8,1,29,49.9,No,2023-11-15,1447.1
5448,32,Enterprise,Orgânico,Sudeste,35.57,3,45,89.9,No,2023-04-17,4045.5000000000005
5449,52,Pro,Orgânico,Centro-Oeste,5.92,4,28,89.9,No,2023-05-05,2517.2000000000003
5450,29,Basic,Indicação,Sudeste,15.3,3,35,199.9,No,2025-06-04,6996.5
5451,58,Pro,LinkedIn,Sul,14.5,1,18,49.9,No,2023-01-12,898.1999999999999
5452,61,Pro,Instagram,Sudeste,20.05,2,41,199.9,No,2025-09-10,8195.9
5453,43,Enterprise,Orgânico,Sul,17.71,1,44,89.9,No,2025-08-27,3955.6000000000004
5454,64,Basic,LinkedIn,Sudeste,14.27,1,48,199.9,No,2025-01-05,9595.2
5455,51,Pro,Orgânico,Norte,33.1,1,48,49.9,No,2023-01-24,2395.2
5456,40,Pro,LinkedIn,Sudeste,21.42,0,19,49.9,No,2023-12-11,948.1
5457,48,Basic,Orgânico,Nordeste,7.76,0,22,49.9,No,2023-09-09,1097.8
5458,37,Basic,Orgânico,Nordeste,4.62,1,18,49.9,No,2025-05-29,898.1999999999999
5459,29,Enterprise,Instagram,Sudeste,22.23,1,37,199.9,No,2025-02-27,7396.3
5460,40,Basic,Google Ads,Sudeste,14.99,1,12,49.9,No,2023-12-08,598.8
5461,21,Pro,Instagram,Sudeste,33.44,1,9,89.9,No,2023-02-10,809.1
5462,40,Enterprise,Orgânico,Sudeste,14.76,1,36,89.9,No,2024-11-26,3236.4
5463,18,Basic,Indicação,Nordeste,15.65,0,15,89.9,No,2025-09-23,1348.5
5464,42,Enterprise,Indicação,Nordeste,10.3,1,9,89.9,No,2023-10-11,809.1
5465,19,Pro,Instagram,Norte,14.6,0,9,49.9,No,2025-01-09,449.09999999999997
5466,47,Pro,Indicação,Centro-Oeste,20.41,0,46,49.9,No,2023-11-23,2295.4
5467,20,Basic,Indicação,Sudeste,13.15,6,48,89.9,No,2023-11-21,4315.200000000001
5468,38,Enterprise,Google Ads,Nordeste,8.79,1,41,49.9,No,2025-05-07,2045.8999999999999
5469,42,Basic,Orgânico,Centro-Oeste,16.27,1,31,89.9,No,2025-02-19,2786.9
5470,37,Basic,Instagram,Centro-Oeste,19.32,1,6,89.9,No,2023-08-07,539.4000000000001
5471,39,Basic,Instagram,Nordeste,5.38,1,46,49.9,Yes,2024-02-05,2295.4
5472,38,Basic,Instagram,Norte,14.38,4,39,49.9,No,2024-06-08,1946.1
5473,50,Pro,Google Ads,Sudeste,19.33,0,15,49.9,No,2025-06-08,748.5
5474,55,Enterprise,Indicação,Sudeste,11.91,0,40,49.9,No,2024-04-02,1996.0
5475,32,Enterprise,Google Ads,Centro-Oeste,68.3,1,10,49.9,No,2023-10-01,499.0
5476,63,Basic,Orgânico,Sudeste,34.21,2,1,49.9,Yes,2024-06-30,49.9
5477,32,Basic,Instagram,Centro-Oeste,39.34,2,8,49.9,No,2023-11-06,399.2
5478,63,Pro,LinkedIn,Sudeste,19.55,0,24,49.9,No,2024-05-31,1197.6
5479,42,Basic,Indicação,Sudeste,30.47,0,21,49.9,No,2025-10-03,1047.8999999999999
5480,38,Pro,Orgânico,Sul,11.73,2,48,199.9,No,2023-06-18,9595.2
5481,41,Enterprise,Google Ads,Centro-Oeste,13.26,3,36,89.9,No,2023-09-23,3236.4
5482,22,Enterprise,Orgânico,Sudeste,8.72,3,30,89.9,No,2023-05-22,2697.0
5483,23,Basic,Indicação,Centro-Oeste,18.91,2,3,49.9,No,2025-12-10,149.7
5484,60,Pro,Google Ads,Norte,13.0,4,6,89.9,No,2023-08-02,539.4000000000001
5485,61,Basic,Instagram,Sudeste,30.74,0,38,49.9,No,2025-05-02,1896.2
5486,64,Basic,Instagram,Sul,28.54,3,25,49.9,No,2023-10-30,1247.5
5487,40,Pro,Orgânico,Sul,17.36,1,41,49.9,No,2025-10-13,2045.8999999999999
5488,21,Enterprise,Instagram,Sudeste,23.18,4,33,89.9,No,2023-12-07,2966.7000000000003
5489,44,Enterprise,Instagram,Sudeste,15.71,4,11,89.9,No,2025-11-09,988.9000000000001
5490,35,Enterprise,Google Ads,Sudeste,12.82,0,12,89.9,No,2024-04-18,1078.8000000000002
5491,38,Enterprise,Instagram,Sudeste,13.65,2,42,49.9,No,2023-02-11,2095.7999999999997
5492,45,Basic,Indicação,Sudeste,22.44,4,44,49.9,Yes,2023-08-05,2195.6
5493,52,Pro,Indicação,Nordeste,13.85,1,1,89.9,No,2023-05-05,89.9
5494,39,Basic,Google Ads,Norte,23.41,2,4,89.9,No,2024-04-07,359.6
5495,57,Basic,Google Ads,Sudeste,17.39,4,5,89.9,Yes,2024-11-22,449.5
5496,40,Pro,Instagram,Nordeste,20.66,2,35,89.9,No,2025-08-27,3146.5
5497,20,Pro,Indicação,Sul,14.66,1,11,49.9,No,2023-01-10,548.9
5498,57,Pro,Orgânico,Sudeste,4.77,0,30,49.9,No,2023-03-31,1497.0
5499,27,Basic,Google Ads,Sudeste,33.12,2,33,199.9,No,2024-02-27,6596.7
5500,42,Basic,Instagram,Sudeste,14.93,1,40,89.9,No,2024-02-17,3596.0
5501,25,Basic,Instagram,Sul,17.43,0,21,199.9,No,2024-04-16,4197.900000000001
5502,28,Basic,Orgânico,Sudeste,20.66,1,22,199.9,No,2023-07-04,4397.8
5503,22,Basic,LinkedIn,Norte,19.75,2,25,49.9,No,2023-12-27,1247.5
5504,62,Pro,Instagram,Sudeste,7.29,0,34,49.9,No,2023-01-20,1696.6
5505,54,Pro,Instagram,Nordeste,33.82,2,43,49.9,Yes,2025-06-25,2145.7
5506,62,Basic,Instagram,Nordeste,22.57,3,4,89.9,No,2025-09-27,359.6
5507,55,Pro,Indicação,Sul,13.83,0,12,89.9,No,2024-08-14,1078.8000000000002
5508,46,Basic,Google Ads,Sudeste,23.09,4,4,49.9,No,2024-03-20,199.6
5509,22,Enterprise,Instagram,Sudeste,18.89,3,23,199.9,No,2024-10-21,4597.7
5510,26,Basic,Indicação,Sul,14.7,1,38,89.9,No,2024-07-21,3416.2000000000003
5511,19,Pro,Instagram,Sudeste,12.22,1,6,199.9,No,2023-08-24,1199.4
5512,18,Enterprise,LinkedIn,Sudeste,22.11,2,46,49.9,Yes,2024-08-22,2295.4
5513,57,Enterprise,Instagram,Sudeste,24.08,5,33,89.9,No,2025-01-29,2966.7000000000003
5514,47,Basic,Orgânico,Sul,34.0,1,41,199.9,No,2025-05-20,8195.9
5515,28,Pro,Google Ads,Sudeste,21.26,3,35,49.9,No,2024-08-18,1746.5
5516,45,Basic,Orgânico,Sudeste,30.84,1,33,49.9,No,2025-09-09,1646.7
5517,61,Basic,Google Ads,Norte,44.09,2,6,89.9,No,2023-07-26,539.4000000000001
5518,29,Basic,Google Ads,Sudeste,8.06,4,7,49.9,No,2025-09-06,349.3
5519,56,Enterprise,Orgânico,Centro-Oeste,24.8,1,21,49.9,No,2024-01-16,1047.8999999999999
5520,43,Enterprise,Orgânico,Norte,28.7,2,15,49.9,Yes,2025-11-01,748.5
5521,30,Basic,Google Ads,Sul,10.35,5,2,49.9,Yes,2024-11-22,99.8
5522,25,Pro,Orgânico,Sudeste,16.9,3,23,49.9,No,2023-08-03,1147.7
5523,45,Enterprise,Instagram,Sudeste,12.66,7,3,89.9,Yes,2025-07-03,269.70000000000005
5524,47,Pro,Indicação,Norte,19.73,4,12,49.9,No,2023-02-02,598.8
5525,26,Basic,Google Ads,Centro-Oeste,12.05,2,15,89.9,No,2023-05-25,1348.5
5526,56,Pro,Instagram,Sudeste,15.89,2,33,89.9,No,2023-06-09,2966.7000000000003
5527,48,Pro,LinkedIn,Nordeste,12.14,1,46,49.9,No,2023-03-27,2295.4
5528,38,Pro,LinkedIn,Sudeste,6.33,1,13,199.9,No,2025-11-23,2598.7000000000003
5529,64,Pro,LinkedIn,Sudeste,17.03,0,13,49.9,No,2023-12-24,648.6999999999999
5530,51,Basic,LinkedIn,Nordeste,42.82,2,28,49.9,No,2024-01-20,1397.2
5531,48,Basic,Orgânico,Centro-Oeste,21.93,2,13,89.9,No,2024-09-12,1168.7
5532,42,Basic,Google Ads,Sul,16.32,1,24,49.9,No,2023-02-06,1197.6
5533,29,Basic,Google Ads,Nordeste,31.21,3,39,89.9,No,2023-11-17,3506.1000000000004
5534,18,Pro,Indicação,Sudeste,15.05,3,30,49.9,No,2023-04-10,1497.0
5535,39,Basic,Google Ads,Centro-Oeste,14.45,1,36,199.9,No,2024-11-25,7196.400000000001
5536,57,Pro,LinkedIn,Sudeste,22.24,1,4,199.9,No,2023-03-30,799.6
5537,54,Basic,LinkedIn,Nordeste,19.12,3,13,89.9,No,2023-02-12,1168.7
5538,64,Pro,Instagram,Centro-Oeste,21.64,2,12,89.9,No,2025-02-06,1078.8000000000002
5539,18,Enterprise,Orgânico,Sudeste,31.91,3,1,89.9,No,2024-10-19,89.9
5540,18,Pro,Instagram,Norte,28.32,0,44,89.9,No,2023-06-10,3955.6000000000004
5541,59,Enterprise,Instagram,Sudeste,30.09,3,17,49.9,No,2024-05-20,848.3
5542,59,Pro,Google Ads,Sul,29.03,1,24,49.9,No,2023-08-07,1197.6
5543,38,Basic,Google Ads,Sudeste,40.03,1,34,199.9,No,2025-01-14,6796.6
5544,32,Enterprise,Instagram,Sudeste,18.4,2,39,89.9,No,2024-02-14,3506.1000000000004
5545,34,Enterprise,Indicação,Sudeste,44.64,0,42,199.9,No,2025-10-08,8395.800000000001
5546,39,Enterprise,Indicação,Centro-Oeste,40.26,1,7,199.9,No,2023-08-25,1399.3
5547,55,Pro,Orgânico,Centro-Oeste,16.43,1,23,89.9,No,2023-03-27,2067.7000000000003
5548,52,Pro,Google Ads,Sudeste,33.46,3,21,49.9,No,2023-04-24,1047.8999999999999
5549,62,Basic,Google Ads,Nordeste,27.28,2,43,49.9,No,2023-06-24,2145.7
5550,33,Pro,Orgânico,Centro-Oeste,5.37,2,24,49.9,Yes,2023-04-01,1197.6
5551,25,Basic,Google Ads,Nordeste,18.25,1,36,199.9,No,2025-04-19,7196.400000000001
5552,64,Basic,Orgânico,Norte,10.67,1,3,49.9,Yes,2023-11-29,149.7
5553,34,Pro,Orgânico,Sudeste,19.6,2,29,49.9,No,2023-07-11,1447.1
5554,34,Pro,Orgânico,Centro-Oeste,13.66,3,28,49.9,No,2023-07-24,1397.2
5555,43,Basic,Instagram,Sudeste,28.15,4,2,89.9,No,2024-11-06,179.8
5556,30,Pro,Google Ads,Nordeste,16.2,0,4,199.9,No,2025-11-11,799.6
5557,34,Enterprise,Indicação,Nordeste,11.96,1,17,89.9,No,2025-11-30,1528.3000000000002
5558,55,Pro,Indicação,Sudeste,18.35,1,20,89.9,No,2024-09-05,1798.0
5559,34,Pro,Google Ads,Norte,28.06,2,36,199.9,No,2025-08-12,7196.400000000001
5560,31,Enterprise,Orgânico,Centro-Oeste,29.74,5,26,49.9,No,2025-11-25,1297.3999999999999
5561,62,Basic,Google Ads,Norte,14.0,3,22,89.9,No,2023-08-13,1977.8000000000002
5562,23,Pro,LinkedIn,Sudeste,18.44,4,19,49.9,No,2023-07-11,948.1
5563,52,Basic,Orgânico,Nordeste,2.71,2,31,49.9,No,2025-03-19,1546.8999999999999
5564,63,Basic,Google Ads,Centro-Oeste,29.32,0,42,49.9,No,2025-03-13,2095.7999999999997
5565,31,Pro,Google Ads,Sudeste,11.33,1,25,49.9,No,2024-12-02,1247.5
5566,64,Pro,Google Ads,Nordeste,11.44,1,30,49.9,No,2024-05-29,1497.0
5567,25,Basic,Google Ads,Centro-Oeste,3.49,3,48,49.9,No,2023-07-15,2395.2
5568,32,Basic,Google Ads,Centro-Oeste,8.67,1,9,89.9,Yes,2023-07-21,809.1
5569,44,Pro,Google Ads,Sudeste,8.68,1,42,49.9,No,2025-02-08,2095.7999999999997
5570,30,Pro,Instagram,Nordeste,17.32,0,30,89.9,No,2023-03-10,2697.0
5571,48,Pro,Orgânico,Centro-Oeste,20.92,1,41,49.9,No,2025-10-07,2045.8999999999999
5572,52,Basic,Orgânico,Nordeste,22.12,4,32,49.9,Yes,2025-02-02,1596.8
5573,23,Pro,Instagram,Sudeste,29.95,1,47,49.9,No,2025-10-06,2345.2999999999997
5574,22,Basic,Google Ads,Sudeste,6.27,1,45,89.9,No,2025-06-08,4045.5000000000005
5575,39,Basic,Google Ads,Sul,23.66,3,48,89.9,No,2024-07-25,4315.200000000001
5576,40,Pro,Indicação,Nordeste,13.04,3,15,89.9,No,2025-09-07,1348.5
5577,42,Pro,Indicação,Sudeste,22.2,0,36,89.9,Yes,2025-08-29,3236.4
5578,51,Basic,Orgânico,Sudeste,22.4,1,35,89.9,No,2025-10-10,3146.5
5579,43,Basic,Google Ads,Centro-Oeste,21.81,1,1,49.9,No,2025-04-22,49.9
5580,64,Pro,Orgânico,Sudeste,9.84,2,21,49.9,No,2023-11-12,1047.8999999999999
5581,22,Basic,LinkedIn,Norte,20.8,5,36,49.9,Yes,2023-09-13,1796.3999999999999
5582,43,Basic,Orgânico,Sudeste,10.64,1,3,49.9,No,2024-01-29,149.7
5583,37,Basic,LinkedIn,Norte,15.16,1,15,49.9,No,2023-10-25,748.5
5584,23,Basic,Instagram,Sul,25.53,0,24,199.9,No,2025-02-12,4797.6
5585,23,Basic,Indicação,Sudeste,25.06,0,16,49.9,No,2023-03-22,798.4
5586,35,Enterprise,Orgânico,Sudeste,29.77,2,7,89.9,No,2025-08-30,629.3000000000001
5587,21,Pro,Instagram,Nordeste,8.82,1,16,89.9,No,2025-05-08,1438.4
5588,34,Pro,Google Ads,Sudeste,34.1,3,28,199.9,No,2023-07-14,5597.2
5589,31,Pro,Instagram,Sudeste,20.93,1,12,199.9,No,2024-08-06,2398.8
5590,31,Pro,Google Ads,Norte,14.14,4,25,49.9,No,2024-01-11,1247.5
5591,30,Enterprise,Instagram,Sul,12.8,1,30,49.9,No,2023-04-23,1497.0
5592,24,Pro,Orgânico,Nordeste,7.52,1,8,199.9,No,2024-03-26,1599.2
5593,61,Basic,LinkedIn,Nordeste,5.79,1,11,49.9,Yes,2024-04-16,548.9
5594,32,Pro,Indicação,Sul,8.92,1,42,49.9,No,2023-01-09,2095.7999999999997
5595,36,Basic,Indicação,Centro-Oeste,15.39,0,36,199.9,No,2025-09-01,7196.400000000001
5596,60,Pro,Orgânico,Sudeste,28.93,2,36,49.9,Yes,2024-02-17,1796.3999999999999
5597,64,Pro,Orgânico,Sudeste,15.07,1,47,49.9,No,2023-08-31,2345.2999999999997
5598,61,Enterprise,Indicação,Sudeste,44.39,2,36,49.9,No,2025-07-04,1796.3999999999999
5599,52,Pro,LinkedIn,Nordeste,17.14,1,46,49.9,No,2025-11-23,2295.4
5600,34,Basic,Instagram,Sudeste,5.59,2,30,49.9,Yes,2025-04-04,1497.0
5601,52,Basic,Instagram,Sudeste,36.76,0,6,199.9,No,2024-08-10,1199.4
5602,36,Basic,Instagram,Centro-Oeste,26.63,0,35,49.9,No,2025-11-30,1746.5
5603,37,Basic,Instagram,Sul,18.86,2,30,49.9,No,2025-02-01,1497.0
5604,53,Basic,Indicação,Norte,6.98,2,14,49.9,Yes,2023-08-22,698.6
5605,52,Basic,LinkedIn,Sudeste,17.03,0,37,89.9,No,2024-07-28,3326.3
5606,49,Basic,Google Ads,Sudeste,26.23,1,28,49.9,No,2024-12-28,1397.2
5607,61,Enterprise,Orgânico,Centro-Oeste,30.78,1,40,49.9,No,2025-08-04,1996.0
5608,57,Basic,Instagram,Sul,12.98,5,41,49.9,No,2023-02-19,2045.8999999999999
5609,41,Basic,LinkedIn,Centro-Oeste,31.2,1,5,199.9,No,2023-06-13,999.5
5610,34,Basic,Indicação,Norte,9.33,2,21,89.9,No,2025-12-24,1887.9
5611,24,Pro,Indicação,Sudeste,10.07,3,6,89.9,No,2025-03-07,539.4000000000001
5612,60,Basic,Instagram,Sudeste,26.99,2,24,49.9,No,2025-10-01,1197.6
5613,18,Pro,Orgânico,Sudeste,16.21,2,16,49.9,No,2024-09-27,798.4
5614,52,Basic,Google Ads,Nordeste,16.89,1,7,199.9,No,2024-06-07,1399.3
5615,49,Pro,LinkedIn,Sudeste,16.81,0,42,49.9,No,2025-09-13,2095.7999999999997
5616,53,Pro,Instagram,Sudeste,26.16,4,26,49.9,No,2024-01-04,1297.3999999999999
5617,30,Basic,Indicação,Centro-Oeste,16.73,1,21,89.9,No,2024-06-13,1887.9
5618,23,Basic,Google Ads,Sudeste,33.18,1,48,49.9,No,2024-05-13,2395.2
5619,31,Pro,Orgânico,Sul,12.19,1,18,89.9,No,2023-04-12,1618.2
5620,54,Pro,Google Ads,Norte,10.09,2,17,89.9,No,2023-03-15,1528.3000000000002
5621,32,Pro,Orgânico,Sudeste,26.93,2,21,89.9,No,2023-10-15,1887.9
5622,64,Pro,Orgânico,Sudeste,22.58,5,6,199.9,No,2023-10-05,1199.4
5623,21,Pro,Instagram,Sudeste,8.89,2,19,89.9,No,2025-01-11,1708.1000000000001
5624,57,Pro,Instagram,Nordeste,9.19,1,2,89.9,No,2025-11-30,179.8
5625,33,Basic,Indicação,Sudeste,12.9,2,19,89.9,Yes,2025-12-14,1708.1000000000001
5626,45,Basic,Google Ads,Sul,6.33,1,22,49.9,Yes,2023-08-07,1097.8
5627,33,Pro,Google Ads,Sudeste,13.73,0,16,49.9,No,2024-03-10,798.4
5628,21,Enterprise,Google Ads,Norte,8.58,1,25,89.9,No,2023-05-10,2247.5
5629,62,Enterprise,LinkedIn,Sul,23.68,5,44,49.9,No,2024-01-15,2195.6
5630,43,Enterprise,Google Ads,Sul,22.29,1,11,49.9,No,2024-08-05,548.9
5631,45,Pro,Instagram,Sudeste,40.87,1,12,199.9,No,2024-04-08,2398.8
5632,49,Pro,Indicação,Sudeste,10.14,2,28,89.9,No,2023-05-19,2517.2000000000003
5633,62,Pro,Google Ads,Nordeste,16.96,2,2,89.9,Yes,2023-07-18,179.8
5634,19,Basic,Google Ads,Nordeste,4.69,3,38,49.9,No,2024-06-28,1896.2
5635,48,Pro,Orgânico,Sudeste,26.2,4,12,89.9,No,2023-12-27,1078.8000000000002
5636,20,Basic,Indicação,Sudeste,16.77,3,25,49.9,No,2023-01-20,1247.5
5637,25,Basic,Instagram,Sul,14.14,6,2,49.9,No,2023-11-20,99.8
5638,41,Pro,Google Ads,Sudeste,23.85,2,33,199.9,No,2025-11-26,6596.7
5639,32,Pro,LinkedIn,Nordeste,27.97,1,13,49.9,Yes,2024-02-21,648.6999999999999
5640,60,Basic,Google Ads,Sudeste,22.38,2,45,89.9,No,2023-04-18,4045.5000000000005
5641,48,Basic,Orgânico,Sul,25.27,1,24,49.9,No,2025-06-15,1197.6
5642,26,Enterprise,Indicação,Sul,18.44,2,20,89.9,No,2023-03-13,1798.0
5643,56,Pro,Orgânico,Nordeste,31.91,4,20,89.9,No,2023-07-19,1798.0
5644,62,Pro,Orgânico,Nordeste,3.78,4,47,89.9,No,2023-03-31,4225.3
5645,19,Basic,LinkedIn,Sudeste,11.01,1,12,49.9,No,2025-07-11,598.8
5646,25,Basic,Indicação,Sudeste,19.01,4,43,89.9,No,2023-07-07,3865.7000000000003
5647,24,Basic,Orgânico,Norte,25.59,2,45,89.9,No,2025-08-28,4045.5000000000005
5648,61,Pro,LinkedIn,Sudeste,29.73,2,37,49.9,No,2023-04-05,1846.3
5649,56,Pro,Google Ads,Sudeste,11.36,1,43,89.9,No,2025-05-20,3865.7000000000003
5650,59,Basic,LinkedIn,Nordeste,32.75,1,8,49.9,No,2025-07-22,399.2
5651,33,Basic,Google Ads,Sudeste,40.09,2,36,49.9,No,2023-01-18,1796.3999999999999
5652,52,Basic,Indicação,Sudeste,17.03,1,48,49.9,No,2024-10-20,2395.2
5653,47,Pro,Indicação,Nordeste,30.67,5,46,49.9,No,2024-06-18,2295.4
5654,27,Basic,Orgânico,Sul,8.09,0,33,89.9,No,2024-06-03,2966.7000000000003
5655,55,Pro,Indicação,Centro-Oeste,17.88,3,31,49.9,No,2025-08-12,1546.8999999999999
5656,35,Pro,Orgânico,Sudeste,38.47,3,38,89.9,No,2025-09-01,3416.2000000000003
5657,22,Pro,Instagram,Norte,43.65,4,29,49.9,No,2024-07-25,1447.1
5658,46,Pro,Instagram,Sudeste,21.88,3,18,49.9,No,2023-05-21,898.1999999999999
5659,56,Basic,Orgânico,Nordeste,32.61,0,20,199.9,No,2023-07-02,3998.0
5660,51,Pro,Orgânico,Sudeste,19.99,2,44,49.9,No,2024-06-17,2195.6
5661,60,Pro,Indicação,Sudeste,17.52,2,8,89.9,No,2023-10-18,719.2
5662,62,Basic,Instagram,Sudeste,21.96,2,40,89.9,No,2025-03-30,3596.0
5663,40,Pro,Indicação,Nordeste,22.71,1,46,49.9,No,2025-12-02,2295.4
5664,22,Enterprise,Orgânico,Sudeste,8.7,2,37,89.9,No,2024-05-16,3326.3
5665,47,Basic,Google Ads,Nordeste,19.47,2,24,49.9,No,2023-01-26,1197.6
5666,23,Pro,Indicação,Sudeste,3.8,2,1,89.9,No,2025-08-03,89.9
5667,63,Pro,Instagram,Nordeste,12.57,1,3,89.9,No,2024-09-24,269.70000000000005
5668,61,Pro,Google Ads,Sudeste,19.1,2,38,49.9,No,2025-05-11,1896.2
5669,21,Pro,Orgânico,Sul,15.44,1,11,199.9,No,2024-01-08,2198.9
5670,46,Basic,Google Ads,Sudeste,15.44,3,42,89.9,No,2023-12-16,3775.8
5671,40,Basic,Instagram,Sudeste,14.72,3,40,49.9,No,2025-03-21,1996.0
5672,23,Pro,Orgânico,Sudeste,16.54,1,41,199.9,No,2025-06-02,8195.9
5673,49,Pro,Indicação,Centro-Oeste,26.05,2,39,89.9,No,2023-10-31,3506.1000000000004
5674,59,Enterprise,Instagram,Sul,23.86,1,43,89.9,No,2024-11-22,3865.7000000000003
5675,35,Basic,Orgânico,Centro-Oeste,16.49,2,3,49.9,No,2025-04-26,149.7
5676,32,Pro,Google Ads,Sudeste,17.18,2,21,89.9,No,2024-02-25,1887.9
5677,57,Basic,Orgânico,Sul,26.56,2,5,89.9,No,2024-11-24,449.5
5678,49,Basic,Indicação,Norte,15.76,0,1,49.9,No,2025-09-03,49.9
5679,26,Basic,Instagram,Sudeste,25.8,3,46,89.9,No,2024-08-02,4135.400000000001
5680,54,Basic,Google Ads,Nordeste,14.89,1,14,89.9,No,2025-02-06,1258.6000000000001
5681,27,Basic,Instagram,Sul,9.76,1,4,49.9,No,2023-04-27,199.6
5682,37,Basic,Google Ads,Sul,11.68,2,19,49.9,No,2023-12-05,948.1
5683,23,Basic,Indicação,Sudeste,18.09,4,47,49.9,No,2025-03-14,2345.2999999999997
5684,20,Enterprise,Instagram,Sudeste,46.68,2,20,49.9,No,2024-11-13,998.0
5685,59,Pro,Instagram,Sul,9.12,1,48,89.9,No,2024-07-19,4315.200000000001
5686,28,Basic,Orgânico,Sudeste,27.05,2,7,89.9,No,2024-08-19,629.3000000000001
5687,60,Enterprise,Google Ads,Sudeste,18.36,4,48,89.9,No,2024-06-02,4315.200000000001
5688,34,Pro,LinkedIn,Sudeste,29.84,1,9,199.9,No,2024-04-18,1799.1000000000001
5689,49,Enterprise,Google Ads,Nordeste,16.34,4,39,49.9,No,2025-05-06,1946.1
5690,21,Basic,Indicação,Sudeste,7.32,1,34,199.9,No,2025-01-19,6796.6
5691,21,Pro,Indicação,Centro-Oeste,13.92,0,42,89.9,No,2023-07-17,3775.8
5692,34,Enterprise,Orgânico,Sul,2.59,1,13,49.9,No,2023-01-30,648.6999999999999
5693,58,Basic,Google Ads,Nordeste,14.07,2,4,49.9,No,2025-05-14,199.6
5694,36,Enterprise,Google Ads,Sudeste,31.42,1,36,89.9,No,2024-10-29,3236.4
5695,22,Pro,Google Ads,Sudeste,8.64,5,19,89.9,No,2024-09-30,1708.1000000000001
5696,49,Enterprise,Google Ads,Sul,25.96,0,17,49.9,No,2024-11-26,848.3
5697,39,Basic,Google Ads,Sudeste,15.84,2,25,199.9,No,2024-05-07,4997.5
5698,23,Basic,LinkedIn,Nordeste,24.61,1,14,199.9,No,2024-03-23,2798.6
5699,52,Basic,LinkedIn,Sudeste,26.16,0,5,199.9,No,2024-12-23,999.5
5700,39,Enterprise,Orgânico,Norte,8.77,2,41,49.9,Yes,2024-04-04,2045.8999999999999
5701,18,Basic,Instagram,Nordeste,13.94,2,46,199.9,No,2024-07-23,9195.4
5702,37,Pro,LinkedIn,Sul,10.11,1,7,49.9,No,2023-08-06,349.3
5703,39,Basic,Orgânico,Sudeste,6.69,1,14,199.9,No,2025-02-13,2798.6
5704,28,Basic,LinkedIn,Norte,21.74,1,33,199.9,No,2025-07-27,6596.7
5705,30,Basic,LinkedIn,Sul,23.58,2,12,89.9,No,2025-12-26,1078.8000000000002
5706,59,Pro,Orgânico,Nordeste,17.91,1,4,89.9,No,2023-08-31,359.6
5707,20,Pro,Orgânico,Norte,22.44,2,6,49.9,No,2025-07-20,299.4
5708,26,Basic,Instagram,Nordeste,14.96,3,1,199.9,No,2024-09-08,199.9
5709,29,Enterprise,Indicação,Nordeste,14.3,3,20,49.9,No,2025-01-17,998.0
5710,40,Pro,LinkedIn,Nordeste,17.76,2,26,199.9,No,2023-10-15,5197.400000000001
5711,31,Pro,Indicação,Centro-Oeste,31.05,2,43,49.9,No,2024-03-06,2145.7
5712,50,Pro,Orgânico,Sudeste,36.09,1,23,89.9,No,2025-10-08,2067.7000000000003
5713,35,Basic,Instagram,Sul,17.47,3,12,49.9,No,2024-07-12,598.8
5714,58,Basic,Orgânico,Nordeste,14.88,2,13,49.9,No,2023-03-21,648.6999999999999
5715,26,Pro,Indicação,Norte,26.32,3,18,49.9,No,2025-08-04,898.1999999999999
5716,40,Basic,Instagram,Sudeste,29.31,2,31,199.9,No,2024-03-15,6196.900000000001
5717,27,Pro,Orgânico,Sudeste,19.14,4,46,49.9,No,2023-09-07,2295.4
5718,36,Basic,Instagram,Sudeste,43.85,2,28,49.9,Yes,2023-02-05,1397.2
5719,64,Pro,Google Ads,Nordeste,15.26,3,5,49.9,No,2023-05-31,249.5
5720,22,Basic,Orgânico,Sul,15.27,3,39,199.9,No,2023-05-21,7796.1
5721,64,Pro,Instagram,Centro-Oeste,16.4,2,20,89.9,No,2023-02-14,1798.0
5722,40,Basic,LinkedIn,Norte,33.51,2,20,49.9,No,2024-02-26,998.0
5723,47,Enterprise,Orgânico,Sul,15.66,5,34,199.9,Yes,2023-04-21,6796.6
5724,42,Basic,Orgânico,Norte,16.88,2,14,89.9,No,2025-08-22,1258.6000000000001
5725,45,Pro,Orgânico,Norte,3.13,2,15,89.9,No,2024-02-19,1348.5
5726,51,Pro,LinkedIn,Norte,11.74,2,36,89.9,No,2023-07-20,3236.4
5727,62,Pro,LinkedIn,Sudeste,8.85,0,30,89.9,Yes,2024-06-03,2697.0
5728,64,Basic,Instagram,Sudeste,14.22,2,18,89.9,Yes,2023-09-25,1618.2
5729,42,Pro,LinkedIn,Nordeste,18.34,1,34,49.9,No,2025-08-22,1696.6
5730,27,Basic,Orgânico,Sudeste,15.49,3,26,49.9,Yes,2025-08-08,1297.3999999999999
5731,31,Basic,Indicação,Sul,26.31,2,36,199.9,No,2025-11-21,7196.400000000001
5732,59,Pro,Google Ads,Norte,36.55,1,47,89.9,No,2024-02-14,4225.3
5733,63,Pro,Google Ads,Centro-Oeste,16.86,3,44,49.9,No,2024-01-31,2195.6
5734,47,Pro,Orgânico,Sudeste,9.45,4,19,49.9,No,2023-05-23,948.1
5735,58,Enterprise,Orgânico,Sul,21.54,0,42,49.9,No,2024-04-26,2095.7999999999997
5736,42,Basic,LinkedIn,Nordeste,10.45,2,4,89.9,Yes,2023-04-01,359.6
5737,31,Enterprise,Indicação,Nordeste,11.47,2,42,89.9,No,2023-01-08,3775.8
5738,52,Basic,Instagram,Sudeste,33.26,1,27,199.9,No,2025-01-28,5397.3
5739,51,Pro,Orgânico,Sul,1.8,1,3,89.9,No,2025-09-27,269.70000000000005
5740,27,Pro,Indicação,Centro-Oeste,21.15,0,44,49.9,No,2025-07-20,2195.6
5741,52,Pro,Indicação,Sudeste,22.85,3,12,49.9,No,2024-11-17,598.8
5742,28,Basic,Instagram,Sul,10.56,0,36,89.9,No,2025-04-22,3236.4
5743,28,Pro,Instagram,Sudeste,16.89,2,39,89.9,No,2025-08-30,3506.1000000000004
5744,38,Basic,Google Ads,Sudeste,6.7,3,2,89.9,No,2023-09-01,179.8
5745,38,Basic,Orgânico,Sudeste,11.66,0,42,49.9,No,2023-07-18,2095.7999999999997
5746,39,Basic,Orgânico,Nordeste,6.73,2,34,49.9,No,2025-05-26,1696.6
5747,62,Pro,Orgânico,Sudeste,40.11,1,38,199.9,Yes,2025-01-21,7596.2
5748,24,Basic,Orgânico,Norte,44.92,1,31,49.9,No,2024-07-20,1546.8999999999999
5749,34,Basic,Indicação,Nordeste,24.01,2,5,49.9,No,2023-12-22,249.5
5750,19,Basic,Google Ads,Centro-Oeste,50.98,4,20,89.9,No,2025-03-16,1798.0
5751,29,Basic,Orgânico,Sul,41.46,3,38,89.9,No,2025-04-02,3416.2000000000003
5752,59,Pro,Instagram,Nordeste,21.87,3,11,49.9,No,2025-08-28,548.9
5753,35,Enterprise,Instagram,Norte,7.59,1,31,199.9,No,2025-02-22,6196.900000000001
5754,28,Basic,Instagram,Sudeste,23.34,1,25,49.9,No,2025-03-02,1247.5
5755,33,Pro,Instagram,Sudeste,11.72,2,4,49.9,No,2023-12-12,199.6
5756,35,Pro,Indicação,Sudeste,27.44,0,21,49.9,No,2023-07-30,1047.8999999999999
5757,52,Pro,Google Ads,Sul,31.79,1,41,49.9,No,2025-04-01,2045.8999999999999
5758,43,Pro,Google Ads,Sudeste,19.84,2,1,49.9,No,2025-12-23,49.9
5759,33,Basic,Indicação,Sul,19.81,0,42,49.9,No,2025-10-21,2095.7999999999997
5760,23,Pro,Orgânico,Sudeste,33.0,5,37,89.9,No,2024-12-18,3326.3
5761,61,Basic,LinkedIn,Sudeste,20.12,4,43,89.9,No,2023-04-19,3865.7000000000003
5762,60,Basic,Google Ads,Nordeste,25.52,3,28,89.9,No,2023-04-27,2517.2000000000003
5763,64,Pro,Instagram,Nordeste,35.41,4,1,49.9,Yes,2024-01-16,49.9
5764,64,Pro,Orgânico,Norte,36.38,1,16,49.9,No,2023-06-29,798.4
5765,59,Basic,Indicação,Sudeste,15.6,4,2,199.9,No,2024-08-08,399.8
5766,29,Pro,Google Ads,Sudeste,13.54,2,2,49.9,No,2025-02-16,99.8
5767,30,Pro,Orgânico,Nordeste,19.9,1,43,49.9,No,2025-03-04,2145.7
5768,21,Pro,Google Ads,Centro-Oeste,8.63,3,17,49.9,Yes,2023-10-05,848.3
5769,56,Pro,Google Ads,Sudeste,19.42,0,22,89.9,No,2023-01-31,1977.8000000000002
5770,19,Pro,LinkedIn,Sudeste,24.11,1,16,49.9,No,2023-03-13,798.4
5771,43,Pro,Instagram,Norte,44.54,1,13,49.9,No,2024-05-09,648.6999999999999
5772,44,Basic,Orgânico,Sul,14.57,2,7,49.9,No,2025-03-07,349.3
5773,44,Basic,Google Ads,Sudeste,15.4,2,17,89.9,No,2025-08-23,1528.3000000000002
5774,32,Basic,Instagram,Sudeste,24.69,0,21,199.9,No,2025-01-26,4197.900000000001
5775,25,Pro,Instagram,Norte,11.64,4,31,49.9,No,2023-04-29,1546.8999999999999
5776,24,Pro,LinkedIn,Sul,37.84,3,15,49.9,No,2024-11-12,748.5
5777,64,Enterprise,Google Ads,Centro-Oeste,13.29,2,43,49.9,Yes,2024-11-26,2145.7
5778,63,Pro,Google Ads,Sul,68.76,3,23,49.9,No,2023-02-06,1147.7
5779,57,Basic,Instagram,Sudeste,18.47,1,41,199.9,No,2023-12-14,8195.9
5780,29,Basic,LinkedIn,Sudeste,15.41,4,46,199.9,No,2023-06-09,9195.4
5781,30,Basic,Orgânico,Sul,28.79,4,26,49.9,No,2023-06-12,1297.3999999999999
5782,60,Pro,Indicação,Norte,24.38,2,30,199.9,No,2024-04-05,5997.0
5783,34,Pro,LinkedIn,Nordeste,22.76,2,11,49.9,No,2024-09-23,548.9
5784,34,Enterprise,Instagram,Sudeste,17.13,1,38,49.9,No,2023-09-09,1896.2
5785,53,Pro,Orgânico,Sul,8.47,3,26,49.9,Yes,2025-05-08,1297.3999999999999
5786,38,Pro,LinkedIn,Sudeste,28.25,1,6,49.9,No,2023-03-11,299.4
5787,25,Pro,Instagram,Nordeste,1.65,3,46,89.9,No,2025-08-12,4135.400000000001
5788,22,Enterprise,Indicação,Sul,7.22,1,3,49.9,Yes,2024-10-08,149.7
5789,43,Pro,Indicação,Sudeste,29.05,1,25,49.9,No,2023-10-27,1247.5
5790,33,Pro,Instagram,Sudeste,8.35,4,41,89.9,No,2025-07-02,3685.9
5791,53,Pro,Google Ads,Sul,15.72,1,15,49.9,No,2024-08-11,748.5
5792,45,Pro,Google Ads,Sudeste,35.27,0,21,49.9,No,2025-06-27,1047.8999999999999
5793,46,Basic,Orgânico,Sudeste,8.04,2,42,89.9,No,2025-06-08,3775.8
5794,64,Basic,Google Ads,Sudeste,23.98,2,6,49.9,No,2024-06-13,299.4
5795,29,Basic,LinkedIn,Nordeste,16.09,2,23,49.9,No,2023-04-04,1147.7
5796,54,Pro,Google Ads,Norte,31.17,2,12,49.9,No,2024-06-08,598.8
5797,47,Pro,Google Ads,Sudeste,10.91,2,27,49.9,No,2025-10-18,1347.3
5798,40,Basic,Instagram,Sudeste,11.99,3,15,49.9,No,2024-04-09,748.5
5799,33,Basic,Google Ads,Centro-Oeste,16.53,4,8,49.9,No,2025-03-14,399.2
5800,31,Basic,Google Ads,Centro-Oeste,8.35,7,25,49.9,No,2025-05-15,1247.5
5801,27,Pro,Indicação,Sul,16.34,4,43,49.9,No,2023-06-07,2145.7
5802,24,Basic,LinkedIn,Sul,16.33,0,48,49.9,No,2025-10-26,2395.2
5803,62,Basic,Orgânico,Nordeste,25.81,1,19,199.9,No,2025-09-26,3798.1
5804,54,Basic,Google Ads,Sudeste,15.76,2,35,199.9,No,2024-01-17,6996.5
5805,46,Basic,Orgânico,Sudeste,4.18,3,21,199.9,No,2023-08-23,4197.900000000001
5806,20,Pro,Orgânico,Centro-Oeste,19.95,2,18,89.9,No,2025-10-02,1618.2
5807,32,Basic,Google Ads,Sudeste,8.63,3,29,49.9,Yes,2025-10-23,1447.1
5808,53,Pro,Orgânico,Nordeste,35.69,1,27,89.9,No,2025-03-02,2427.3
5809,64,Pro,Google Ads,Nordeste,11.76,2,40,199.9,No,2024-06-07,7996.0
5810,63,Enterprise,Indicação,Sudeste,17.94,0,10,49.9,No,2024-04-11,499.0
5811,36,Basic,Instagram,Nordeste,7.01,0,5,49.9,Yes,2025-12-07,249.5
5812,30,Basic,LinkedIn,Sul,21.16,1,22,89.9,No,2024-05-13,1977.8000000000002
5813,59,Basic,LinkedIn,Nordeste,7.98,2,14,49.9,Yes,2025-03-15,698.6
5814,38,Basic,Instagram,Centro-Oeste,25.58,2,40,49.9,No,2023-06-16,1996.0
5815,54,Pro,Indicação,Sudeste,19.74,3,1,49.9,No,2025-04-11,49.9
5816,44,Basic,LinkedIn,Sudeste,12.31,3,13,49.9,No,2023-12-04,648.6999999999999
5817,46,Basic,LinkedIn,Sudeste,8.24,1,27,89.9,No,2024-01-22,2427.3
5818,37,Enterprise,Orgânico,Norte,22.79,3,48,49.9,No,2023-08-26,2395.2
5819,42,Pro,Orgânico,Sudeste,10.17,3,17,49.9,No,2025-08-04,848.3
5820,23,Basic,Orgânico,Sudeste,26.14,1,8,89.9,No,2024-02-26,719.2
5821,53,Basic,Orgânico,Norte,57.67,1,28,89.9,No,2024-12-25,2517.2000000000003
5822,19,Basic,Instagram,Sudeste,9.15,4,26,89.9,Yes,2025-02-21,2337.4
5823,39,Enterprise,Instagram,Sudeste,21.77,2,20,49.9,No,2023-04-22,998.0
5824,49,Pro,Google Ads,Nordeste,40.0,7,19,89.9,No,2023-03-16,1708.1000000000001
5825,33,Pro,Orgânico,Norte,35.75,2,14,89.9,No,2023-10-17,1258.6000000000001
5826,35,Enterprise,Google Ads,Sudeste,2.93,2,25,49.9,No,2025-08-08,1247.5
5827,22,Pro,Instagram,Sudeste,12.42,5,36,199.9,No,2025-11-25,7196.400000000001
5828,53,Basic,Google Ads,Norte,19.8,4,28,49.9,No,2025-01-26,1397.2
5829,47,Basic,Google Ads,Sul,12.16,0,8,49.9,Yes,2025-02-12,399.2
5830,62,Pro,Google Ads,Sul,21.58,2,33,49.9,No,2024-06-07,1646.7
5831,36,Enterprise,Indicação,Sudeste,17.4,0,6,89.9,No,2023-09-27,539.4000000000001
5832,40,Basic,Google Ads,Sudeste,24.92,1,25,89.9,No,2025-05-13,2247.5
5833,51,Pro,LinkedIn,Sudeste,16.84,0,1,89.9,No,2024-03-22,89.9
5834,30,Enterprise,Orgânico,Nordeste,25.09,0,30,89.9,No,2024-03-02,2697.0
5835,60,Basic,Orgânico,Sul,24.83,3,5,199.9,No,2023-09-01,999.5
5836,46,Enterprise,Google Ads,Nordeste,14.61,2,9,89.9,Yes,2023-10-22,809.1
5837,53,Basic,Orgânico,Sudeste,12.07,2,8,89.9,No,2023-04-20,719.2
5838,39,Pro,Orgânico,Sudeste,15.16,2,24,49.9,No,2024-04-25,1197.6
5839,64,Basic,Google Ads,Sudeste,16.65,1,25,49.9,No,2023-08-11,1247.5
5840,53,Pro,Indicação,Nordeste,24.1,2,41,49.9,No,2024-02-25,2045.8999999999999
5841,26,Pro,Indicação,Sudeste,14.68,2,8,199.9,No,2025-08-05,1599.2
5842,56,Basic,LinkedIn,Sul,6.99,2,38,89.9,No,2025-11-15,3416.2000000000003
5843,36,Enterprise,Google Ads,Norte,25.8,3,21,49.9,No,2025-03-15,1047.8999999999999
5844,55,Pro,LinkedIn,Norte,14.84,2,19,89.9,No,2024-02-06,1708.1000000000001
5845,23,Pro,Orgânico,Sudeste,28.54,6,3,49.9,No,2025-07-19,149.7
5846,64,Basic,Instagram,Sul,16.09,1,39,89.9,No,2023-04-24,3506.1000000000004
5847,32,Enterprise,Indicação,Centro-Oeste,19.24,3,16,89.9,No,2024-10-19,1438.4
5848,37,Basic,Instagram,Centro-Oeste,18.34,2,1,49.9,No,2024-10-02,49.9
5849,26,Basic,LinkedIn,Norte,37.43,1,10,49.9,No,2024-03-04,499.0
5850,49,Basic,Instagram,Sudeste,14.01,0,6,49.9,No,2025-02-09,299.4
5851,21,Basic,Instagram,Sudeste,6.58,0,5,89.9,No,2025-03-23,449.5
5852,35,Enterprise,Orgânico,Centro-Oeste,26.13,0,17,199.9,No,2025-01-15,3398.3
5853,22,Basic,Orgânico,Sudeste,15.83,2,21,89.9,No,2024-08-04,1887.9
5854,37,Basic,Instagram,Nordeste,25.06,6,29,89.9,No,2024-10-23,2607.1000000000004
5855,40,Pro,Instagram,Nordeste,8.39,2,31,89.9,No,2024-08-27,2786.9
5856,28,Pro,Indicação,Sudeste,57.88,1,3,49.9,No,2025-05-21,149.7
5857,54,Pro,Orgânico,Sudeste,20.15,3,38,49.9,No,2023-12-13,1896.2
5858,39,Basic,Indicação,Sudeste,27.36,0,28,49.9,No,2025-09-09,1397.2
5859,21,Pro,LinkedIn,Sudeste,9.93,3,28,49.9,No,2025-02-23,1397.2
5860,46,Basic,Orgânico,Sudeste,22.05,0,1,89.9,No,2024-09-11,89.9
5861,61,Enterprise,Orgânico,Norte,33.85,2,12,89.9,No,2025-11-26,1078.8000000000002
5862,51,Pro,Google Ads,Sudeste,10.7,3,16,89.9,No,2024-05-15,1438.4
5863,30,Pro,LinkedIn,Sul,39.34,3,25,199.9,No,2025-01-11,4997.5
5864,59,Basic,Instagram,Sudeste,10.84,3,18,89.9,No,2024-04-10,1618.2
5865,26,Basic,Orgânico,Sudeste,9.2,1,8,49.9,No,2024-04-28,399.2
5866,59,Basic,Google Ads,Sul,5.69,1,6,49.9,Yes,2025-06-25,299.4
5867,48,Basic,Instagram,Nordeste,62.69,3,9,89.9,No,2023-05-19,809.1
5868,24,Basic,Instagram,Centro-Oeste,13.12,3,18,89.9,No,2024-06-25,1618.2
5869,21,Pro,Google Ads,Sudeste,38.11,1,30,89.9,No,2024-10-01,2697.0
5870,36,Basic,Instagram,Sudeste,21.59,3,20,199.9,No,2024-06-30,3998.0
5871,59,Pro,Indicação,Sudeste,11.44,3,18,49.9,No,2025-05-08,898.1999999999999
5872,47,Basic,Instagram,Sul,28.51,2,37,49.9,No,2025-03-29,1846.3
5873,48,Basic,LinkedIn,Sudeste,30.46,2,29,49.9,No,2023-09-18,1447.1
5874,52,Pro,LinkedIn,Nordeste,10.64,0,11,49.9,No,2025-12-28,548.9
5875,38,Pro,LinkedIn,Nordeste,12.95,1,18,89.9,No,2024-01-23,1618.2
5876,48,Pro,LinkedIn,Norte,9.42,0,33,49.9,No,2024-11-03,1646.7
5877,36,Basic,Google Ads,Centro-Oeste,72.58,2,3,199.9,Yes,2023-05-02,599.7
5878,48,Pro,Google Ads,Sudeste,33.75,2,28,49.9,No,2024-12-03,1397.2
5879,49,Basic,Orgânico,Sudeste,12.3,1,5,49.9,No,2023-09-17,249.5
5880,19,Basic,LinkedIn,Sul,12.2,2,16,89.9,No,2025-07-21,1438.4
5881,27,Pro,Indicação,Centro-Oeste,14.92,5,4,199.9,No,2025-06-04,799.6
5882,19,Basic,LinkedIn,Sudeste,17.07,1,18,89.9,No,2025-06-03,1618.2
5883,19,Basic,Google Ads,Nordeste,33.85,2,27,49.9,No,2024-08-27,1347.3
5884,41,Enterprise,Orgânico,Sudeste,10.36,4,18,49.9,No,2024-03-26,898.1999999999999
5885,34,Pro,Google Ads,Norte,10.64,1,2,199.9,No,2023-05-12,399.8
5886,49,Basic,Orgânico,Sudeste,34.02,5,6,49.9,No,2025-10-27,299.4
5887,33,Pro,Google Ads,Sudeste,25.33,2,48,49.9,No,2025-02-07,2395.2
5888,33,Basic,LinkedIn,Nordeste,22.52,2,35,49.9,No,2025-01-02,1746.5
5889,63,Pro,Google Ads,Sudeste,15.14,1,19,89.9,No,2025-12-16,1708.1000000000001
5890,56,Pro,Orgânico,Nordeste,22.09,7,29,199.9,No,2023-01-13,5797.1
5891,48,Basic,Orgânico,Sul,13.03,0,11,89.9,No,2023-03-31,988.9000000000001
5892,60,Basic,Google Ads,Centro-Oeste,17.22,1,38,49.9,No,2023-06-01,1896.2
5893,41,Basic,Instagram,Sul,14.59,3,1,49.9,No,2025-11-17,49.9
5894,18,Pro,Google Ads,Sul,7.72,0,21,89.9,No,2024-11-22,1887.9
5895,28,Pro,Orgânico,Nordeste,12.34,2,35,49.9,No,2025-04-17,1746.5
5896,38,Basic,Instagram,Sudeste,31.91,2,8,49.9,No,2025-09-23,399.2
5897,21,Basic,LinkedIn,Sudeste,21.2,1,3,49.9,No,2025-11-16,149.7
5898,24,Basic,Google Ads,Nordeste,5.24,1,15,89.9,No,2024-03-13,1348.5
5899,43,Basic,Indicação,Norte,18.55,6,17,199.9,No,2024-02-19,3398.3
5900,64,Basic,LinkedIn,Sudeste,22.26,2,28,89.9,No,2024-03-03,2517.2000000000003
5901,29,Pro,Indicação,Sudeste,32.76,5,36,49.9,No,2025-01-25,1796.3999999999999
5902,48,Pro,Orgânico,Nordeste,10.98,1,41,49.9,No,2025-05-01,2045.8999999999999
5903,34,Enterprise,Google Ads,Nordeste,12.57,7,14,89.9,No,2024-08-19,1258.6000000000001
5904,50,Enterprise,LinkedIn,Norte,19.42,2,48,89.9,No,2023-08-20,4315.200000000001
5905,28,Pro,Indicação,Sudeste,29.61,2,17,89.9,No,2025-06-27,1528.3000000000002
5906,45,Pro,LinkedIn,Sudeste,6.8,2,39,199.9,No,2023-06-13,7796.1
5907,49,Enterprise,Google Ads,Sul,16.92,2,20,49.9,No,2025-10-17,998.0
5908,18,Basic,Orgânico,Sudeste,11.37,1,39,49.9,No,2025-01-29,1946.1
5909,64,Basic,Orgânico,Sul,29.42,1,6,49.9,No,2024-10-11,299.4
5910,45,Basic,Orgânico,Sudeste,8.76,2,6,89.9,No,2024-10-22,539.4000000000001
5911,59,Pro,Orgânico,Sudeste,6.58,3,13,49.9,No,2024-05-12,648.6999999999999
5912,24,Pro,Instagram,Sudeste,7.31,3,35,49.9,No,2024-09-12,1746.5
5913,19,Basic,Instagram,Nordeste,32.54,5,35,89.9,No,2024-05-16,3146.5
5914,59,Pro,Google Ads,Nordeste,15.59,4,46,49.9,No,2023-06-30,2295.4
5915,41,Pro,Instagram,Sul,10.81,4,27,89.9,Yes,2025-01-04,2427.3
5916,21,Basic,Google Ads,Nordeste,14.13,4,32,49.9,No,2024-11-26,1596.8
5917,61,Basic,Instagram,Norte,18.58,2,34,49.9,No,2025-02-03,1696.6
5918,36,Basic,Orgânico,Sudeste,8.84,4,3,89.9,No,2024-12-03,269.70000000000005
5919,43,Basic,Orgânico,Sudeste,38.35,1,32,89.9,No,2024-01-16,2876.8
5920,28,Pro,Orgânico,Sudeste,25.77,3,7,49.9,Yes,2024-12-19,349.3
5921,57,Pro,Google Ads,Sul,10.23,3,34,49.9,No,2024-05-11,1696.6
5922,60,Pro,Orgânico,Sudeste,8.06,1,21,49.9,No,2023-04-12,1047.8999999999999
5923,28,Pro,Google Ads,Sul,20.98,3,29,89.9,No,2024-12-20,2607.1000000000004
5924,62,Pro,LinkedIn,Sudeste,22.15,0,4,89.9,No,2023-04-28,359.6
5925,20,Pro,Indicação,Sudeste,16.25,2,4,49.9,No,2024-01-23,199.6
5926,29,Pro,LinkedIn,Sudeste,20.44,3,39,89.9,No,2024-11-20,3506.1000000000004
5927,20,Pro,Orgânico,Sudeste,16.19,2,1,89.9,Yes,2024-01-11,89.9
5928,59,Pro,Instagram,Sudeste,8.02,2,31,49.9,No,2024-02-02,1546.8999999999999
5929,44,Basic,LinkedIn,Sudeste,16.76,0,45,89.9,No,2024-11-16,4045.5000000000005
5930,19,Pro,Google Ads,Sudeste,7.57,4,17,49.9,No,2025-02-14,848.3
5931,33,Basic,Orgânico,Nordeste,15.77,3,7,49.9,No,2023-04-20,349.3
5932,19,Pro,Instagram,Centro-Oeste,29.33,2,44,49.9,No,2025-03-17,2195.6
5933,47,Basic,Indicação,Sudeste,20.94,0,36,199.9,No,2023-08-14,7196.400000000001
5934,37,Basic,Indicação,Norte,10.59,1,21,49.9,No,2025-01-27,1047.8999999999999
5935,55,Enterprise,Indicação,Nordeste,21.77,0,23,49.9,No,2024-03-18,1147.7
5936,45,Basic,LinkedIn,Sul,12.51,3,13,89.9,No,2023-09-14,1168.7
5937,42,Basic,Instagram,Sudeste,15.26,3,42,199.9,No,2023-02-17,8395.800000000001
5938,49,Basic,Indicação,Sul,40.43,0,34,49.9,No,2025-11-19,1696.6
5939,27,Pro,Orgânico,Sudeste,16.37,2,36,89.9,No,2023-01-16,3236.4
5940,59,Pro,Orgânico,Sudeste,22.85,2,5,89.9,No,2023-09-12,449.5
5941,57,Pro,Google Ads,Sudeste,22.4,2,36,199.9,No,2025-03-02,7196.400000000001
5942,50,Pro,Google Ads,Nordeste,9.58,1,31,199.9,No,2023-08-23,6196.900000000001
5943,30,Basic,LinkedIn,Sul,14.2,1,12,49.9,No,2023-12-22,598.8
5944,58,Basic,Orgânico,Sudeste,24.08,4,46,89.9,No,2024-06-06,4135.400000000001
5945,59,Basic,Instagram,Sudeste,15.23,0,42,89.9,No,2025-08-30,3775.8
5946,64,Pro,Indicação,Norte,5.63,0,28,89.9,No,2023-08-09,2517.2000000000003
5947,54,Pro,Orgânico,Sudeste,24.06,2,48,49.9,No,2023-10-02,2395.2
5948,33,Basic,LinkedIn,Sul,10.65,4,28,199.9,No,2023-08-22,5597.2
5949,62,Basic,Google Ads,Sul,26.05,0,7,199.9,No,2025-09-01,1399.3
5950,39,Basic,Orgânico,Sudeste,21.09,1,34,199.9,No,2023-01-19,6796.6
5951,37,Pro,LinkedIn,Sudeste,12.31,1,22,49.9,No,2023-09-25,1097.8
5952,60,Basic,Instagram,Nordeste,15.87,1,24,49.9,No,2024-08-04,1197.6
5953,44,Basic,Instagram,Sudeste,17.66,0,14,89.9,Yes,2023-10-25,1258.6000000000001
5954,58,Basic,Instagram,Sul,13.26,2,16,89.9,No,2023-09-07,1438.4
5955,33,Pro,Indicação,Sudeste,14.27,1,11,49.9,No,2025-12-15,548.9
5956,51,Pro,Instagram,Nordeste,17.32,0,30,49.9,No,2025-03-31,1497.0
5957,49,Basic,Instagram,Sudeste,17.29,2,38,49.9,No,2025-09-09,1896.2
5958,43,Pro,Indicação,Nordeste,27.49,1,42,89.9,No,2024-02-05,3775.8
5959,42,Pro,Google Ads,Sudeste,12.74,4,7,89.9,No,2023-05-26,629.3000000000001
5960,19,Enterprise,Google Ads,Sudeste,18.23,1,46,89.9,No,2025-10-24,4135.400000000001
5961,29,Basic,Indicação,Nordeste,14.96,5,45,89.9,No,2023-09-08,4045.5000000000005
5962,57,Pro,Orgânico,Sudeste,18.01,6,3,89.9,Yes,2024-03-10,269.70000000000005
5963,26,Pro,Google Ads,Sudeste,15.5,2,15,199.9,No,2024-02-08,2998.5
5964,29,Basic,Google Ads,Sul,15.53,4,30,89.9,No,2024-03-26,2697.0
5965,43,Pro,Indicação,Sudeste,24.28,0,33,49.9,No,2024-07-22,1646.7
5966,26,Basic,Indicação,Sudeste,25.77,1,37,89.9,No,2025-05-29,3326.3
5967,27,Basic,Instagram,Sudeste,17.73,3,37,49.9,No,2025-06-13,1846.3
5968,49,Basic,Google Ads,Sudeste,11.61,1,17,89.9,No,2025-07-22,1528.3000000000002
5969,51,Basic,Google Ads,Sudeste,13.34,3,48,199.9,No,2025-04-25,9595.2
5970,37,Basic,Orgânico,Sudeste,18.06,0,20,89.9,No,2023-01-06,1798.0
5971,56,Pro,LinkedIn,Sudeste,27.75,2,33,199.9,No,2024-08-22,6596.7
5972,19,Pro,Orgânico,Centro-Oeste,8.34,2,27,49.9,No,2023-03-22,1347.3
5973,18,Pro,LinkedIn,Sudeste,26.56,3,37,49.9,No,2023-01-28,1846.3
5974,53,Basic,Indicação,Nordeste,8.38,2,20,49.9,No,2025-05-27,998.0
5975,41,Pro,Orgânico,Sudeste,33.94,2,34,49.9,No,2024-03-25,1696.6
5976,44,Enterprise,Google Ads,Sudeste,9.64,2,31,49.9,No,2023-09-12,1546.8999999999999
5977,19,Basic,LinkedIn,Centro-Oeste,35.33,2,5,49.9,No,2025-07-23,249.5
5978,48,Pro,Google Ads,Sudeste,5.92,3,18,49.9,No,2025-01-25,898.1999999999999
5979,31,Pro,Instagram,Sudeste,29.16,0,19,49.9,No,2024-05-19,948.1
5980,19,Pro,Google Ads,Sudeste,4.28,1,38,199.9,No,2023-08-26,7596.2
5981,46,Basic,Google Ads,Sudeste,14.13,1,17,89.9,No,2023-02-04,1528.3000000000002
5982,32,Basic,Orgânico,Sudeste,27.21,2,23,49.9,No,2024-02-04,1147.7
5983,29,Pro,Indicação,Sudeste,22.46,0,43,49.9,No,2025-02-08,2145.7
5984,54,Enterprise,Orgânico,Sudeste,13.85,2,47,49.9,No,2023-11-11,2345.2999999999997
5985,45,Basic,Instagram,Centro-Oeste,13.53,5,2,49.9,No,2023-02-11,99.8
5986,37,Enterprise,LinkedIn,Sul,22.66,5,44,199.9,No,2025-01-08,8795.6
5987,56,Basic,Google Ads,Sul,17.08,6,24,89.9,No,2024-10-17,2157.6000000000004
5988,41,Basic,LinkedIn,Norte,36.16,2,48,89.9,No,2023-12-31,4315.200000000001
5989,38,Basic,LinkedIn,Sudeste,26.67,2,44,89.9,No,2025-10-14,3955.6000000000004
5990,27,Pro,Google Ads,Sudeste,20.9,2,1,89.9,No,2025-11-26,89.9
5991,63,Basic,Orgânico,Nordeste,12.24,0,22,89.9,No,2024-03-12,1977.8000000000002
5992,31,Basic,Instagram,Sul,46.15,2,14,49.9,No,2025-04-13,698.6
5993,54,Enterprise,LinkedIn,Norte,21.41,5,39,49.9,No,2023-05-10,1946.1
5994,35,Enterprise,LinkedIn,Sul,21.92,1,40,49.9,Yes,2023-05-10,1996.0
5995,41,Basic,Orgânico,Sudeste,26.99,2,13,199.9,No,2024-02-17,2598.7000000000003
5996,31,Basic,Google Ads,Sul,24.33,0,12,49.9,No,2024-04-30,598.8
5997,51,Pro,LinkedIn,Sudeste,35.33,1,7,49.9,No,2025-05-02,349.3
5998,29,Pro,LinkedIn,Norte,22.36,6,2,199.9,No,2023-12-02,399.8
5999,39,Basic,Google Ads,Nordeste,20.79,1,3,89.9,Yes,2025-09-05,269.70000000000005
6000,23,Enterprise,Indicação,Centro-Oeste,12.08,2,40,89.9,No,2024-11-03,3596.0
6001,53,Basic,Instagram,Sudeste,10.98,3,36,89.9,No,2024-08-22,3236.4
6002,62,Pro,Google Ads,Nordeste,10.82,3,13,199.9,No,2023-09-18,2598.7000000000003
6003,53,Basic,Google Ads,Nordeste,8.2,3,39,199.9,No,2025-07-21,7796.1
6004,39,Pro,Orgânico,Sudeste,40.97,3,30,199.9,No,2025-09-11,5997.0
6005,31,Basic,Google Ads,Nordeste,29.37,2,44,89.9,No,2023-09-16,3955.6000000000004
6006,33,Pro,LinkedIn,Nordeste,13.88,4,36,49.9,No,2023-12-14,1796.3999999999999
6007,53,Enterprise,Google Ads,Centro-Oeste,11.88,1,37,89.9,No,2024-08-24,3326.3
6008,42,Pro,Google Ads,Sul,33.76,2,14,89.9,No,2023-05-19,1258.6000000000001
6009,49,Pro,Google Ads,Norte,28.49,2,26,89.9,No,2025-02-17,2337.4
6010,50,Basic,LinkedIn,Sul,32.12,0,47,199.9,No,2024-06-02,9395.300000000001
6011,62,Enterprise,Google Ads,Centro-Oeste,9.9,1,40,49.9,No,2023-12-12,1996.0
6012,53,Enterprise,Google Ads,Sul,35.98,2,7,89.9,No,2024-10-11,629.3000000000001
6013,37,Pro,Orgânico,Norte,12.24,1,28,49.9,No,2023-05-10,1397.2
6014,35,Pro,LinkedIn,Sudeste,10.29,2,8,49.9,No,2024-03-30,399.2
6015,55,Enterprise,Google Ads,Sudeste,22.2,1,15,89.9,No,2023-10-15,1348.5
6016,20,Basic,LinkedIn,Sudeste,36.04,2,5,49.9,No,2025-02-04,249.5
6017,40,Pro,Google Ads,Sudeste,28.83,0,33,199.9,No,2024-09-14,6596.7
6018,49,Pro,LinkedIn,Norte,14.08,2,44,199.9,No,2025-09-30,8795.6
6019,62,Pro,Instagram,Norte,13.79,1,43,199.9,No,2025-04-24,8595.7
6020,33,Pro,Google Ads,Sul,23.42,2,36,49.9,No,2024-12-12,1796.3999999999999
6021,22,Pro,Google Ads,Sudeste,19.57,6,36,89.9,No,2025-05-02,3236.4
6022,21,Basic,Instagram,Sudeste,20.25,7,3,199.9,No,2024-06-22,599.7
6023,38,Basic,Orgânico,Sudeste,39.64,1,22,199.9,No,2023-07-02,4397.8
6024,57,Basic,Google Ads,Nordeste,26.38,3,22,49.9,Yes,2023-07-28,1097.8
6025,31,Pro,Google Ads,Nordeste,17.19,0,32,89.9,No,2023-05-03,2876.8
6026,56,Basic,LinkedIn,Sudeste,24.6,0,38,199.9,No,2023-10-15,7596.2
6027,48,Basic,LinkedIn,Sudeste,31.32,3,23,89.9,No,2025-02-16,2067.7000000000003
6028,31,Pro,Google Ads,Centro-Oeste,6.95,0,21,199.9,No,2025-07-19,4197.900000000001
6029,23,Enterprise,Instagram,Sudeste,27.73,4,4,89.9,No,2024-01-10,359.6
6030,29,Enterprise,Instagram,Sul,26.66,1,15,49.9,No,2023-04-02,748.5
6031,33,Enterprise,Google Ads,Sudeste,10.92,2,45,199.9,No,2025-09-18,8995.5
6032,34,Pro,Instagram,Sul,27.63,0,21,89.9,No,2024-05-24,1887.9
6033,62,Basic,Google Ads,Sudeste,11.83,2,20,49.9,No,2025-03-17,998.0
6034,40,Enterprise,Indicação,Norte,19.26,1,20,89.9,No,2023-06-20,1798.0
6035,31,Basic,Orgânico,Sul,38.98,3,25,89.9,No,2025-11-07,2247.5
6036,24,Pro,Indicação,Nordeste,25.43,1,45,89.9,No,2025-11-21,4045.5000000000005
6037,63,Pro,Instagram,Sudeste,14.75,3,31,89.9,No,2025-10-10,2786.9
6038,49,Pro,Indicação,Centro-Oeste,21.21,3,4,49.9,No,2025-04-24,199.6
6039,32,Basic,LinkedIn,Sudeste,9.07,4,29,199.9,Yes,2024-12-26,5797.1
6040,61,Basic,Orgânico,Sudeste,17.04,2,35,89.9,No,2023-02-22,3146.5
6041,34,Pro,Indicação,Sudeste,27.96,3,30,89.9,No,2024-04-19,2697.0
6042,58,Basic,Indicação,Centro-Oeste,34.18,3,9,89.9,No,2024-10-13,809.1
6043,64,Enterprise,Google Ads,Nordeste,26.82,1,37,89.9,No,2024-09-23,3326.3
6044,61,Pro,Instagram,Norte,9.02,0,5,89.9,No,2024-04-20,449.5
6045,51,Pro,Instagram,Sudeste,8.99,2,18,49.9,No,2023-10-13,898.1999999999999
6046,22,Enterprise,Google Ads,Sudeste,20.16,1,33,89.9,No,2025-08-06,2966.7000000000003
6047,62,Pro,Instagram,Sudeste,9.05,3,13,89.9,No,2023-08-18,1168.7
6048,44,Basic,LinkedIn,Sudeste,15.94,1,33,89.9,Yes,2024-06-01,2966.7000000000003
6049,40,Basic,LinkedIn,Sudeste,29.18,1,40,199.9,No,2023-10-26,7996.0
6050,57,Pro,Orgânico,Nordeste,15.13,1,37,199.9,No,2023-01-21,7396.3
6051,31,Enterprise,Google Ads,Sudeste,6.9,2,2,49.9,No,2024-06-07,99.8
6052,32,Pro,Google Ads,Nordeste,36.43,2,44,49.9,Yes,2024-01-11,2195.6
6053,60,Enterprise,Orgânico,Sudeste,11.87,1,42,89.9,No,2023-06-23,3775.8
6054,50,Basic,Orgânico,Sudeste,7.79,3,12,49.9,No,2025-07-22,598.8
6055,48,Basic,LinkedIn,Sudeste,23.56,3,29,199.9,No,2023-06-28,5797.1
6056,52,Basic,Google Ads,Sul,14.73,2,29,89.9,No,2025-04-27,2607.1000000000004
6057,34,Pro,LinkedIn,Norte,20.62,2,47,89.9,No,2024-04-04,4225.3
6058,45,Basic,Google Ads,Nordeste,18.19,3,48,49.9,No,2025-07-29,2395.2
6059,36,Basic,Orgânico,Centro-Oeste,14.49,4,23,49.9,No,2025-06-28,1147.7
6060,63,Pro,Indicação,Norte,16.97,0,40,49.9,No,2023-05-17,1996.0
6061,40,Basic,Google Ads,Sul,14.34,4,5,49.9,No,2023-09-15,249.5
6062,49,Pro,Orgânico,Sudeste,15.74,3,36,89.9,No,2023-06-06,3236.4
6063,57,Pro,Indicação,Nordeste,9.11,1,31,199.9,No,2025-04-08,6196.900000000001
6064,30,Basic,Orgânico,Sudeste,12.84,5,23,49.9,No,2024-06-30,1147.7
6065,37,Basic,Orgânico,Sul,23.19,1,16,199.9,No,2025-07-28,3198.4
6066,52,Enterprise,Google Ads,Sudeste,15.86,3,8,49.9,No,2025-02-13,399.2
6067,22,Basic,Google Ads,Sudeste,14.13,3,9,89.9,No,2023-07-30,809.1
6068,26,Basic,LinkedIn,Centro-Oeste,30.47,2,2,89.9,No,2024-01-28,179.8
6069,46,Basic,Orgânico,Sudeste,9.65,0,18,49.9,No,2023-11-04,898.1999999999999
6070,23,Basic,Orgânico,Sudeste,14.76,1,47,49.9,No,2024-09-14,2345.2999999999997
6071,42,Enterprise,LinkedIn,Sul,12.53,1,19,89.9,No,2024-04-28,1708.1000000000001
6072,48,Basic,Google Ads,Sudeste,34.54,3,37,89.9,No,2025-07-28,3326.3
6073,39,Enterprise,Google Ads,Nordeste,18.83,4,40,89.9,No,2025-06-07,3596.0
6074,19,Basic,Orgânico,Sudeste,19.22,1,8,199.9,No,2025-02-17,1599.2
6075,62,Enterprise,LinkedIn,Sudeste,16.63,1,17,89.9,No,2024-11-13,1528.3000000000002
6076,22,Pro,LinkedIn,Sudeste,19.68,1,5,49.9,No,2025-03-06,249.5
6077,44,Pro,LinkedIn,Sudeste,20.09,3,8,199.9,No,2024-07-05,1599.2
6078,42,Pro,Indicação,Sul,29.43,5,10,89.9,No,2025-10-31,899.0
6079,25,Basic,Orgânico,Nordeste,13.36,0,3,49.9,Yes,2025-02-18,149.7
6080,18,Pro,Instagram,Sul,22.94,2,3,89.9,No,2023-02-02,269.70000000000005
6081,37,Basic,Google Ads,Sudeste,13.55,2,31,49.9,No,2023-01-05,1546.8999999999999
6082,61,Basic,Indicação,Nordeste,18.77,1,27,199.9,No,2025-11-19,5397.3
6083,40,Pro,Orgânico,Nordeste,8.76,2,28,89.9,Yes,2024-08-08,2517.2000000000003
6084,49,Basic,Instagram,Sudeste,39.66,2,38,49.9,No,2024-05-27,1896.2
6085,28,Pro,Instagram,Sudeste,12.93,3,36,89.9,Yes,2024-07-16,3236.4
6086,56,Basic,Google Ads,Sul,24.67,2,27,49.9,No,2023-12-19,1347.3
6087,64,Pro,Instagram,Sudeste,21.56,2,16,49.9,No,2023-07-12,798.4
6088,41,Enterprise,Google Ads,Sudeste,14.81,2,15,49.9,No,2023-02-17,748.5
6089,28,Pro,LinkedIn,Sudeste,34.13,2,8,89.9,No,2023-08-11,719.2
6090,46,Pro,Instagram,Sul,15.46,2,39,49.9,No,2024-12-06,1946.1
6091,43,Pro,Indicação,Nordeste,55.68,1,28,49.9,No,2025-07-02,1397.2
6092,33,Enterprise,Google Ads,Centro-Oeste,12.55,1,15,49.9,No,2023-04-14,748.5
6093,52,Basic,Google Ads,Sudeste,12.65,4,24,49.9,No,2025-02-24,1197.6
6094,37,Pro,LinkedIn,Sul,22.12,2,5,89.9,No,2024-12-28,449.5
6095,63,Basic,LinkedIn,Sudeste,11.53,4,6,89.9,No,2025-01-05,539.4000000000001
6096,20,Basic,Instagram,Sudeste,9.39,3,5,49.9,No,2024-12-13,249.5
6097,18,Basic,Orgânico,Sudeste,9.51,2,25,49.9,Yes,2023-10-10,1247.5
6098,64,Basic,Google Ads,Nordeste,20.19,3,40,49.9,No,2023-07-06,1996.0
6099,18,Pro,Instagram,Sudeste,19.89,2,7,199.9,No,2024-05-01,1399.3
6100,34,Enterprise,LinkedIn,Sul,39.31,3,31,49.9,No,2025-04-16,1546.8999999999999
6101,19,Pro,Orgânico,Sudeste,30.27,1,3,89.9,No,2024-11-05,269.70000000000005
6102,46,Pro,Instagram,Nordeste,15.02,0,18,199.9,No,2024-06-05,3598.2000000000003
6103,37,Basic,Instagram,Nordeste,20.43,1,29,199.9,No,2024-04-02,5797.1
6104,23,Basic,LinkedIn,Nordeste,7.37,4,1,89.9,No,2025-02-02,89.9
6105,25,Basic,Instagram,Sudeste,22.94,6,29,49.9,No,2025-03-30,1447.1
6106,46,Pro,Indicação,Nordeste,20.13,1,40,49.9,No,2025-10-23,1996.0
6107,50,Basic,Google Ads,Nordeste,15.82,3,33,49.9,No,2024-04-05,1646.7
6108,20,Pro,Orgânico,Sudeste,9.14,3,47,49.9,No,2024-11-04,2345.2999999999997
6109,52,Enterprise,Instagram,Sudeste,6.14,2,24,199.9,No,2023-02-23,4797.6
6110,22,Pro,Orgânico,Nordeste,11.41,5,47,89.9,No,2024-01-08,4225.3
6111,44,Pro,Instagram,Norte,7.83,2,35,89.9,No,2024-06-05,3146.5
6112,61,Pro,Orgânico,Norte,14.02,1,47,89.9,No,2023-12-02,4225.3
6113,29,Basic,Instagram,Sudeste,18.18,1,7,49.9,No,2025-12-06,349.3
6114,37,Basic,Google Ads,Norte,19.62,1,33,49.9,No,2023-08-17,1646.7
6115,62,Pro,Google Ads,Sudeste,21.08,1,4,49.9,No,2025-05-15,199.6
6116,37,Pro,Orgânico,Sudeste,30.86,1,35,49.9,No,2024-09-10,1746.5
6117,26,Pro,Instagram,Norte,41.43,4,34,89.9,No,2024-07-27,3056.6000000000004
6118,56,Basic,Instagram,Nordeste,12.13,2,10,49.9,No,2023-05-16,499.0
6119,21,Pro,Google Ads,Centro-Oeste,12.59,1,10,49.9,No,2025-06-29,499.0
6120,36,Basic,Orgânico,Nordeste,45.26,2,37,89.9,No,2023-05-21,3326.3
6121,55,Basic,Google Ads,Centro-Oeste,12.49,1,20,89.9,Yes,2023-02-14,1798.0
6122,44,Basic,Google Ads,Sudeste,25.68,1,44,49.9,No,2023-10-11,2195.6
6123,62,Basic,Orgânico,Norte,28.64,1,17,89.9,No,2024-05-14,1528.3000000000002
6124,60,Basic,Orgânico,Norte,37.54,3,41,199.9,No,2025-01-09,8195.9
6125,30,Basic,Google Ads,Sudeste,14.52,4,13,49.9,No,2025-10-30,648.6999999999999
6126,30,Pro,Orgânico,Sudeste,33.14,1,7,199.9,No,2024-04-22,1399.3
6127,39,Pro,Google Ads,Sudeste,13.63,2,30,89.9,No,2025-11-02,2697.0
6128,45,Pro,Google Ads,Nordeste,11.63,4,22,49.9,No,2024-10-26,1097.8
6129,64,Pro,Orgânico,Nordeste,16.24,3,11,199.9,No,2024-09-08,2198.9
6130,62,Enterprise,Orgânico,Norte,32.29,2,13,89.9,No,2025-08-08,1168.7
6131,39,Basic,Instagram,Sudeste,19.73,1,23,89.9,No,2025-02-23,2067.7000000000003
6132,60,Basic,Google Ads,Nordeste,29.23,4,10,89.9,No,2024-10-22,899.0
6133,36,Pro,Google Ads,Nordeste,41.58,2,28,49.9,No,2023-10-04,1397.2
6134,25,Basic,Orgânico,Sudeste,9.34,1,17,49.9,No,2024-02-16,848.3
6135,25,Pro,Orgânico,Centro-Oeste,8.87,0,47,89.9,No,2023-11-24,4225.3
6136,59,Pro,Instagram,Sudeste,10.48,1,30,199.9,No,2025-05-18,5997.0
6137,43,Enterprise,Orgânico,Nordeste,6.24,0,22,49.9,No,2024-05-09,1097.8
6138,43,Enterprise,Google Ads,Centro-Oeste,11.47,2,40,199.9,No,2024-03-22,7996.0
6139,40,Enterprise,Indicação,Nordeste,22.42,3,20,199.9,No,2023-03-23,3998.0
6140,60,Basic,Google Ads,Sudeste,4.67,0,6,49.9,No,2023-01-20,299.4
6141,30,Enterprise,LinkedIn,Sudeste,12.26,3,18,49.9,No,2024-10-06,898.1999999999999
6142,45,Basic,Instagram,Nordeste,10.47,3,31,89.9,No,2024-10-24,2786.9
6143,26,Pro,Orgânico,Sudeste,23.94,3,26,49.9,No,2023-05-17,1297.3999999999999
6144,37,Pro,Instagram,Sudeste,20.03,0,47,89.9,No,2024-10-01,4225.3
6145,36,Basic,Instagram,Sudeste,9.26,1,2,49.9,No,2025-10-29,99.8
6146,56,Pro,Orgânico,Sul,28.15,2,45,49.9,No,2023-04-14,2245.5
6147,29,Basic,Instagram,Nordeste,20.49,3,31,89.9,No,2024-03-11,2786.9
6148,32,Basic,Google Ads,Nordeste,17.45,0,13,89.9,No,2025-07-13,1168.7
6149,48,Enterprise,LinkedIn,Sudeste,38.6,2,38,89.9,No,2023-04-01,3416.2000000000003
6150,31,Basic,Orgânico,Nordeste,12.72,2,35,89.9,No,2025-11-06,3146.5
6151,28,Basic,Instagram,Sudeste,10.57,2,25,89.9,No,2023-06-27,2247.5
6152,43,Basic,Google Ads,Sudeste,21.67,1,32,49.9,No,2025-01-18,1596.8
6153,59,Enterprise,Instagram,Nordeste,8.39,2,29,49.9,Yes,2023-10-29,1447.1
6154,44,Basic,Orgânico,Sudeste,13.48,2,35,199.9,No,2025-09-30,6996.5
6155,28,Basic,Google Ads,Sudeste,16.44,3,28,49.9,No,2025-12-25,1397.2
6156,55,Enterprise,Instagram,Nordeste,22.96,2,19,89.9,No,2025-12-11,1708.1000000000001
6157,51,Basic,Indicação,Sudeste,43.76,1,19,49.9,No,2025-01-08,948.1
6158,60,Basic,Google Ads,Sudeste,19.67,2,7,89.9,No,2023-07-28,629.3000000000001
6159,36,Pro,Instagram,Sul,16.93,1,19,49.9,No,2023-09-12,948.1
6160,23,Pro,Orgânico,Norte,36.29,1,8,49.9,No,2025-07-28,399.2
6161,63,Pro,Google Ads,Sudeste,19.79,3,14,199.9,Yes,2025-11-20,2798.6
6162,55,Basic,Orgânico,Sudeste,25.17,2,35,89.9,No,2023-03-15,3146.5
6163,59,Enterprise,Orgânico,Nordeste,11.75,2,8,89.9,No,2023-03-23,719.2
6164,45,Enterprise,Instagram,Nordeste,28.24,2,36,89.9,No,2023-11-10,3236.4
6165,18,Basic,Google Ads,Sudeste,7.79,1,2,49.9,Yes,2023-07-17,99.8
6166,52,Basic,Orgânico,Sul,11.47,0,29,89.9,No,2023-06-13,2607.1000000000004
6167,57,Enterprise,Orgânico,Sudeste,19.74,2,24,89.9,No,2023-07-21,2157.6000000000004
6168,25,Pro,Google Ads,Sudeste,17.1,2,15,49.9,Yes,2024-08-21,748.5
6169,64,Pro,Google Ads,Centro-Oeste,12.43,2,8,89.9,No,2023-05-16,719.2
6170,24,Pro,Indicação,Sudeste,6.52,2,37,49.9,No,2023-08-04,1846.3
6171,28,Pro,Instagram,Sudeste,11.86,0,3,89.9,No,2025-12-02,269.70000000000005
6172,56,Pro,LinkedIn,Centro-Oeste,15.55,3,42,89.9,No,2024-10-31,3775.8
6173,21,Basic,Orgânico,Sudeste,29.27,1,11,49.9,No,2023-06-24,548.9
6174,42,Basic,Instagram,Norte,31.13,0,7,49.9,No,2023-09-07,349.3
6175,29,Enterprise,Orgânico,Sudeste,14.07,1,39,89.9,No,2024-08-11,3506.1000000000004
6176,43,Pro,Indicação,Sudeste,20.55,2,5,89.9,Yes,2024-09-28,449.5
6177,55,Pro,Google Ads,Nordeste,19.17,3,21,89.9,No,2025-04-27,1887.9
6178,63,Enterprise,Indicação,Sudeste,25.45,3,22,89.9,No,2025-04-07,1977.8000000000002
6179,29,Pro,LinkedIn,Sudeste,17.0,0,32,89.9,No,2023-09-23,2876.8
6180,60,Basic,Google Ads,Nordeste,33.9,0,38,49.9,No,2025-02-23,1896.2
6181,54,Pro,Instagram,Sudeste,10.3,1,7,49.9,No,2025-07-03,349.3
6182,63,Basic,LinkedIn,Sudeste,25.44,2,26,49.9,No,2023-06-23,1297.3999999999999
6183,41,Basic,Indicação,Nordeste,23.48,0,27,49.9,No,2024-11-29,1347.3
6184,33,Basic,Orgânico,Centro-Oeste,23.41,1,43,199.9,No,2024-12-10,8595.7
6185,30,Pro,Orgânico,Nordeste,16.49,2,4,49.9,No,2024-01-18,199.6
6186,42,Enterprise,Google Ads,Nordeste,39.19,2,18,49.9,No,2024-10-06,898.1999999999999
6187,21,Basic,Orgânico,Sul,26.08,1,2,49.9,No,2023-03-04,99.8
6188,28,Basic,Google Ads,Centro-Oeste,30.95,0,33,49.9,No,2025-03-06,1646.7
6189,49,Pro,Google Ads,Norte,23.48,1,1,49.9,No,2024-06-03,49.9
6190,24,Pro,Google Ads,Sudeste,54.02,2,30,89.9,No,2024-02-22,2697.0
6191,63,Pro,LinkedIn,Nordeste,9.38,5,43,49.9,No,2024-05-20,2145.7
6192,28,Pro,Google Ads,Sudeste,20.18,2,39,49.9,No,2023-07-27,1946.1
6193,45,Pro,Instagram,Sudeste,18.41,1,25,49.9,No,2023-06-29,1247.5
6194,58,Basic,Google Ads,Sudeste,8.11,2,26,89.9,No,2025-06-19,2337.4
6195,40,Basic,Instagram,Sudeste,40.97,6,31,49.9,No,2024-02-17,1546.8999999999999
6196,62,Basic,Orgânico,Sudeste,57.31,3,16,89.9,No,2023-05-27,1438.4
6197,40,Enterprise,Orgânico,Sudeste,33.7,3,4,49.9,No,2023-06-03,199.6
6198,45,Basic,Indicação,Norte,33.37,1,13,89.9,No,2025-06-09,1168.7
6199,60,Pro,LinkedIn,Sul,21.15,1,27,49.9,No,2023-11-27,1347.3
6200,64,Basic,Indicação,Sudeste,30.46,1,14,49.9,No,2025-11-14,698.6
6201,43,Pro,Orgânico,Sudeste,15.82,1,16,89.9,No,2025-11-28,1438.4
6202,42,Basic,Indicação,Norte,13.43,1,9,199.9,No,2024-05-02,1799.1000000000001
6203,46,Basic,Google Ads,Sudeste,38.97,2,30,49.9,No,2025-10-15,1497.0
6204,36,Basic,Instagram,Nordeste,13.45,1,9,89.9,No,2023-12-08,809.1
6205,50,Pro,Instagram,Nordeste,21.04,3,39,49.9,No,2023-07-05,1946.1
6206,53,Basic,Instagram,Sudeste,7.1,0,27,89.9,No,2025-11-24,2427.3
6207,31,Pro,Instagram,Sul,12.61,3,7,89.9,No,2024-04-21,629.3000000000001
6208,31,Pro,Orgânico,Sudeste,10.58,2,43,199.9,No,2023-02-23,8595.7
6209,52,Pro,Indicação,Sudeste,28.51,7,7,89.9,No,2023-08-20,629.3000000000001
6210,47,Pro,Google Ads,Sul,24.31,0,19,49.9,No,2024-01-02,948.1
6211,45,Enterprise,Instagram,Sudeste,9.14,4,39,49.9,Yes,2024-05-08,1946.1
6212,34,Basic,Indicação,Centro-Oeste,18.11,1,16,49.9,No,2023-11-16,798.4
6213,20,Basic,Google Ads,Sul,10.42,2,16,89.9,No,2025-08-01,1438.4
6214,33,Enterprise,Google Ads,Sudeste,21.04,5,47,89.9,No,2023-07-20,4225.3
6215,63,Basic,Orgânico,Nordeste,21.59,3,34,89.9,No,2023-02-08,3056.6000000000004
6216,47,Pro,LinkedIn,Sudeste,10.31,1,29,49.9,No,2023-09-24,1447.1
6217,46,Basic,Orgânico,Sul,23.44,3,39,89.9,No,2024-10-15,3506.1000000000004
6218,62,Pro,Orgânico,Norte,13.02,1,32,89.9,No,2024-11-03,2876.8
6219,32,Basic,Orgânico,Sul,15.48,4,15,49.9,No,2025-05-06,748.5
6220,63,Enterprise,Google Ads,Sudeste,50.92,2,33,49.9,No,2024-01-26,1646.7
6221,42,Pro,Google Ads,Sul,30.59,0,21,89.9,No,2023-04-24,1887.9
6222,55,Basic,Instagram,Nordeste,40.58,2,31,89.9,No,2024-06-14,2786.9
6223,59,Basic,Google Ads,Sudeste,11.76,1,39,49.9,No,2024-05-29,1946.1
6224,64,Basic,LinkedIn,Sul,27.89,2,29,89.9,No,2025-08-27,2607.1000000000004
6225,55,Pro,Orgânico,Centro-Oeste,18.26,2,16,89.9,No,2023-06-08,1438.4
6226,40,Basic,Orgânico,Sul,13.78,3,45,49.9,No,2025-07-31,2245.5
6227,42,Basic,Orgânico,Sudeste,8.42,1,23,89.9,No,2025-11-02,2067.7000000000003
6228,59,Pro,LinkedIn,Centro-Oeste,19.5,0,37,199.9,No,2023-04-05,7396.3
6229,24,Basic,Indicação,Sul,15.22,1,7,49.9,No,2024-11-13,349.3
6230,39,Basic,Google Ads,Sudeste,10.35,1,32,49.9,No,2024-10-20,1596.8
6231,34,Basic,Instagram,Sudeste,3.24,1,40,89.9,No,2025-01-09,3596.0
6232,35,Pro,Orgânico,Norte,30.89,2,43,49.9,No,2025-02-25,2145.7
6233,58,Enterprise,Google Ads,Norte,11.76,2,30,49.9,No,2025-06-26,1497.0
6234,27,Basic,LinkedIn,Centro-Oeste,24.02,3,10,49.9,No,2025-01-13,499.0
6235,27,Pro,Orgânico,Nordeste,18.36,1,15,199.9,No,2023-02-07,2998.5
6236,24,Basic,Google Ads,Centro-Oeste,13.7,0,13,89.9,No,2023-03-04,1168.7
6237,55,Basic,Orgânico,Nordeste,34.21,0,22,89.9,No,2023-06-17,1977.8000000000002
6238,44,Pro,Google Ads,Sudeste,8.4,0,39,49.9,No,2025-07-12,1946.1
6239,50,Basic,Orgânico,Centro-Oeste,21.47,3,23,49.9,No,2024-10-07,1147.7
6240,18,Pro,Instagram,Nordeste,11.08,0,34,49.9,No,2024-03-11,1696.6
6241,61,Enterprise,Google Ads,Norte,8.87,0,6,89.9,No,2024-10-24,539.4000000000001
6242,51,Enterprise,Google Ads,Sul,24.38,4,45,49.9,No,2023-05-10,2245.5
6243,21,Basic,Indicação,Sul,18.55,1,32,49.9,No,2025-09-19,1596.8
6244,34,Basic,Orgânico,Norte,21.21,1,38,89.9,No,2024-10-18,3416.2000000000003
6245,21,Enterprise,Indicação,Sudeste,7.11,2,12,49.9,No,2023-04-19,598.8
6246,60,Basic,Orgânico,Norte,6.61,2,31,89.9,No,2025-03-08,2786.9
6247,43,Pro,Orgânico,Nordeste,17.74,1,44,49.9,No,2025-10-02,2195.6
6248,21,Basic,Google Ads,Nordeste,16.72,5,15,89.9,No,2025-06-02,1348.5
6249,18,Basic,Indicação,Sudeste,26.03,4,12,49.9,No,2025-12-19,598.8
6250,24,Basic,Instagram,Sudeste,33.02,4,35,199.9,No,2025-09-02,6996.5
6251,47,Enterprise,LinkedIn,Sudeste,21.61,1,1,49.9,No,2024-01-06,49.9
6252,26,Enterprise,Google Ads,Nordeste,19.79,0,44,49.9,No,2024-06-16,2195.6
6253,52,Basic,Instagram,Nordeste,31.27,0,25,89.9,No,2023-05-02,2247.5
6254,25,Pro,Indicação,Sudeste,38.31,2,10,199.9,No,2023-10-01,1999.0
6255,41,Basic,Google Ads,Nordeste,9.29,3,33,49.9,No,2025-03-05,1646.7
6256,36,Basic,Indicação,Centro-Oeste,17.15,2,42,89.9,No,2023-07-16,3775.8
6257,53,Pro,Orgânico,Norte,14.66,2,44,49.9,No,2024-03-20,2195.6
6258,60,Pro,Google Ads,Sudeste,25.38,3,15,49.9,No,2023-03-25,748.5
6259,44,Basic,Orgânico,Sul,15.46,2,8,89.9,No,2024-05-31,719.2
6260,49,Basic,Indicação,Sudeste,15.35,3,38,89.9,No,2025-02-19,3416.2000000000003
6261,31,Enterprise,Google Ads,Sudeste,21.12,3,48,89.9,No,2025-04-05,4315.200000000001
6262,35,Enterprise,Orgânico,Norte,24.55,0,28,49.9,No,2024-02-25,1397.2
6263,45,Pro,Google Ads,Sul,14.61,2,8,89.9,No,2024-07-13,719.2
6264,46,Basic,Instagram,Norte,18.28,2,24,89.9,No,2023-02-25,2157.6000000000004
6265,33,Pro,Google Ads,Norte,7.9,3,2,199.9,No,2023-03-31,399.8
6266,52,Basic,LinkedIn,Sul,15.38,3,3,49.9,No,2024-12-13,149.7
6267,64,Enterprise,LinkedIn,Nordeste,11.88,4,25,49.9,No,2023-10-06,1247.5
6268,48,Basic,Instagram,Sudeste,17.58,2,34,49.9,No,2024-05-19,1696.6
6269,21,Basic,Google Ads,Nordeste,17.56,1,36,89.9,No,2024-05-07,3236.4
6270,54,Basic,Orgânico,Sul,36.09,5,17,49.9,No,2024-03-10,848.3
6271,34,Pro,Orgânico,Norte,20.96,6,19,89.9,No,2025-07-18,1708.1000000000001
6272,56,Pro,LinkedIn,Centro-Oeste,18.48,4,29,49.9,No,2025-08-19,1447.1
6273,63,Basic,Google Ads,Nordeste,15.46,3,19,49.9,No,2023-07-29,948.1
6274,43,Pro,Google Ads,Centro-Oeste,23.43,1,37,89.9,No,2024-10-28,3326.3
6275,56,Pro,Orgânico,Sudeste,9.62,1,36,89.9,No,2025-02-07,3236.4
6276,58,Basic,Google Ads,Sudeste,13.84,1,30,199.9,No,2024-03-12,5997.0
6277,21,Pro,Google Ads,Sudeste,22.95,3,11,89.9,No,2023-08-03,988.9000000000001
6278,47,Enterprise,LinkedIn,Sudeste,11.1,1,9,49.9,No,2023-10-11,449.09999999999997
6279,47,Basic,Indicação,Nordeste,20.32,2,37,89.9,No,2025-06-03,3326.3
6280,39,Basic,LinkedIn,Sul,27.41,3,34,49.9,No,2025-01-22,1696.6
6281,28,Basic,Google Ads,Norte,8.85,3,20,89.9,No,2024-06-29,1798.0
6282,19,Basic,Indicação,Nordeste,15.13,1,4,89.9,No,2025-06-22,359.6
6283,61,Pro,Indicação,Sudeste,10.89,1,5,49.9,Yes,2025-01-19,249.5
6284,29,Pro,Indicação,Sudeste,12.75,3,13,89.9,No,2023-02-04,1168.7
6285,47,Pro,Google Ads,Norte,16.28,2,4,49.9,No,2024-07-23,199.6
6286,53,Basic,Orgânico,Sul,21.98,1,10,89.9,No,2024-10-31,899.0
6287,35,Pro,LinkedIn,Sudeste,35.22,2,45,89.9,Yes,2025-12-24,4045.5000000000005
6288,43,Pro,LinkedIn,Sul,16.06,5,44,49.9,Yes,2023-04-29,2195.6
6289,24,Enterprise,LinkedIn,Norte,18.78,2,44,199.9,No,2025-03-25,8795.6
6290,18,Basic,Instagram,Centro-Oeste,10.35,3,2,89.9,No,2023-09-04,179.8
6291,43,Pro,Instagram,Sudeste,19.19,6,46,199.9,Yes,2023-09-23,9195.4
6292,40,Enterprise,Google Ads,Sudeste,28.33,2,10,49.9,Yes,2024-12-03,499.0
6293,43,Pro,Instagram,Sudeste,24.97,0,47,49.9,No,2025-01-03,2345.2999999999997
6294,62,Basic,LinkedIn,Sul,6.98,4,2,89.9,No,2023-07-19,179.8
6295,23,Basic,Indicação,Nordeste,17.34,1,16,89.9,No,2023-11-09,1438.4
6296,23,Enterprise,Google Ads,Sudeste,8.51,3,7,89.9,No,2025-12-16,629.3000000000001
6297,61,Basic,Orgânico,Nordeste,34.62,2,9,199.9,No,2024-02-10,1799.1000000000001
6298,25,Enterprise,Instagram,Sudeste,13.37,1,47,49.9,No,2023-03-15,2345.2999999999997
6299,41,Pro,Instagram,Sudeste,22.98,1,24,89.9,No,2024-07-05,2157.6000000000004
6300,39,Basic,Google Ads,Sudeste,21.97,0,9,49.9,No,2024-06-20,449.09999999999997
6301,36,Pro,Indicação,Nordeste,23.39,1,46,49.9,No,2025-05-18,2295.4
6302,54,Basic,Indicação,Nordeste,26.82,3,29,199.9,No,2023-06-18,5797.1
6303,35,Basic,Orgânico,Sul,13.15,1,8,89.9,No,2025-08-06,719.2
6304,48,Pro,Instagram,Sul,16.36,5,12,49.9,Yes,2023-09-08,598.8
6305,54,Pro,Instagram,Nordeste,36.87,2,2,89.9,No,2024-08-27,179.8
6306,47,Basic,Indicação,Sul,39.62,1,9,89.9,No,2025-10-20,809.1
6307,59,Pro,Indicação,Sudeste,28.44,1,7,49.9,No,2025-08-21,349.3
6308,50,Basic,Orgânico,Sudeste,22.86,4,29,49.9,No,2025-10-03,1447.1
6309,27,Pro,Google Ads,Sudeste,17.38,2,32,89.9,No,2025-10-10,2876.8
6310,54,Pro,Indicação,Sudeste,31.03,3,20,89.9,No,2025-10-11,1798.0
6311,29,Basic,Google Ads,Sudeste,20.5,5,23,89.9,No,2023-12-08,2067.7000000000003
6312,47,Enterprise,LinkedIn,Sudeste,27.83,2,25,89.9,No,2024-12-18,2247.5
6313,44,Pro,Google Ads,Sudeste,39.08,0,15,199.9,No,2023-11-17,2998.5
6314,56,Pro,Indicação,Nordeste,43.77,2,33,49.9,No,2024-07-01,1646.7
6315,26,Pro,Indicação,Sul,25.88,0,36,49.9,No,2024-02-12,1796.3999999999999
6316,38,Basic,Google Ads,Sudeste,28.91,0,30,89.9,No,2023-07-20,2697.0
6317,29,Basic,Instagram,Sudeste,11.36,5,16,49.9,No,2025-11-19,798.4
6318,46,Pro,Instagram,Nordeste,8.54,1,9,89.9,No,2025-03-08,809.1
6319,50,Enterprise,Google Ads,Sudeste,21.59,2,44,49.9,No,2024-03-24,2195.6
6320,60,Pro,Google Ads,Nordeste,22.83,4,10,49.9,Yes,2023-06-15,499.0
6321,32,Basic,Instagram,Centro-Oeste,29.11,5,36,49.9,No,2025-06-01,1796.3999999999999
6322,19,Basic,Orgânico,Nordeste,11.27,4,32,49.9,No,2025-02-07,1596.8
6323,56,Basic,Instagram,Sudeste,5.57,2,47,89.9,No,2023-10-14,4225.3
6324,61,Basic,Instagram,Sudeste,18.06,0,14,199.9,No,2023-10-19,2798.6
6325,35,Pro,Orgânico,Nordeste,6.88,0,35,89.9,No,2024-10-10,3146.5
6326,20,Pro,Google Ads,Sudeste,9.99,0,14,49.9,Yes,2025-08-08,698.6
6327,24,Basic,Orgânico,Nordeste,22.67,4,1,49.9,No,2024-10-24,49.9
6328,60,Pro,LinkedIn,Sul,17.55,1,24,49.9,Yes,2025-04-02,1197.6
6329,35,Pro,Orgânico,Sudeste,7.55,2,12,89.9,No,2023-09-21,1078.8000000000002
6330,61,Basic,Instagram,Nordeste,13.1,1,48,89.9,No,2023-08-18,4315.200000000001
6331,55,Pro,Indicação,Nordeste,16.61,4,41,199.9,No,2024-09-25,8195.9
6332,54,Basic,Google Ads,Nordeste,11.56,2,9,89.9,Yes,2023-08-25,809.1
6333,50,Pro,Orgânico,Centro-Oeste,20.53,3,13,89.9,No,2025-06-27,1168.7
6334,61,Pro,Instagram,Norte,7.68,1,26,49.9,No,2024-10-13,1297.3999999999999
6335,48,Pro,LinkedIn,Sudeste,29.65,3,15,49.9,No,2024-12-16,748.5
6336,28,Enterprise,Google Ads,Sudeste,32.12,1,44,49.9,No,2025-12-21,2195.6
6337,21,Basic,Orgânico,Sul,29.74,1,16,199.9,No,2025-02-15,3198.4
6338,35,Pro,Indicação,Norte,35.93,2,10,49.9,No,2023-05-05,499.0
6339,21,Pro,Google Ads,Sudeste,14.21,0,17,49.9,No,2023-10-06,848.3
6340,51,Pro,Google Ads,Nordeste,19.66,2,40,89.9,No,2025-09-20,3596.0
6341,46,Pro,Instagram,Sul,28.7,5,45,89.9,No,2025-05-17,4045.5000000000005
6342,41,Pro,Google Ads,Sudeste,33.37,0,10,49.9,No,2025-12-13,499.0
6343,39,Pro,Instagram,Centro-Oeste,12.26,1,47,49.9,No,2024-01-21,2345.2999999999997
6344,19,Basic,Orgânico,Sudeste,27.14,2,47,49.9,No,2024-07-11,2345.2999999999997
6345,61,Basic,Indicação,Sudeste,25.43,2,10,89.9,No,2025-07-05,899.0
6346,23,Pro,Orgânico,Sudeste,10.28,1,35,89.9,No,2023-08-24,3146.5
6347,59,Pro,Instagram,Sul,29.59,1,41,89.9,No,2023-07-04,3685.9
6348,42,Enterprise,Indicação,Sudeste,15.79,4,8,49.9,No,2023-09-26,399.2
6349,38,Basic,LinkedIn,Sul,14.97,1,10,49.9,No,2023-09-04,499.0
6350,33,Basic,Instagram,Centro-Oeste,23.07,2,7,49.9,No,2023-08-30,349.3
6351,48,Pro,LinkedIn,Sudeste,9.23,0,34,89.9,No,2023-10-08,3056.6000000000004
6352,31,Enterprise,Instagram,Sudeste,20.62,5,1,49.9,Yes,2024-02-28,49.9
6353,56,Enterprise,Orgânico,Sul,9.75,5,5,49.9,No,2023-05-30,249.5
6354,45,Basic,LinkedIn,Sudeste,30.38,4,17,89.9,No,2025-01-02,1528.3000000000002
6355,49,Basic,Orgânico,Sudeste,15.49,2,48,199.9,No,2024-01-09,9595.2
6356,45,Basic,Indicação,Nordeste,13.79,4,20,89.9,No,2023-04-02,1798.0
6357,26,Basic,LinkedIn,Centro-Oeste,14.67,1,4,89.9,Yes,2023-08-02,359.6
6358,62,Enterprise,LinkedIn,Norte,15.84,0,46,89.9,No,2024-12-22,4135.400000000001
6359,39,Basic,Instagram,Norte,14.77,1,34,49.9,No,2024-11-11,1696.6
6360,49,Basic,Google Ads,Nordeste,36.84,2,36,199.9,Yes,2024-06-24,7196.400000000001
6361,22,Basic,Orgânico,Nordeste,39.84,0,47,89.9,No,2024-05-06,4225.3
6362,40,Basic,Orgânico,Centro-Oeste,19.02,5,1,199.9,No,2024-05-18,199.9
6363,22,Pro,Google Ads,Centro-Oeste,13.19,2,40,89.9,No,2023-09-13,3596.0
6364,59,Basic,Orgânico,Centro-Oeste,28.31,2,29,49.9,No,2024-09-12,1447.1
6365,49,Basic,Google Ads,Sudeste,16.86,0,20,49.9,No,2023-08-21,998.0
6366,27,Enterprise,LinkedIn,Sudeste,12.15,3,29,49.9,No,2025-08-22,1447.1
6367,56,Basic,Instagram,Sudeste,25.97,1,16,49.9,No,2024-01-28,798.4
6368,32,Pro,Google Ads,Nordeste,28.49,4,16,89.9,No,2023-11-07,1438.4
6369,24,Basic,Google Ads,Sudeste,21.67,3,36,89.9,No,2024-09-29,3236.4
6370,46,Pro,Instagram,Sul,10.86,4,45,199.9,No,2023-12-05,8995.5
6371,64,Basic,Google Ads,Sudeste,28.6,2,40,89.9,No,2025-08-20,3596.0
6372,20,Basic,Google Ads,Norte,9.12,1,24,89.9,No,2024-09-07,2157.6000000000004
6373,36,Pro,Google Ads,Sudeste,33.77,6,17,49.9,No,2025-06-22,848.3
6374,27,Basic,Google Ads,Centro-Oeste,19.12,1,27,89.9,No,2024-10-18,2427.3
6375,45,Pro,Google Ads,Norte,21.5,3,40,89.9,No,2025-03-19,3596.0
6376,46,Basic,LinkedIn,Sudeste,11.39,0,9,49.9,No,2024-06-28,449.09999999999997
6377,32,Pro,Orgânico,Nordeste,24.4,2,20,49.9,No,2024-08-25,998.0
6378,52,Enterprise,Google Ads,Nordeste,14.73,2,46,89.9,No,2023-08-11,4135.400000000001
6379,23,Basic,Google Ads,Sudeste,49.93,0,24,89.9,No,2024-01-28,2157.6000000000004
6380,29,Basic,Indicação,Sul,28.69,2,42,199.9,No,2025-02-25,8395.800000000001
6381,64,Pro,Google Ads,Sudeste,32.52,3,21,49.9,No,2024-08-23,1047.8999999999999
6382,55,Pro,Indicação,Sudeste,17.44,0,17,49.9,No,2023-10-26,848.3
6383,30,Basic,Google Ads,Norte,27.05,5,39,49.9,No,2025-12-19,1946.1
6384,46,Pro,Google Ads,Sudeste,25.88,4,31,89.9,No,2023-09-17,2786.9
6385,36,Basic,Google Ads,Norte,27.64,0,14,49.9,No,2024-05-13,698.6
6386,20,Basic,Google Ads,Sudeste,15.3,3,37,199.9,No,2025-04-29,7396.3
6387,25,Enterprise,Orgânico,Norte,16.1,0,13,199.9,No,2023-11-30,2598.7000000000003
6388,25,Pro,Google Ads,Sudeste,7.62,2,29,49.9,No,2025-03-26,1447.1
6389,37,Pro,Orgânico,Centro-Oeste,13.29,1,33,49.9,No,2025-03-14,1646.7
6390,64,Basic,Instagram,Sul,14.71,2,21,49.9,No,2024-03-07,1047.8999999999999
6391,21,Basic,Orgânico,Sudeste,21.36,3,43,199.9,No,2023-07-26,8595.7
6392,38,Enterprise,Google Ads,Sudeste,23.2,3,6,49.9,No,2025-05-06,299.4
6393,20,Basic,Google Ads,Sul,6.79,2,15,49.9,No,2025-07-14,748.5
6394,62,Basic,LinkedIn,Sudeste,14.97,0,14,89.9,No,2023-12-21,1258.6000000000001
6395,25,Basic,Google Ads,Sudeste,13.17,1,32,89.9,No,2023-03-22,2876.8
6396,40,Pro,Orgânico,Sudeste,31.53,0,9,49.9,No,2025-01-05,449.09999999999997
6397,33,Basic,Instagram,Nordeste,14.54,1,46,199.9,No,2024-01-07,9195.4
6398,30,Basic,Indicação,Centro-Oeste,15.66,2,10,49.9,No,2024-07-03,499.0
6399,20,Enterprise,Google Ads,Nordeste,32.38,4,19,89.9,No,2025-12-19,1708.1000000000001
6400,26,Pro,Indicação,Nordeste,32.74,3,3,89.9,No,2023-06-15,269.70000000000005
6401,31,Basic,LinkedIn,Nordeste,18.06,1,32,89.9,No,2023-11-22,2876.8
6402,30,Pro,Orgânico,Sudeste,30.52,2,1,49.9,No,2024-04-24,49.9
6403,24,Basic,Instagram,Sudeste,19.62,0,16,49.9,No,2024-09-18,798.4
6404,32,Basic,Orgânico,Sudeste,7.06,4,38,49.9,No,2023-05-06,1896.2
6405,24,Pro,Orgânico,Sudeste,10.9,0,45,49.9,No,2024-05-26,2245.5
6406,55,Basic,Orgânico,Sudeste,22.4,1,32,89.9,No,2023-06-26,2876.8
6407,51,Basic,LinkedIn,Sudeste,22.77,1,2,89.9,No,2024-11-24,179.8
6408,58,Pro,Instagram,Sul,27.41,4,36,89.9,No,2023-01-21,3236.4
6409,39,Enterprise,Google Ads,Sudeste,19.41,2,19,89.9,No,2024-04-28,1708.1000000000001
6410,41,Pro,Orgânico,Nordeste,23.72,2,47,89.9,No,2023-05-30,4225.3
6411,54,Basic,Orgânico,Sudeste,11.45,3,15,89.9,No,2025-04-27,1348.5
6412,61,Basic,Google Ads,Sul,43.24,2,5,89.9,No,2024-12-22,449.5
6413,18,Basic,Instagram,Sudeste,34.82,2,14,49.9,No,2024-11-02,698.6
6414,27,Basic,Orgânico,Sudeste,11.7,3,5,49.9,No,2025-07-01,249.5
6415,60,Basic,Google Ads,Sudeste,11.9,4,11,49.9,No,2025-10-05,548.9
6416,33,Pro,Google Ads,Sudeste,23.23,2,27,89.9,No,2024-05-24,2427.3
6417,63,Basic,Orgânico,Sul,17.74,0,39,49.9,No,2024-11-10,1946.1
6418,25,Basic,Orgânico,Sudeste,29.63,1,37,49.9,No,2024-01-18,1846.3
6419,42,Pro,Orgânico,Sudeste,20.24,0,7,89.9,Yes,2023-02-09,629.3000000000001
6420,29,Basic,Google Ads,Sudeste,36.71,1,2,89.9,No,2025-06-03,179.8
6421,42,Enterprise,Google Ads,Sudeste,18.7,3,42,49.9,No,2023-06-21,2095.7999999999997
6422,34,Basic,Indicação,Nordeste,29.06,1,23,49.9,No,2024-09-26,1147.7
6423,43,Enterprise,LinkedIn,Sudeste,20.51,1,21,199.9,No,2023-09-30,4197.900000000001
6424,63,Enterprise,Instagram,Sudeste,19.11,3,23,49.9,No,2024-06-12,1147.7
6425,31,Pro,Orgânico,Sudeste,20.04,1,1,89.9,No,2023-07-28,89.9
6426,58,Basic,Orgânico,Sudeste,2.78,2,29,49.9,No,2025-07-30,1447.1
6427,53,Enterprise,Instagram,Norte,14.47,3,35,49.9,No,2023-05-23,1746.5
6428,40,Basic,Google Ads,Sul,16.33,4,35,89.9,No,2025-07-06,3146.5
6429,60,Basic,Google Ads,Sudeste,24.34,0,37,49.9,No,2025-07-05,1846.3
6430,23,Basic,LinkedIn,Sudeste,27.93,0,47,49.9,No,2025-01-10,2345.2999999999997
6431,64,Basic,Google Ads,Nordeste,18.15,2,18,89.9,No,2023-03-11,1618.2
6432,22,Basic,LinkedIn,Norte,28.76,1,33,49.9,No,2024-01-20,1646.7
6433,60,Basic,LinkedIn,Nordeste,33.19,6,6,89.9,No,2025-11-11,539.4000000000001
6434,42,Basic,Orgânico,Sudeste,14.73,3,10,49.9,No,2024-04-15,499.0
6435,35,Pro,Instagram,Norte,17.5,3,28,89.9,No,2024-06-01,2517.2000000000003
6436,30,Basic,LinkedIn,Sul,20.34,4,12,89.9,No,2025-04-30,1078.8000000000002
6437,60,Pro,Indicação,Centro-Oeste,12.45,4,4,89.9,No,2024-08-28,359.6
6438,31,Enterprise,LinkedIn,Norte,19.77,2,25,49.9,No,2025-05-27,1247.5
6439,45,Basic,Orgânico,Nordeste,25.54,6,7,199.9,No,2025-09-03,1399.3
6440,35,Pro,Indicação,Sudeste,34.18,1,38,89.9,Yes,2025-08-16,3416.2000000000003
6441,45,Enterprise,Orgânico,Nordeste,18.05,2,20,49.9,No,2024-12-04,998.0
6442,44,Basic,Google Ads,Sudeste,26.83,3,44,199.9,No,2023-10-12,8795.6
6443,49,Basic,LinkedIn,Sul,15.6,0,23,89.9,No,2024-03-06,2067.7000000000003
6444,64,Enterprise,LinkedIn,Nordeste,12.59,1,8,89.9,No,2024-03-03,719.2
6445,26,Enterprise,Orgânico,Sudeste,34.53,0,41,49.9,Yes,2023-11-28,2045.8999999999999
6446,57,Pro,Google Ads,Sul,18.53,2,17,49.9,No,2024-03-19,848.3
6447,49,Basic,Google Ads,Sudeste,19.53,3,29,89.9,No,2024-03-18,2607.1000000000004
6448,37,Enterprise,Indicação,Centro-Oeste,12.56,3,48,199.9,No,2024-04-22,9595.2
6449,45,Basic,Google Ads,Sul,15.27,2,35,199.9,No,2024-05-19,6996.5
6450,50,Basic,Indicação,Sul,27.96,0,26,199.9,No,2023-05-29,5197.400000000001
6451,21,Basic,Orgânico,Nordeste,16.64,1,10,89.9,No,2023-09-06,899.0
6452,63,Basic,Orgânico,Sul,21.12,3,11,49.9,No,2024-08-26,548.9
6453,51,Pro,Google Ads,Sudeste,5.55,2,15,89.9,Yes,2024-10-21,1348.5
6454,20,Pro,Google Ads,Norte,31.45,5,18,49.9,Yes,2023-08-31,898.1999999999999
6455,43,Pro,LinkedIn,Sudeste,16.92,0,4,89.9,No,2023-09-24,359.6
6456,25,Basic,LinkedIn,Sul,25.98,3,27,49.9,No,2025-04-28,1347.3
6457,23,Pro,Indicação,Sudeste,21.39,1,45,89.9,Yes,2023-10-23,4045.5000000000005
6458,33,Pro,Indicação,Centro-Oeste,19.88,1,5,89.9,No,2025-07-10,449.5
6459,41,Basic,Indicação,Nordeste,25.57,3,6,199.9,No,2024-07-10,1199.4
6460,56,Enterprise,Google Ads,Centro-Oeste,26.17,0,10,89.9,No,2023-01-15,899.0
6461,47,Pro,Orgânico,Sul,16.79,1,19,49.9,No,2023-12-03,948.1
6462,62,Pro,Google Ads,Sul,22.39,0,12,49.9,No,2023-07-25,598.8
6463,30,Basic,Google Ads,Sudeste,44.02,5,24,199.9,No,2024-02-15,4797.6
6464,22,Pro,Orgânico,Nordeste,9.19,0,16,89.9,No,2023-11-18,1438.4
6465,42,Enterprise,LinkedIn,Sudeste,13.65,2,9,49.9,Yes,2024-08-19,449.09999999999997
6466,37,Basic,Indicação,Sul,9.65,2,13,89.9,Yes,2024-07-18,1168.7
6467,35,Pro,Instagram,Nordeste,15.38,0,18,89.9,Yes,2024-07-06,1618.2
6468,64,Basic,Google Ads,Centro-Oeste,14.73,3,32,89.9,No,2025-03-17,2876.8
6469,35,Pro,Instagram,Nordeste,25.26,3,44,89.9,No,2025-08-22,3955.6000000000004
6470,19,Pro,Indicação,Sudeste,9.87,0,19,89.9,No,2024-05-15,1708.1000000000001
6471,27,Pro,Google Ads,Sudeste,26.72,1,38,89.9,No,2023-11-16,3416.2000000000003
6472,62,Enterprise,Indicação,Sudeste,24.09,1,21,89.9,No,2025-01-22,1887.9
6473,64,Basic,Orgânico,Nordeste,5.76,1,21,49.9,No,2024-02-23,1047.8999999999999
6474,29,Basic,LinkedIn,Nordeste,18.06,4,6,89.9,No,2024-05-26,539.4000000000001
6475,64,Pro,Orgânico,Nordeste,18.34,2,2,89.9,No,2023-06-04,179.8
6476,30,Basic,Orgânico,Sudeste,22.08,1,6,199.9,No,2024-10-02,1199.4
6477,64,Pro,Orgânico,Centro-Oeste,13.56,3,17,89.9,No,2024-11-25,1528.3000000000002
6478,28,Basic,Indicação,Sudeste,43.19,2,30,49.9,No,2025-08-02,1497.0
6479,36,Basic,Instagram,Nordeste,14.75,4,11,199.9,No,2023-01-09,2198.9
6480,52,Pro,LinkedIn,Sul,8.83,3,25,49.9,No,2024-04-28,1247.5
6481,56,Pro,Indicação,Sul,21.19,1,35,89.9,No,2023-12-30,3146.5
6482,43,Basic,Google Ads,Sul,27.51,2,9,49.9,No,2023-07-17,449.09999999999997
6483,63,Basic,Indicação,Sudeste,17.1,1,25,89.9,No,2023-12-29,2247.5
6484,31,Basic,LinkedIn,Sul,10.72,3,45,89.9,Yes,2023-01-11,4045.5000000000005
6485,62,Basic,Google Ads,Sul,22.99,2,8,89.9,Yes,2024-06-01,719.2
6486,61,Basic,LinkedIn,Sudeste,12.04,2,3,49.9,No,2023-08-16,149.7
6487,41,Basic,Google Ads,Sul,16.46,0,26,89.9,No,2024-09-15,2337.4
6488,58,Pro,Google Ads,Nordeste,20.4,3,38,89.9,No,2023-11-19,3416.2000000000003
6489,18,Pro,Orgânico,Sul,16.49,1,22,49.9,No,2024-10-29,1097.8
6490,60,Basic,LinkedIn,Norte,40.06,6,24,49.9,No,2024-04-16,1197.6
6491,39,Pro,LinkedIn,Nordeste,30.79,1,21,199.9,No,2024-11-17,4197.900000000001
6492,40,Enterprise,Instagram,Sudeste,56.54,1,16,89.9,No,2023-05-23,1438.4
6493,36,Basic,LinkedIn,Sul,7.71,2,46,49.9,No,2023-09-05,2295.4
6494,35,Basic,Google Ads,Sul,20.88,1,36,199.9,No,2023-02-21,7196.400000000001
6495,29,Pro,Indicação,Sudeste,26.58,0,10,89.9,Yes,2025-11-17,899.0
6496,45,Basic,Orgânico,Centro-Oeste,19.05,3,2,89.9,No,2025-11-22,179.8
6497,45,Pro,Orgânico,Sudeste,31.2,0,33,89.9,No,2025-06-01,2966.7000000000003
6498,50,Pro,Google Ads,Sudeste,19.57,1,27,89.9,No,2024-12-08,2427.3
6499,36,Pro,LinkedIn,Sudeste,14.93,4,17,89.9,No,2025-07-15,1528.3000000000002
6500,45,Pro,Orgânico,Sudeste,13.24,0,11,49.9,No,2023-05-21,548.9
6501,54,Pro,Google Ads,Norte,2.33,2,9,199.9,No,2023-06-03,1799.1000000000001
6502,43,Basic,Google Ads,Sudeste,5.59,3,10,89.9,No,2023-10-18,899.0
6503,52,Basic,Orgânico,Sudeste,14.02,3,11,49.9,No,2025-06-23,548.9
6504,51,Enterprise,Orgânico,Sul,21.93,4,15,49.9,No,2025-10-03,748.5
6505,52,Enterprise,Instagram,Centro-Oeste,19.67,3,2,89.9,No,2025-09-07,179.8
6506,57,Pro,Google Ads,Sudeste,12.16,1,17,89.9,No,2025-11-18,1528.3000000000002
6507,33,Enterprise,LinkedIn,Sudeste,61.58,2,11,49.9,No,2025-11-05,548.9
6508,55,Basic,Instagram,Sudeste,18.5,2,43,199.9,No,2025-11-25,8595.7
6509,30,Basic,LinkedIn,Sudeste,28.93,1,38,89.9,No,2023-08-01,3416.2000000000003
6510,40,Basic,Instagram,Centro-Oeste,7.81,4,32,199.9,Yes,2023-07-08,6396.8
6511,39,Basic,LinkedIn,Sudeste,22.35,1,5,49.9,No,2025-01-11,249.5
6512,33,Pro,Indicação,Nordeste,30.95,3,18,49.9,No,2025-12-30,898.1999999999999
6513,45,Enterprise,Orgânico,Sudeste,6.96,3,46,199.9,Yes,2024-02-09,9195.4
6514,52,Pro,Indicação,Sudeste,15.93,2,37,89.9,No,2025-06-19,3326.3
6515,62,Pro,Google Ads,Centro-Oeste,30.99,2,48,49.9,No,2023-06-18,2395.2
6516,63,Basic,Instagram,Sudeste,29.54,5,46,89.9,No,2024-08-31,4135.400000000001
6517,25,Basic,Google Ads,Centro-Oeste,16.31,2,2,49.9,No,2023-02-28,99.8
6518,61,Basic,LinkedIn,Sudeste,20.4,2,39,49.9,No,2025-07-27,1946.1
6519,39,Pro,Orgânico,Norte,15.06,3,27,199.9,No,2025-04-03,5397.3
6520,38,Basic,Indicação,Sudeste,18.77,1,8,89.9,Yes,2024-07-02,719.2
6521,43,Enterprise,Google Ads,Sudeste,31.17,2,43,199.9,No,2024-04-30,8595.7
6522,57,Enterprise,Instagram,Sudeste,17.7,3,28,89.9,No,2023-10-23,2517.2000000000003
6523,38,Basic,Google Ads,Sul,40.76,2,28,89.9,No,2023-08-15,2517.2000000000003
6524,42,Basic,Google Ads,Centro-Oeste,17.07,2,5,89.9,No,2023-10-16,449.5
6525,58,Pro,LinkedIn,Sudeste,14.56,0,30,89.9,No,2023-04-28,2697.0
6526,18,Basic,Instagram,Norte,20.48,2,43,89.9,No,2025-01-31,3865.7000000000003
6527,23,Pro,Google Ads,Sudeste,13.33,3,27,49.9,No,2024-03-09,1347.3
6528,40,Pro,Google Ads,Sudeste,31.75,1,27,89.9,No,2025-12-19,2427.3
6529,40,Basic,Indicação,Nordeste,10.32,0,25,199.9,No,2023-12-19,4997.5
6530,60,Pro,LinkedIn,Nordeste,24.07,0,27,49.9,No,2025-09-22,1347.3
6531,60,Basic,Orgânico,Sudeste,11.67,1,12,49.9,No,2024-07-07,598.8
6532,40,Enterprise,Google Ads,Norte,7.01,1,4,199.9,No,2025-02-23,799.6
6533,49,Basic,Orgânico,Norte,12.26,2,34,49.9,No,2023-02-23,1696.6
6534,47,Enterprise,LinkedIn,Norte,12.83,3,24,199.9,No,2024-07-17,4797.6
6535,30,Pro,Instagram,Nordeste,21.67,1,36,89.9,No,2023-10-22,3236.4
6536,60,Pro,Instagram,Nordeste,17.69,1,17,89.9,No,2024-08-01,1528.3000000000002
6537,35,Basic,Instagram,Sudeste,22.75,2,32,49.9,No,2025-07-24,1596.8
6538,40,Pro,LinkedIn,Nordeste,28.53,0,44,89.9,No,2025-07-10,3955.6000000000004
6539,32,Pro,Google Ads,Sudeste,18.07,4,45,49.9,No,2023-07-09,2245.5
6540,50,Pro,Orgânico,Sudeste,9.12,2,12,49.9,No,2023-12-13,598.8
6541,38,Pro,Google Ads,Sudeste,12.44,1,6,49.9,No,2023-03-12,299.4
6542,56,Pro,LinkedIn,Norte,19.97,0,32,89.9,No,2024-09-27,2876.8
6543,40,Enterprise,Instagram,Sul,11.06,1,2,89.9,No,2025-05-02,179.8
6544,44,Basic,LinkedIn,Nordeste,11.63,0,16,49.9,No,2025-07-02,798.4
6545,62,Pro,Orgânico,Sudeste,15.16,1,45,89.9,No,2024-07-09,4045.5000000000005
6546,61,Basic,Orgânico,Sudeste,19.25,2,27,89.9,No,2024-08-25,2427.3
6547,35,Pro,Google Ads,Sul,15.62,2,4,89.9,No,2023-03-15,359.6
6548,41,Enterprise,Instagram,Sudeste,3.49,2,28,89.9,No,2024-02-18,2517.2000000000003
6549,64,Basic,Orgânico,Norte,12.84,5,16,49.9,No,2023-03-10,798.4
6550,57,Pro,Instagram,Sudeste,25.83,1,23,89.9,No,2023-08-04,2067.7000000000003
6551,59,Pro,Indicação,Centro-Oeste,22.13,1,47,89.9,No,2025-04-07,4225.3
6552,24,Basic,Orgânico,Sul,13.55,3,45,49.9,No,2024-11-18,2245.5
6553,37,Pro,Indicação,Norte,27.01,2,10,49.9,No,2023-12-31,499.0
6554,44,Basic,Google Ads,Nordeste,31.65,0,18,89.9,No,2023-05-21,1618.2
6555,23,Enterprise,Orgânico,Sudeste,24.16,1,35,49.9,No,2024-09-21,1746.5
6556,44,Enterprise,Orgânico,Sudeste,17.35,6,4,49.9,No,2025-07-27,199.6
6557,26,Pro,Indicação,Sudeste,20.6,2,21,89.9,No,2023-06-04,1887.9
6558,62,Pro,Instagram,Sudeste,10.84,2,26,49.9,No,2023-06-01,1297.3999999999999
6559,48,Pro,Orgânico,Sudeste,14.79,2,16,49.9,No,2023-03-19,798.4
6560,38,Basic,Orgânico,Norte,9.67,2,36,49.9,No,2024-12-16,1796.3999999999999
6561,43,Basic,Orgânico,Nordeste,33.66,1,19,89.9,No,2025-06-23,1708.1000000000001
6562,57,Pro,Instagram,Sudeste,8.37,0,21,49.9,No,2024-08-11,1047.8999999999999
6563,62,Enterprise,Orgânico,Norte,18.08,2,35,89.9,No,2024-12-31,3146.5
6564,30,Pro,Indicação,Sul,14.74,3,39,89.9,No,2024-12-12,3506.1000000000004
6565,40,Pro,Google Ads,Sudeste,5.54,2,37,89.9,No,2025-04-21,3326.3
6566,37,Pro,LinkedIn,Sudeste,28.26,0,21,49.9,No,2023-07-10,1047.8999999999999
6567,54,Basic,Indicação,Sul,12.95,1,21,89.9,No,2025-07-28,1887.9
6568,45,Pro,Orgânico,Sudeste,6.14,1,13,49.9,Yes,2025-09-19,648.6999999999999
6569,34,Basic,Orgânico,Sudeste,12.12,1,1,89.9,Yes,2023-03-17,89.9
6570,45,Basic,Google Ads,Nordeste,15.77,5,35,89.9,No,2025-09-18,3146.5
6571,58,Pro,LinkedIn,Norte,11.43,1,48,89.9,No,2023-04-21,4315.200000000001
6572,19,Pro,LinkedIn,Centro-Oeste,12.38,3,33,49.9,No,2025-02-15,1646.7
6573,42,Pro,Orgânico,Sudeste,20.69,7,38,49.9,No,2024-05-22,1896.2
6574,58,Pro,Google Ads,Sudeste,19.37,6,9,199.9,No,2024-07-16,1799.1000000000001
6575,23,Pro,Indicação,Sudeste,26.53,4,31,89.9,No,2023-11-03,2786.9
6576,28,Pro,Indicação,Nordeste,13.32,2,22,89.9,No,2025-08-24,1977.8000000000002
6577,55,Enterprise,Orgânico,Sudeste,24.3,3,6,49.9,No,2025-06-06,299.4
6578,23,Basic,LinkedIn,Sudeste,12.97,4,48,49.9,Yes,2025-03-16,2395.2
6579,62,Enterprise,Indicação,Sul,38.68,1,27,89.9,No,2023-03-02,2427.3
6580,28,Pro,Orgânico,Norte,35.37,3,23,89.9,No,2024-10-03,2067.7000000000003
6581,31,Pro,Indicação,Sul,19.52,1,30,89.9,No,2024-11-28,2697.0
6582,19,Pro,Google Ads,Norte,12.84,1,3,89.9,No,2024-08-08,269.70000000000005
6583,57,Basic,Google Ads,Sudeste,17.45,0,20,199.9,No,2024-04-29,3998.0
6584,20,Basic,Orgânico,Centro-Oeste,38.25,1,22,49.9,No,2023-10-22,1097.8
6585,52,Pro,Instagram,Sudeste,12.12,3,21,49.9,No,2024-01-10,1047.8999999999999
6586,50,Pro,Indicação,Nordeste,30.76,1,15,89.9,No,2025-11-25,1348.5
6587,41,Pro,Indicação,Sudeste,8.3,1,42,89.9,No,2025-12-26,3775.8
6588,36,Pro,Orgânico,Sul,25.96,1,15,89.9,No,2024-02-18,1348.5
6589,35,Basic,LinkedIn,Sudeste,14.52,3,47,49.9,No,2025-01-07,2345.2999999999997
6590,41,Basic,Indicação,Sudeste,13.94,1,15,89.9,No,2023-08-15,1348.5
6591,62,Pro,Google Ads,Nordeste,14.91,1,5,89.9,No,2025-11-17,449.5
6592,52,Basic,LinkedIn,Nordeste,43.57,4,41,49.9,No,2025-05-13,2045.8999999999999
6593,18,Pro,Google Ads,Nordeste,29.95,4,20,89.9,No,2025-01-20,1798.0
6594,53,Basic,Orgânico,Sul,24.45,2,22,89.9,No,2024-09-27,1977.8000000000002
6595,42,Pro,Orgânico,Sudeste,49.14,0,28,199.9,No,2023-04-13,5597.2
6596,62,Basic,Google Ads,Norte,11.1,0,27,89.9,No,2023-07-15,2427.3
6597,60,Basic,Instagram,Nordeste,8.89,0,13,89.9,No,2025-09-02,1168.7
6598,51,Pro,Indicação,Sul,13.09,1,14,199.9,No,2024-06-30,2798.6
6599,42,Pro,Indicação,Centro-Oeste,17.0,1,10,89.9,No,2025-07-04,899.0
6600,33,Basic,Indicação,Nordeste,30.58,1,10,49.9,No,2025-07-20,499.0
6601,51,Enterprise,Orgânico,Sudeste,8.96,3,19,89.9,Yes,2025-07-22,1708.1000000000001
6602,46,Basic,Orgânico,Sul,13.89,2,27,89.9,No,2023-01-28,2427.3
6603,36,Basic,Instagram,Sul,8.23,0,24,89.9,No,2024-06-23,2157.6000000000004
6604,40,Basic,Instagram,Norte,33.58,1,41,49.9,No,2024-05-10,2045.8999999999999
6605,36,Basic,LinkedIn,Sudeste,7.17,2,43,89.9,No,2024-12-19,3865.7000000000003
6606,42,Pro,Orgânico,Sudeste,13.71,3,1,89.9,Yes,2023-01-25,89.9
6607,33,Basic,LinkedIn,Nordeste,14.71,4,27,49.9,No,2024-10-08,1347.3
6608,26,Pro,Indicação,Centro-Oeste,21.43,2,8,49.9,No,2023-01-24,399.2
6609,18,Basic,Google Ads,Norte,9.92,1,17,89.9,Yes,2023-11-27,1528.3000000000002
6610,59,Pro,Orgânico,Sul,17.39,2,41,49.9,No,2024-09-16,2045.8999999999999
6611,36,Basic,Orgânico,Nordeste,29.35,4,28,49.9,No,2024-12-19,1397.2
6612,50,Basic,Instagram,Sul,16.21,3,44,49.9,No,2025-02-16,2195.6
6613,51,Basic,Instagram,Sul,12.61,1,43,199.9,No,2024-08-27,8595.7
6614,33,Pro,Google Ads,Sul,18.55,2,27,49.9,No,2025-02-18,1347.3
6615,61,Pro,Orgânico,Centro-Oeste,49.2,1,33,49.9,No,2025-10-10,1646.7
6616,57,Pro,Orgânico,Centro-Oeste,7.85,1,24,89.9,No,2023-06-06,2157.6000000000004
6617,35,Pro,Indicação,Sudeste,4.21,0,1,49.9,No,2025-02-05,49.9
6618,51,Pro,Google Ads,Sul,17.2,4,44,49.9,No,2023-04-15,2195.6
6619,42,Pro,Instagram,Centro-Oeste,25.29,2,8,89.9,No,2025-07-21,719.2
6620,62,Basic,LinkedIn,Sul,14.31,2,45,89.9,No,2023-10-02,4045.5000000000005
6621,23,Basic,Instagram,Sul,15.07,2,2,89.9,Yes,2024-05-15,179.8
6622,38,Pro,Instagram,Sudeste,39.87,4,47,199.9,No,2025-01-30,9395.300000000001
6623,23,Pro,Google Ads,Sudeste,17.63,4,18,89.9,No,2024-02-13,1618.2
6624,49,Basic,Instagram,Sudeste,18.08,1,15,49.9,No,2024-06-25,748.5
6625,58,Pro,Indicação,Centro-Oeste,28.0,5,42,89.9,No,2024-10-24,3775.8
6626,60,Pro,Orgânico,Sudeste,15.51,6,40,89.9,Yes,2025-06-24,3596.0
6627,56,Pro,Instagram,Nordeste,13.24,0,4,49.9,Yes,2023-04-29,199.6
6628,48,Basic,Indicação,Sudeste,23.48,3,39,89.9,No,2024-07-23,3506.1000000000004
6629,59,Pro,Google Ads,Sul,12.85,1,15,49.9,No,2024-10-09,748.5
6630,27,Basic,LinkedIn,Centro-Oeste,10.06,6,26,49.9,No,2025-08-01,1297.3999999999999
6631,47,Basic,Orgânico,Sudeste,8.56,1,13,199.9,Yes,2024-07-17,2598.7000000000003
6632,35,Pro,Google Ads,Nordeste,7.42,5,10,89.9,Yes,2025-10-26,899.0
6633,41,Basic,Instagram,Nordeste,25.05,2,37,49.9,No,2023-03-07,1846.3
6634,26,Basic,Google Ads,Norte,50.95,4,44,89.9,No,2025-02-03,3955.6000000000004
6635,48,Basic,LinkedIn,Norte,6.69,3,34,49.9,No,2023-02-25,1696.6
6636,32,Basic,Indicação,Sudeste,15.12,2,27,49.9,No,2023-01-15,1347.3
6637,21,Basic,Google Ads,Sudeste,23.73,2,27,199.9,No,2025-11-14,5397.3
6638,57,Basic,Google Ads,Sul,20.99,1,45,49.9,No,2025-04-05,2245.5
6639,26,Pro,Orgânico,Nordeste,22.89,1,24,89.9,No,2025-02-14,2157.6000000000004
6640,62,Pro,LinkedIn,Sul,20.85,2,31,199.9,No,2023-05-15,6196.900000000001
6641,26,Enterprise,LinkedIn,Centro-Oeste,19.32,2,10,89.9,No,2025-09-09,899.0
6642,43,Basic,Orgânico,Sul,33.83,2,13,49.9,Yes,2023-09-15,648.6999999999999
6643,21,Basic,Instagram,Sudeste,11.66,4,19,49.9,No,2025-11-19,948.1
6644,34,Pro,Orgânico,Sul,8.63,3,44,49.9,No,2023-01-29,2195.6
6645,33,Basic,Orgânico,Sul,24.58,0,37,89.9,No,2023-07-04,3326.3
6646,32,Enterprise,Google Ads,Sul,10.68,0,3,49.9,No,2025-07-28,149.7
6647,52,Pro,LinkedIn,Sudeste,6.0,5,15,49.9,No,2024-01-28,748.5
6648,22,Basic,LinkedIn,Sudeste,47.6,7,9,89.9,No,2025-03-13,809.1
6649,22,Pro,Orgânico,Sudeste,13.35,0,3,49.9,No,2025-05-23,149.7
6650,37,Basic,Instagram,Sudeste,37.9,0,4,49.9,No,2024-01-03,199.6
6651,32,Enterprise,Orgânico,Sudeste,6.07,3,29,199.9,No,2024-11-30,5797.1
6652,35,Enterprise,Orgânico,Nordeste,23.2,1,29,89.9,No,2024-03-25,2607.1000000000004
6653,64,Pro,Orgânico,Centro-Oeste,13.92,0,31,199.9,No,2023-09-15,6196.900000000001
6654,19,Basic,Orgânico,Sul,21.49,0,22,49.9,No,2024-06-14,1097.8
6655,46,Basic,Indicação,Sudeste,12.18,2,40,49.9,No,2025-05-05,1996.0
6656,30,Basic,Orgânico,Sudeste,21.03,1,18,49.9,No,2025-01-23,898.1999999999999
6657,21,Basic,Google Ads,Norte,28.71,3,2,89.9,No,2023-09-29,179.8
6658,59,Pro,Indicação,Sul,16.14,1,44,89.9,No,2024-07-23,3955.6000000000004
6659,62,Enterprise,Indicação,Nordeste,19.98,0,35,89.9,Yes,2024-08-23,3146.5
6660,27,Basic,Instagram,Sul,9.48,0,12,89.9,Yes,2023-02-20,1078.8000000000002
6661,48,Pro,Google Ads,Sudeste,16.4,2,22,89.9,No,2023-11-23,1977.8000000000002
6662,58,Pro,Indicação,Nordeste,18.19,2,41,49.9,No,2023-01-18,2045.8999999999999
6663,25,Enterprise,Google Ads,Sudeste,39.2,1,26,89.9,No,2024-03-03,2337.4
6664,20,Basic,Instagram,Sudeste,10.54,1,25,199.9,No,2023-12-10,4997.5
6665,63,Basic,Instagram,Norte,10.18,2,32,89.9,No,2023-06-08,2876.8
6666,26,Pro,Orgânico,Sul,18.36,2,9,89.9,No,2024-09-11,809.1
6667,47,Pro,Instagram,Sudeste,15.89,1,38,89.9,No,2024-01-14,3416.2000000000003
6668,28,Enterprise,Orgânico,Sudeste,12.37,1,10,89.9,No,2024-07-23,899.0
6669,52,Pro,Google Ads,Norte,31.82,0,35,49.9,No,2024-12-05,1746.5
6670,54,Basic,LinkedIn,Nordeste,9.65,2,48,199.9,No,2023-01-19,9595.2
6671,59,Pro,LinkedIn,Sul,6.91,5,32,49.9,No,2023-05-10,1596.8
6672,30,Basic,Indicação,Norte,11.04,4,41,49.9,No,2023-07-31,2045.8999999999999
6673,53,Pro,Orgânico,Sudeste,27.04,2,41,49.9,Yes,2023-11-07,2045.8999999999999
6674,30,Pro,Orgânico,Sul,23.72,3,3,49.9,Yes,2024-08-03,149.7
6675,29,Pro,Orgânico,Sudeste,18.31,2,30,89.9,No,2023-01-12,2697.0
6676,54,Enterprise,Instagram,Nordeste,7.24,1,41,89.9,Yes,2023-03-27,3685.9
6677,27,Pro,Indicação,Nordeste,14.48,1,44,89.9,No,2025-10-01,3955.6000000000004
6678,26,Basic,LinkedIn,Sudeste,18.49,2,35,89.9,No,2024-12-29,3146.5
6679,24,Basic,Google Ads,Sudeste,12.4,1,5,49.9,No,2023-04-11,249.5
6680,19,Enterprise,Orgânico,Norte,24.2,1,30,199.9,No,2023-01-30,5997.0
6681,40,Basic,Orgânico,Nordeste,4.17,3,1,49.9,No,2025-08-02,49.9
6682,56,Basic,Instagram,Centro-Oeste,5.17,1,9,89.9,No,2023-10-30,809.1
6683,57,Basic,Orgânico,Sudeste,26.49,3,4,89.9,No,2025-02-13,359.6
6684,56,Pro,Orgânico,Nordeste,15.65,1,46,49.9,No,2025-02-28,2295.4
6685,38,Basic,Instagram,Nordeste,35.76,0,20,49.9,No,2025-06-07,998.0
6686,40,Enterprise,Instagram,Norte,36.35,1,24,89.9,No,2024-08-19,2157.6000000000004
6687,46,Enterprise,Orgânico,Sul,41.62,2,37,199.9,No,2023-04-13,7396.3
6688,31,Enterprise,Indicação,Nordeste,18.35,2,44,49.9,No,2025-09-25,2195.6
6689,43,Basic,Instagram,Norte,35.48,2,13,89.9,No,2023-10-18,1168.7
6690,22,Enterprise,Indicação,Sudeste,22.04,5,13,49.9,No,2024-08-16,648.6999999999999
6691,48,Enterprise,LinkedIn,Nordeste,5.88,1,19,49.9,No,2024-12-21,948.1
6692,42,Enterprise,LinkedIn,Norte,11.5,1,17,89.9,No,2024-06-21,1528.3000000000002
6693,48,Pro,Indicação,Sudeste,29.73,1,20,49.9,No,2023-04-08,998.0
6694,37,Pro,LinkedIn,Centro-Oeste,10.02,2,39,199.9,No,2025-08-04,7796.1
6695,61,Basic,Indicação,Sul,21.87,2,15,49.9,No,2023-06-23,748.5
6696,34,Enterprise,Orgânico,Sudeste,19.83,2,33,49.9,No,2024-04-29,1646.7
6697,62,Basic,Orgânico,Sudeste,11.79,4,29,49.9,No,2024-09-02,1447.1
6698,19,Basic,Indicação,Sul,67.89,3,8,49.9,No,2025-08-05,399.2
6699,42,Enterprise,Orgânico,Nordeste,41.23,1,21,49.9,No,2024-12-25,1047.8999999999999
6700,30,Basic,Orgânico,Sul,14.52,0,40,89.9,No,2025-10-15,3596.0
6701,56,Basic,Instagram,Norte,8.36,0,10,49.9,Yes,2024-04-09,499.0
6702,45,Enterprise,Orgânico,Sudeste,3.33,2,1,49.9,No,2023-07-25,49.9
6703,59,Enterprise,Google Ads,Centro-Oeste,15.46,2,32,49.9,Yes,2025-12-20,1596.8
6704,23,Basic,Instagram,Sudeste,23.75,2,24,49.9,No,2023-09-14,1197.6
6705,20,Enterprise,Indicação,Sudeste,10.92,2,14,199.9,No,2023-10-24,2798.6
6706,52,Basic,LinkedIn,Sudeste,18.65,4,28,89.9,Yes,2025-07-27,2517.2000000000003
6707,35,Basic,LinkedIn,Sudeste,17.15,1,40,89.9,No,2023-04-21,3596.0
6708,28,Basic,Orgânico,Nordeste,23.27,6,27,89.9,No,2025-04-15,2427.3
6709,37,Basic,Google Ads,Nordeste,21.69,1,15,49.9,No,2023-01-10,748.5
6710,22,Basic,Orgânico,Nordeste,17.09,3,25,89.9,No,2023-12-20,2247.5
6711,36,Basic,Instagram,Nordeste,12.74,4,1,49.9,No,2024-08-09,49.9
6712,39,Enterprise,Orgânico,Centro-Oeste,31.83,2,42,89.9,No,2023-07-21,3775.8
6713,36,Pro,Instagram,Sudeste,25.21,3,4,49.9,No,2024-06-28,199.6
6714,64,Enterprise,Indicação,Sudeste,26.31,1,39,89.9,No,2024-07-14,3506.1000000000004
6715,33,Pro,LinkedIn,Nordeste,9.4,2,27,89.9,No,2025-10-02,2427.3
6716,41,Basic,Indicação,Sul,19.41,2,31,49.9,No,2024-05-30,1546.8999999999999
6717,58,Enterprise,Google Ads,Sudeste,23.0,1,43,89.9,No,2023-04-26,3865.7000000000003
6718,21,Enterprise,Instagram,Sudeste,12.72,5,20,89.9,No,2023-08-02,1798.0
6719,32,Basic,Google Ads,Sudeste,3.96,2,42,49.9,No,2024-12-09,2095.7999999999997
6720,42,Basic,LinkedIn,Sudeste,20.51,1,24,199.9,No,2023-05-06,4797.6
6721,61,Pro,Orgânico,Sul,15.8,2,17,49.9,No,2024-03-07,848.3
6722,52,Pro,Google Ads,Sudeste,16.21,3,30,49.9,No,2025-10-03,1497.0
6723,31,Enterprise,Indicação,Sudeste,8.96,2,39,89.9,No,2024-03-04,3506.1000000000004
6724,36,Basic,Orgânico,Sudeste,13.23,2,7,49.9,No,2024-10-29,349.3
6725,55,Basic,Google Ads,Sudeste,35.51,3,33,199.9,No,2025-03-24,6596.7
6726,53,Pro,Instagram,Sudeste,22.86,3,42,89.9,No,2025-08-21,3775.8
6727,24,Pro,Google Ads,Nordeste,31.89,4,4,89.9,No,2024-12-23,359.6
6728,47,Basic,Instagram,Sudeste,29.24,1,8,49.9,No,2023-08-12,399.2
6729,36,Basic,Google Ads,Nordeste,7.21,1,2,89.9,Yes,2025-02-22,179.8
6730,42,Pro,Instagram,Sul,21.3,3,42,89.9,No,2025-12-12,3775.8
6731,33,Pro,Instagram,Sudeste,20.29,2,29,89.9,No,2024-03-16,2607.1000000000004
6732,64,Basic,Orgânico,Sudeste,45.64,3,34,49.9,No,2023-08-14,1696.6
6733,57,Pro,Orgânico,Sudeste,20.02,2,17,89.9,No,2024-05-25,1528.3000000000002
6734,25,Pro,Orgânico,Sul,18.84,3,40,89.9,No,2025-11-23,3596.0
6735,35,Enterprise,LinkedIn,Centro-Oeste,10.24,1,20,89.9,No,2024-08-27,1798.0
6736,45,Basic,Instagram,Centro-Oeste,19.95,3,38,89.9,No,2025-03-26,3416.2000000000003
6737,33,Basic,Instagram,Sudeste,21.08,4,29,199.9,No,2025-08-06,5797.1
6738,36,Enterprise,Instagram,Sudeste,10.95,3,6,49.9,No,2025-11-14,299.4
6739,59,Basic,LinkedIn,Nordeste,25.92,2,20,49.9,No,2023-01-23,998.0
6740,34,Pro,Orgânico,Sul,24.75,2,27,89.9,No,2025-06-05,2427.3
6741,62,Pro,Instagram,Norte,35.91,1,6,89.9,No,2023-05-07,539.4000000000001
6742,30,Basic,LinkedIn,Norte,13.65,1,6,49.9,No,2025-09-14,299.4
6743,24,Pro,Indicação,Nordeste,16.58,2,46,49.9,No,2024-12-12,2295.4
6744,44,Pro,Orgânico,Sudeste,28.9,4,7,49.9,No,2025-01-09,349.3
6745,27,Pro,Instagram,Sul,11.76,3,38,49.9,No,2024-02-14,1896.2
6746,51,Basic,Instagram,Norte,26.84,1,36,89.9,No,2025-03-08,3236.4
6747,53,Enterprise,Orgânico,Sudeste,27.81,0,6,49.9,No,2025-07-19,299.4
6748,42,Basic,Google Ads,Sudeste,18.22,6,34,49.9,No,2024-08-25,1696.6
6749,23,Pro,Indicação,Sudeste,18.51,2,1,49.9,No,2024-07-27,49.9
6750,41,Enterprise,Orgânico,Sudeste,18.03,1,30,89.9,No,2024-09-19,2697.0
6751,35,Basic,Orgânico,Nordeste,21.75,1,22,89.9,No,2024-05-26,1977.8000000000002
6752,40,Pro,Google Ads,Norte,18.58,1,48,49.9,No,2024-01-27,2395.2
6753,23,Enterprise,Instagram,Nordeste,11.08,0,17,49.9,No,2025-01-31,848.3
6754,46,Basic,Instagram,Centro-Oeste,11.79,2,42,199.9,No,2023-07-17,8395.800000000001
6755,42,Basic,LinkedIn,Sudeste,17.62,1,20,89.9,No,2023-08-30,1798.0
6756,34,Enterprise,Indicação,Sudeste,20.02,3,32,89.9,No,2025-11-27,2876.8
6757,63,Basic,Orgânico,Sudeste,17.47,1,32,49.9,No,2025-02-14,1596.8
6758,41,Basic,LinkedIn,Sul,27.78,2,6,89.9,No,2024-05-11,539.4000000000001
6759,28,Enterprise,LinkedIn,Sul,19.89,0,6,89.9,No,2024-02-05,539.4000000000001
6760,43,Pro,Instagram,Centro-Oeste,43.79,2,8,49.9,No,2024-08-04,399.2
6761,51,Enterprise,Google Ads,Sul,18.63,2,44,89.9,No,2023-05-01,3955.6000000000004
6762,45,Basic,Instagram,Norte,26.64,2,11,89.9,No,2025-07-06,988.9000000000001
6763,20,Basic,Google Ads,Norte,16.62,0,29,199.9,No,2024-08-06,5797.1
6764,28,Basic,Orgânico,Sul,17.38,5,33,49.9,No,2023-01-05,1646.7
6765,55,Pro,LinkedIn,Sudeste,11.48,2,1,199.9,No,2025-07-15,199.9
6766,31,Pro,Instagram,Nordeste,24.35,1,27,199.9,No,2023-12-14,5397.3
6767,43,Basic,LinkedIn,Norte,6.18,1,8,49.9,No,2025-08-30,399.2
6768,38,Basic,Google Ads,Nordeste,6.76,1,13,49.9,No,2024-02-29,648.6999999999999
6769,56,Pro,Google Ads,Sudeste,15.46,1,37,49.9,No,2025-04-01,1846.3
6770,47,Pro,Orgânico,Sul,27.12,2,37,49.9,No,2025-02-16,1846.3
6771,25,Basic,Orgânico,Sudeste,21.62,3,42,89.9,No,2024-01-11,3775.8
6772,37,Enterprise,Google Ads,Sudeste,42.14,2,42,49.9,No,2025-07-03,2095.7999999999997
6773,49,Basic,Orgânico,Sudeste,10.8,1,29,199.9,No,2025-05-22,5797.1
6774,39,Pro,LinkedIn,Nordeste,13.04,1,26,199.9,No,2024-04-01,5197.400000000001
6775,24,Enterprise,Instagram,Sudeste,8.76,1,41,49.9,No,2023-10-31,2045.8999999999999
6776,26,Pro,Indicação,Nordeste,21.47,0,26,89.9,No,2023-11-15,2337.4
6777,62,Basic,Instagram,Sudeste,16.33,1,40,49.9,No,2025-06-30,1996.0
6778,18,Basic,Google Ads,Sudeste,13.49,1,32,89.9,No,2024-05-01,2876.8
6779,46,Enterprise,Google Ads,Sudeste,13.43,3,42,49.9,No,2024-01-05,2095.7999999999997
6780,25,Basic,Google Ads,Sudeste,6.43,3,24,89.9,No,2024-05-15,2157.6000000000004
6781,21,Pro,Google Ads,Nordeste,29.02,4,3,199.9,No,2024-09-15,599.7
6782,52,Enterprise,Instagram,Sudeste,20.6,2,13,89.9,No,2025-10-13,1168.7
6783,20,Enterprise,LinkedIn,Nordeste,23.16,1,11,199.9,Yes,2023-06-08,2198.9
6784,62,Pro,Indicação,Norte,49.74,1,5,199.9,No,2025-07-16,999.5
6785,57,Pro,Instagram,Nordeste,40.87,2,1,49.9,No,2023-06-28,49.9
6786,24,Enterprise,Google Ads,Sudeste,25.49,2,34,49.9,No,2024-07-10,1696.6
6787,44,Basic,Google Ads,Sudeste,20.68,1,44,49.9,No,2024-12-26,2195.6
6788,18,Basic,Orgânico,Sudeste,17.69,2,32,49.9,No,2024-01-03,1596.8
6789,44,Basic,Google Ads,Sudeste,26.85,1,13,89.9,No,2025-09-28,1168.7
6790,33,Basic,Orgânico,Norte,13.83,2,17,49.9,No,2023-03-17,848.3
6791,55,Enterprise,Instagram,Sul,17.89,4,2,49.9,No,2023-05-07,99.8
6792,24,Pro,Orgânico,Nordeste,23.33,2,21,49.9,No,2025-10-24,1047.8999999999999
6793,61,Enterprise,Instagram,Nordeste,8.11,3,21,89.9,No,2025-07-07,1887.9
6794,40,Pro,Google Ads,Norte,10.67,1,6,49.9,No,2025-09-15,299.4
6795,58,Pro,LinkedIn,Sudeste,9.01,2,30,199.9,Yes,2025-06-26,5997.0
6796,28,Pro,LinkedIn,Sudeste,16.61,4,15,89.9,No,2024-05-07,1348.5
6797,59,Basic,Indicação,Sudeste,26.47,2,15,49.9,No,2024-12-26,748.5
6798,50,Enterprise,Instagram,Nordeste,17.14,1,45,49.9,No,2025-04-30,2245.5
6799,53,Basic,Google Ads,Sul,10.64,6,47,49.9,No,2025-04-28,2345.2999999999997
6800,54,Pro,Indicação,Sudeste,7.92,1,9,49.9,No,2024-03-08,449.09999999999997
6801,58,Basic,Orgânico,Sudeste,20.11,2,12,89.9,No,2023-12-28,1078.8000000000002
6802,34,Enterprise,Orgânico,Sudeste,18.89,0,7,89.9,No,2025-10-25,629.3000000000001
6803,52,Enterprise,LinkedIn,Sudeste,38.34,4,24,49.9,No,2025-01-31,1197.6
6804,22,Pro,Google Ads,Sudeste,11.43,1,21,89.9,No,2025-08-16,1887.9
6805,49,Pro,Google Ads,Norte,22.3,1,9,89.9,No,2024-09-08,809.1
6806,20,Pro,Orgânico,Sudeste,40.21,4,32,89.9,No,2024-09-07,2876.8
6807,64,Basic,Orgânico,Nordeste,32.09,0,2,199.9,No,2024-02-12,399.8
6808,52,Basic,Orgânico,Centro-Oeste,5.4,2,7,199.9,No,2024-07-08,1399.3
6809,31,Pro,LinkedIn,Sul,18.55,5,2,89.9,No,2024-04-12,179.8
6810,48,Basic,Orgânico,Nordeste,18.65,4,45,89.9,No,2024-09-19,4045.5000000000005
6811,48,Pro,Orgânico,Sul,35.05,1,12,89.9,No,2024-08-25,1078.8000000000002
6812,34,Pro,LinkedIn,Nordeste,13.53,3,15,89.9,No,2024-02-24,1348.5
6813,41,Basic,Orgânico,Nordeste,40.71,0,35,49.9,No,2023-12-23,1746.5
6814,40,Basic,Google Ads,Centro-Oeste,17.54,2,6,199.9,No,2024-09-01,1199.4
6815,35,Basic,Indicação,Sudeste,20.31,1,7,89.9,No,2024-02-14,629.3000000000001
6816,31,Basic,Orgânico,Sudeste,35.29,3,11,89.9,No,2023-09-24,988.9000000000001
6817,32,Pro,Google Ads,Nordeste,15.63,3,3,89.9,No,2024-02-08,269.70000000000005
6818,32,Pro,Indicação,Centro-Oeste,28.58,1,34,49.9,No,2023-02-02,1696.6
6819,23,Enterprise,Instagram,Nordeste,8.94,3,31,89.9,No,2025-10-22,2786.9
6820,44,Basic,Orgânico,Centro-Oeste,30.87,4,21,89.9,No,2024-09-14,1887.9
6821,32,Enterprise,Indicação,Sudeste,10.11,3,29,49.9,No,2024-09-15,1447.1
6822,53,Basic,Orgânico,Sudeste,12.83,1,19,89.9,No,2024-09-19,1708.1000000000001
6823,25,Pro,Indicação,Centro-Oeste,9.08,1,7,49.9,No,2023-01-19,349.3
6824,32,Pro,Instagram,Nordeste,37.56,4,43,199.9,Yes,2023-03-30,8595.7
6825,20,Pro,Google Ads,Sul,23.5,2,11,89.9,No,2025-07-14,988.9000000000001
6826,64,Pro,Orgânico,Sudeste,21.19,1,3,89.9,Yes,2024-12-21,269.70000000000005
6827,30,Basic,Instagram,Sul,9.57,1,39,49.9,No,2023-06-02,1946.1
6828,58,Basic,Indicação,Sudeste,20.78,2,43,49.9,No,2023-03-23,2145.7
6829,51,Enterprise,Google Ads,Sudeste,19.63,4,44,89.9,No,2025-02-22,3955.6000000000004
6830,41,Basic,Orgânico,Sudeste,7.6,3,45,49.9,Yes,2024-01-27,2245.5
6831,57,Basic,Instagram,Sudeste,9.91,2,33,199.9,No,2023-12-29,6596.7
6832,49,Basic,Orgânico,Sudeste,11.69,3,28,89.9,No,2025-05-02,2517.2000000000003
6833,49,Basic,Indicação,Nordeste,14.19,5,39,49.9,No,2024-02-03,1946.1
6834,47,Pro,Google Ads,Sudeste,28.76,2,32,49.9,No,2025-02-21,1596.8
6835,30,Pro,LinkedIn,Sudeste,7.03,3,4,89.9,Yes,2025-09-10,359.6
6836,18,Basic,Orgânico,Centro-Oeste,43.05,3,35,89.9,No,2023-10-04,3146.5
6837,51,Basic,Orgânico,Nordeste,38.98,3,17,199.9,No,2025-02-24,3398.3
6838,32,Pro,Instagram,Sudeste,12.49,3,35,89.9,No,2025-04-18,3146.5
6839,61,Pro,Orgânico,Norte,21.21,5,42,49.9,Yes,2025-04-04,2095.7999999999997
6840,31,Enterprise,Instagram,Sul,21.06,2,37,49.9,No,2023-07-29,1846.3
6841,46,Enterprise,Instagram,Sul,20.55,1,26,89.9,No,2025-06-15,2337.4
6842,51,Enterprise,Indicação,Sudeste,16.76,0,48,49.9,No,2023-07-18,2395.2
6843,35,Pro,Google Ads,Nordeste,25.52,0,17,89.9,No,2023-11-16,1528.3000000000002
6844,24,Pro,LinkedIn,Sudeste,20.75,4,34,49.9,No,2024-01-18,1696.6
6845,46,Basic,Indicação,Sudeste,20.3,1,8,89.9,No,2023-06-09,719.2
6846,48,Pro,Indicação,Sul,10.08,2,9,199.9,No,2024-03-03,1799.1000000000001
6847,42,Basic,Google Ads,Sudeste,28.66,3,7,199.9,No,2024-10-23,1399.3
6848,55,Enterprise,Indicação,Sudeste,25.53,2,1,89.9,No,2023-06-09,89.9
6849,31,Pro,LinkedIn,Sudeste,5.29,1,40,89.9,No,2023-02-11,3596.0
6850,25,Pro,LinkedIn,Sudeste,24.33,2,41,199.9,No,2025-08-24,8195.9
6851,44,Basic,Orgânico,Nordeste,29.55,4,16,199.9,No,2025-08-24,3198.4
6852,19,Pro,Google Ads,Sudeste,7.55,2,2,49.9,Yes,2024-03-10,99.8
6853,34,Basic,Orgânico,Centro-Oeste,26.59,1,8,49.9,No,2025-11-10,399.2
6854,54,Basic,Orgânico,Sudeste,23.02,4,22,199.9,No,2024-08-07,4397.8
6855,31,Basic,Indicação,Norte,11.55,1,27,49.9,No,2025-06-08,1347.3
6856,42,Basic,LinkedIn,Nordeste,26.31,3,18,49.9,No,2025-10-03,898.1999999999999
6857,47,Pro,Instagram,Nordeste,21.23,4,16,49.9,No,2023-09-28,798.4
6858,46,Pro,Instagram,Centro-Oeste,26.89,1,26,199.9,No,2024-11-19,5197.400000000001
6859,37,Enterprise,Indicação,Sudeste,16.37,3,22,49.9,No,2023-01-26,1097.8
6860,38,Basic,LinkedIn,Sudeste,7.28,4,1,89.9,Yes,2023-11-24,89.9
6861,39,Basic,Instagram,Nordeste,18.33,0,32,49.9,No,2025-10-22,1596.8
6862,52,Enterprise,Indicação,Sudeste,19.47,5,46,49.9,Yes,2024-12-13,2295.4
6863,54,Pro,Orgânico,Sul,20.67,0,22,49.9,No,2024-09-03,1097.8
6864,33,Pro,Google Ads,Centro-Oeste,18.79,1,27,89.9,No,2023-07-29,2427.3
6865,60,Pro,Orgânico,Sul,12.47,1,38,49.9,No,2025-03-02,1896.2
6866,34,Pro,Google Ads,Norte,16.51,2,44,199.9,No,2025-10-23,8795.6
6867,33,Basic,LinkedIn,Nordeste,10.94,2,33,89.9,No,2024-03-04,2966.7000000000003
6868,19,Basic,LinkedIn,Centro-Oeste,15.49,2,30,49.9,No,2023-05-07,1497.0
6869,21,Pro,Google Ads,Sudeste,17.61,0,19,49.9,No,2023-02-21,948.1
6870,38,Basic,Orgânico,Centro-Oeste,12.34,3,33,89.9,No,2024-12-16,2966.7000000000003
6871,56,Enterprise,LinkedIn,Sudeste,10.03,7,25,199.9,No,2025-02-06,4997.5
6872,51,Basic,Google Ads,Sudeste,22.22,2,6,89.9,No,2023-07-15,539.4000000000001
6873,47,Pro,Indicação,Norte,10.75,0,48,89.9,No,2023-04-20,4315.200000000001
6874,23,Pro,Indicação,Sudeste,20.71,2,29,199.9,No,2025-02-02,5797.1
6875,34,Basic,Orgânico,Nordeste,33.69,0,15,89.9,No,2024-01-05,1348.5
6876,56,Enterprise,Instagram,Nordeste,21.76,1,12,89.9,No,2024-09-07,1078.8000000000002
6877,42,Enterprise,Instagram,Norte,23.6,5,38,89.9,No,2025-12-21,3416.2000000000003
6878,22,Pro,Google Ads,Sudeste,19.66,3,15,89.9,No,2025-03-29,1348.5
6879,22,Enterprise,Indicação,Sudeste,14.27,3,31,199.9,No,2023-08-17,6196.900000000001
6880,37,Basic,Indicação,Norte,20.28,2,1,89.9,No,2025-07-17,89.9
6881,33,Enterprise,Orgânico,Nordeste,15.97,2,20,49.9,No,2023-05-14,998.0
6882,58,Basic,Indicação,Nordeste,31.73,1,29,199.9,No,2023-09-28,5797.1
6883,54,Basic,Orgânico,Nordeste,27.38,1,48,49.9,No,2023-04-21,2395.2
6884,57,Basic,Orgânico,Sudeste,16.19,5,11,89.9,No,2023-06-30,988.9000000000001
6885,26,Basic,Instagram,Sul,11.82,3,9,49.9,No,2023-12-16,449.09999999999997
6886,22,Basic,Google Ads,Sudeste,15.63,2,16,89.9,No,2023-12-02,1438.4
6887,59,Enterprise,Google Ads,Centro-Oeste,15.81,2,16,49.9,No,2023-09-27,798.4
6888,19,Enterprise,Instagram,Sudeste,14.14,1,33,49.9,No,2024-06-16,1646.7
6889,26,Basic,LinkedIn,Centro-Oeste,10.95,2,19,49.9,No,2024-03-25,948.1
6890,60,Basic,Google Ads,Sudeste,20.62,3,25,89.9,No,2025-06-10,2247.5
6891,53,Enterprise,Instagram,Sudeste,15.91,4,34,49.9,No,2023-12-27,1696.6
6892,39,Basic,Instagram,Sudeste,4.83,0,39,199.9,No,2024-07-17,7796.1
6893,39,Basic,Google Ads,Nordeste,24.11,2,24,49.9,Yes,2023-09-30,1197.6
6894,39,Pro,Instagram,Norte,23.0,5,32,89.9,No,2023-11-30,2876.8
6895,51,Basic,Google Ads,Nordeste,29.62,2,39,89.9,No,2023-09-26,3506.1000000000004
6896,46,Basic,Instagram,Sul,32.4,2,3,199.9,No,2023-01-27,599.7
6897,55,Pro,Google Ads,Sudeste,11.37,1,13,89.9,No,2023-10-17,1168.7
6898,63,Pro,Orgânico,Nordeste,8.94,7,30,89.9,No,2023-06-13,2697.0
6899,50,Basic,Google Ads,Sudeste,13.85,2,23,49.9,No,2024-02-10,1147.7
6900,35,Enterprise,Orgânico,Sudeste,32.2,3,30,49.9,No,2024-08-02,1497.0
6901,24,Pro,LinkedIn,Sudeste,14.52,1,12,89.9,No,2024-07-28,1078.8000000000002
6902,18,Basic,LinkedIn,Sudeste,19.25,3,45,49.9,No,2025-01-23,2245.5
6903,50,Basic,LinkedIn,Sudeste,11.47,1,38,89.9,No,2024-07-06,3416.2000000000003
6904,18,Basic,Instagram,Sudeste,8.43,1,24,49.9,No,2023-11-08,1197.6
6905,41,Basic,Google Ads,Sudeste,7.93,1,24,89.9,No,2025-08-30,2157.6000000000004
6906,21,Basic,Orgânico,Sudeste,16.73,4,30,199.9,No,2025-09-10,5997.0
6907,21,Basic,Orgânico,Nordeste,20.07,1,17,89.9,No,2023-05-24,1528.3000000000002
6908,35,Basic,Orgânico,Sudeste,16.95,4,15,89.9,No,2023-11-17,1348.5
6909,44,Pro,Indicação,Sudeste,12.79,2,36,199.9,No,2025-03-23,7196.400000000001
6910,60,Pro,Instagram,Centro-Oeste,9.14,2,24,49.9,No,2023-02-12,1197.6
6911,49,Pro,LinkedIn,Norte,5.38,1,32,49.9,No,2024-02-08,1596.8
6912,50,Pro,Indicação,Sudeste,11.96,2,24,49.9,No,2025-11-21,1197.6
6913,45,Enterprise,Orgânico,Sudeste,5.55,7,3,89.9,No,2025-02-25,269.70000000000005
6914,59,Pro,Instagram,Sudeste,6.65,1,45,89.9,No,2024-01-27,4045.5000000000005
6915,58,Basic,Orgânico,Nordeste,22.47,1,1,199.9,No,2023-12-03,199.9
6916,53,Basic,Instagram,Norte,21.49,2,20,89.9,No,2023-05-27,1798.0
6917,23,Enterprise,LinkedIn,Sudeste,10.74,4,21,89.9,No,2024-06-04,1887.9
6918,33,Basic,Orgânico,Nordeste,5.81,1,12,89.9,No,2025-07-01,1078.8000000000002
6919,51,Basic,Orgânico,Sudeste,18.15,1,36,89.9,No,2025-01-22,3236.4
6920,40,Pro,Indicação,Sul,19.07,2,44,89.9,No,2024-10-11,3955.6000000000004
6921,59,Pro,Instagram,Nordeste,23.75,1,21,49.9,No,2025-02-03,1047.8999999999999
6922,41,Pro,Google Ads,Sudeste,30.08,0,19,49.9,No,2024-10-24,948.1
6923,30,Basic,Google Ads,Sul,38.24,2,19,199.9,No,2024-08-21,3798.1
6924,35,Basic,Indicação,Norte,16.32,3,37,49.9,No,2024-05-08,1846.3
6925,30,Enterprise,LinkedIn,Sudeste,13.1,4,2,49.9,Yes,2023-06-16,99.8
6926,54,Basic,LinkedIn,Sul,28.95,2,33,49.9,No,2024-02-06,1646.7
6927,60,Basic,LinkedIn,Sudeste,7.21,1,37,49.9,Yes,2025-01-02,1846.3
6928,56,Pro,LinkedIn,Sudeste,23.54,0,10,199.9,No,2023-09-30,1999.0
6929,59,Pro,LinkedIn,Sul,34.83,0,32,49.9,No,2024-11-08,1596.8
6930,34,Pro,Orgânico,Sudeste,22.97,2,30,199.9,No,2023-11-22,5997.0
6931,32,Enterprise,Google Ads,Centro-Oeste,35.61,2,17,89.9,No,2023-09-11,1528.3000000000002
6932,35,Basic,Orgânico,Norte,21.5,2,30,199.9,No,2024-04-15,5997.0
6933,40,Basic,Instagram,Sudeste,16.65,3,14,49.9,No,2024-11-26,698.6
6934,47,Basic,Indicação,Sudeste,9.95,1,5,49.9,No,2024-09-07,249.5
6935,51,Enterprise,Orgânico,Centro-Oeste,27.65,3,36,199.9,No,2023-06-28,7196.400000000001
6936,21,Pro,Instagram,Sul,20.85,1,13,89.9,No,2024-01-31,1168.7
6937,20,Basic,Google Ads,Sudeste,15.47,1,16,89.9,Yes,2023-03-22,1438.4
6938,24,Pro,Google Ads,Centro-Oeste,12.44,3,13,89.9,No,2025-11-04,1168.7
6939,35,Basic,Google Ads,Nordeste,17.43,4,29,49.9,No,2025-07-28,1447.1
6940,59,Pro,Indicação,Sudeste,20.59,4,24,89.9,No,2025-11-06,2157.6000000000004
6941,24,Enterprise,Google Ads,Sul,30.81,5,18,49.9,No,2023-01-27,898.1999999999999
6942,57,Basic,Google Ads,Sul,6.51,2,39,49.9,No,2023-02-04,1946.1
6943,23,Basic,Indicação,Sudeste,7.29,3,8,89.9,Yes,2025-02-24,719.2
6944,39,Basic,LinkedIn,Sudeste,23.18,0,5,49.9,No,2023-08-07,249.5
6945,18,Basic,Instagram,Sudeste,20.2,2,48,49.9,No,2023-12-30,2395.2
6946,21,Basic,LinkedIn,Nordeste,28.75,3,14,49.9,No,2023-05-22,698.6
6947,63,Pro,Indicação,Norte,23.51,2,3,89.9,No,2025-02-04,269.70000000000005
6948,60,Basic,Google Ads,Norte,28.79,0,6,49.9,No,2023-01-15,299.4
6949,46,Enterprise,LinkedIn,Nordeste,14.54,2,45,49.9,No,2025-04-11,2245.5
6950,38,Basic,Orgânico,Sudeste,16.68,2,17,89.9,No,2023-12-02,1528.3000000000002
6951,43,Basic,Instagram,Sul,6.65,0,43,89.9,No,2025-01-26,3865.7000000000003
6952,31,Basic,Orgânico,Sudeste,7.11,4,42,49.9,No,2025-03-05,2095.7999999999997
6953,26,Pro,Orgânico,Sudeste,28.84,2,29,49.9,No,2024-08-09,1447.1
6954,64,Basic,Orgânico,Norte,16.86,4,22,199.9,No,2023-10-18,4397.8
6955,29,Pro,Indicação,Sul,18.04,2,41,49.9,Yes,2025-06-10,2045.8999999999999
6956,59,Pro,Indicação,Nordeste,37.4,0,43,199.9,No,2024-11-25,8595.7
6957,23,Enterprise,Orgânico,Norte,12.24,2,34,49.9,No,2024-07-16,1696.6
6958,37,Pro,Indicação,Nordeste,15.21,2,6,89.9,No,2025-08-14,539.4000000000001
6959,41,Basic,LinkedIn,Nordeste,8.78,1,43,199.9,Yes,2023-05-18,8595.7
6960,44,Pro,Google Ads,Sudeste,17.88,1,41,89.9,No,2023-12-14,3685.9
6961,55,Enterprise,Instagram,Sul,15.82,2,27,49.9,No,2023-08-16,1347.3
6962,25,Enterprise,Google Ads,Sudeste,18.01,2,14,199.9,No,2025-07-23,2798.6
6963,18,Basic,Instagram,Nordeste,28.76,1,20,89.9,No,2024-06-04,1798.0
6964,41,Pro,LinkedIn,Sul,20.57,5,27,49.9,No,2024-12-22,1347.3
6965,64,Basic,Orgânico,Sudeste,13.86,1,3,89.9,Yes,2023-12-03,269.70000000000005
6966,24,Basic,Orgânico,Sudeste,18.95,1,17,89.9,No,2025-03-04,1528.3000000000002
6967,36,Pro,Orgânico,Sudeste,47.91,1,4,89.9,No,2024-06-17,359.6
6968,39,Enterprise,Orgânico,Sudeste,19.63,3,42,49.9,No,2025-09-30,2095.7999999999997
6969,52,Pro,Orgânico,Norte,7.47,2,13,89.9,No,2024-06-14,1168.7
6970,47,Enterprise,Orgânico,Sul,12.15,4,1,49.9,No,2024-02-13,49.9
6971,46,Basic,Google Ads,Sudeste,38.96,3,41,49.9,No,2024-03-28,2045.8999999999999
6972,39,Basic,Instagram,Sudeste,12.4,4,21,89.9,No,2023-03-03,1887.9
6973,28,Pro,LinkedIn,Sudeste,48.41,2,3,49.9,No,2023-07-14,149.7
6974,37,Basic,Google Ads,Sudeste,8.52,3,47,199.9,No,2023-02-13,9395.300000000001
6975,46,Enterprise,Orgânico,Centro-Oeste,17.61,0,25,49.9,No,2025-09-14,1247.5
6976,58,Basic,Google Ads,Centro-Oeste,25.65,2,42,49.9,No,2024-03-23,2095.7999999999997
6977,59,Basic,Instagram,Sul,7.27,3,44,49.9,No,2023-03-06,2195.6
6978,51,Pro,Google Ads,Nordeste,27.98,3,1,89.9,No,2024-08-06,89.9
6979,18,Basic,LinkedIn,Norte,21.93,2,14,89.9,No,2024-10-17,1258.6000000000001
6980,48,Enterprise,LinkedIn,Sul,33.15,2,34,49.9,Yes,2024-02-10,1696.6
6981,47,Pro,Indicação,Sudeste,14.3,3,40,89.9,No,2024-05-05,3596.0
6982,35,Basic,Instagram,Sudeste,24.11,5,3,89.9,Yes,2025-08-22,269.70000000000005
6983,34,Pro,LinkedIn,Sul,20.72,3,42,199.9,No,2024-11-27,8395.800000000001
6984,55,Basic,Indicação,Sudeste,37.27,1,9,49.9,Yes,2023-10-10,449.09999999999997
6985,31,Pro,Orgânico,Sudeste,20.22,0,5,49.9,No,2025-12-07,249.5
6986,40,Basic,Instagram,Norte,19.08,0,25,49.9,No,2024-06-14,1247.5
6987,42,Basic,Google Ads,Sudeste,10.97,1,33,49.9,No,2025-05-02,1646.7
6988,32,Enterprise,Google Ads,Norte,39.24,1,5,49.9,No,2024-11-15,249.5
6989,63,Pro,Orgânico,Sul,24.82,1,12,89.9,Yes,2023-03-29,1078.8000000000002
6990,39,Basic,Instagram,Sul,10.88,2,39,89.9,No,2024-07-09,3506.1000000000004
6991,20,Pro,Google Ads,Sudeste,35.45,3,11,199.9,No,2024-10-03,2198.9
6992,36,Enterprise,Google Ads,Nordeste,3.13,0,33,49.9,No,2023-01-18,1646.7
6993,61,Basic,Orgânico,Sudeste,21.81,4,16,89.9,No,2023-10-09,1438.4
6994,51,Basic,LinkedIn,Nordeste,12.45,3,3,89.9,No,2024-09-02,269.70000000000005
6995,52,Pro,LinkedIn,Sudeste,46.89,1,5,89.9,No,2025-03-29,449.5
6996,18,Basic,Indicação,Sul,24.32,1,40,89.9,No,2025-06-17,3596.0
6997,38,Basic,Google Ads,Centro-Oeste,10.11,0,19,49.9,No,2024-04-22,948.1
6998,46,Enterprise,Instagram,Centro-Oeste,11.76,2,48,49.9,No,2023-01-07,2395.2
6999,23,Basic,Instagram,Sul,19.54,2,11,49.9,No,2025-03-27,548.9
7000,54,Pro,Instagram,Sudeste,24.45,0,21,49.9,No,2025-09-10,1047.8999999999999
7001,18,Pro,Orgânico,Sudeste,12.62,1,9,199.9,No,2025-10-24,1799.1000000000001
7002,18,Pro,LinkedIn,Sudeste,13.6,0,43,199.9,No,2024-05-16,8595.7
7003,44,Pro,Indicação,Nordeste,18.23,0,18,49.9,No,2024-06-13,898.1999999999999
7004,38,Basic,Google Ads,Sudeste,17.53,2,12,89.9,No,2025-02-03,1078.8000000000002
7005,33,Basic,Instagram,Centro-Oeste,19.43,0,43,49.9,No,2024-12-06,2145.7
7006,61,Basic,Google Ads,Nordeste,28.59,2,39,49.9,No,2023-03-24,1946.1
7007,57,Pro,Indicação,Centro-Oeste,16.48,1,23,89.9,No,2024-02-09,2067.7000000000003
7008,43,Basic,Instagram,Sudeste,20.65,4,38,199.9,No,2025-01-22,7596.2
7009,33,Basic,Instagram,Nordeste,23.85,2,40,49.9,No,2025-01-11,1996.0
7010,45,Enterprise,Indicação,Centro-Oeste,16.52,2,13,89.9,No,2023-03-08,1168.7
7011,18,Enterprise,Orgânico,Nordeste,8.79,0,35,49.9,Yes,2024-11-17,1746.5
7012,53,Basic,Google Ads,Centro-Oeste,7.61,4,28,49.9,No,2025-12-10,1397.2
7013,27,Basic,Google Ads,Sudeste,17.75,1,35,49.9,No,2024-02-01,1746.5
7014,60,Pro,Google Ads,Sudeste,54.98,0,23,199.9,No,2023-12-11,4597.7
7015,34,Pro,Indicação,Sudeste,25.82,2,15,49.9,No,2024-02-05,748.5
7016,40,Basic,Google Ads,Sul,54.88,0,8,89.9,No,2025-10-16,719.2
7017,24,Basic,LinkedIn,Centro-Oeste,26.8,0,15,89.9,No,2023-08-05,1348.5
7018,61,Pro,LinkedIn,Sudeste,18.39,3,1,89.9,No,2024-06-05,89.9
7019,24,Enterprise,Instagram,Sudeste,9.88,2,35,199.9,Yes,2023-05-01,6996.5
7020,61,Pro,Google Ads,Sudeste,13.04,3,12,89.9,No,2023-10-17,1078.8000000000002
7021,32,Basic,Instagram,Sudeste,29.11,2,9,49.9,No,2023-03-30,449.09999999999997
7022,51,Basic,Google Ads,Sul,29.51,3,39,199.9,Yes,2024-03-09,7796.1
7023,63,Pro,Google Ads,Sul,46.28,2,33,49.9,No,2024-06-28,1646.7
7024,62,Basic,LinkedIn,Centro-Oeste,18.19,3,21,49.9,No,2025-11-17,1047.8999999999999
7025,21,Basic,Indicação,Sudeste,44.23,4,31,89.9,No,2025-05-13,2786.9
7026,31,Basic,Google Ads,Sul,24.4,2,30,49.9,No,2023-09-08,1497.0
7027,31,Pro,LinkedIn,Sudeste,21.14,3,43,199.9,No,2025-07-13,8595.7
7028,33,Pro,Google Ads,Sudeste,12.44,2,42,89.9,No,2023-10-24,3775.8
7029,24,Pro,Indicação,Sul,13.59,1,19,49.9,No,2025-06-19,948.1
7030,49,Pro,Orgânico,Sudeste,16.77,4,34,49.9,No,2023-07-08,1696.6
7031,36,Enterprise,Orgânico,Sul,6.5,2,45,49.9,No,2024-10-14,2245.5
7032,19,Pro,Instagram,Sul,6.23,3,17,89.9,No,2025-01-10,1528.3000000000002
7033,27,Basic,LinkedIn,Nordeste,40.01,1,34,49.9,Yes,2023-04-27,1696.6
7034,34,Basic,Orgânico,Sudeste,22.79,2,1,49.9,No,2023-06-14,49.9
7035,54,Pro,Google Ads,Sudeste,20.24,4,25,89.9,No,2023-02-19,2247.5
7036,29,Basic,Indicação,Sudeste,21.69,3,35,89.9,No,2025-05-13,3146.5
7037,23,Enterprise,Orgânico,Norte,11.23,3,10,89.9,No,2023-09-12,899.0
7038,39,Basic,Instagram,Nordeste,11.37,2,33,89.9,No,2024-03-01,2966.7000000000003
7039,49,Basic,LinkedIn,Sudeste,21.78,2,14,49.9,No,2024-06-13,698.6
7040,58,Pro,Indicação,Sudeste,23.87,2,6,89.9,No,2025-06-15,539.4000000000001
7041,37,Pro,Google Ads,Sul,43.63,3,20,199.9,Yes,2025-12-06,3998.0
7042,18,Pro,Instagram,Nordeste,16.4,1,46,49.9,No,2024-04-26,2295.4
7043,64,Pro,Instagram,Sudeste,37.45,1,12,49.9,No,2023-07-30,598.8
7044,23,Basic,Google Ads,Sudeste,14.44,3,27,49.9,No,2023-06-25,1347.3
7045,36,Basic,Google Ads,Norte,47.72,2,11,49.9,No,2025-10-30,548.9
7046,35,Enterprise,Instagram,Sudeste,10.91,0,15,49.9,No,2024-05-19,748.5
7047,23,Basic,Google Ads,Sudeste,15.5,4,28,49.9,No,2023-11-17,1397.2
7048,62,Basic,Indicação,Nordeste,24.95,1,38,89.9,No,2025-11-19,3416.2000000000003
7049,50,Basic,Instagram,Nordeste,15.07,3,2,89.9,No,2024-03-14,179.8
7050,40,Basic,Google Ads,Centro-Oeste,15.31,1,14,89.9,No,2025-12-22,1258.6000000000001
7051,40,Pro,Instagram,Nordeste,13.41,3,5,49.9,Yes,2023-07-10,249.5
7052,43,Pro,Google Ads,Norte,13.59,0,47,199.9,No,2024-12-13,9395.300000000001
7053,30,Pro,Instagram,Norte,11.67,1,37,89.9,No,2025-08-26,3326.3
7054,24,Pro,Instagram,Sudeste,21.03,1,10,199.9,No,2023-03-14,1999.0
7055,32,Basic,Indicação,Sudeste,25.15,2,14,49.9,No,2025-06-18,698.6
7056,61,Pro,Instagram,Sudeste,12.63,1,18,89.9,No,2025-12-21,1618.2
7057,44,Basic,Instagram,Nordeste,16.27,2,34,49.9,No,2023-02-08,1696.6
7058,43,Basic,Indicação,Sul,25.2,3,17,89.9,No,2025-01-06,1528.3000000000002
7059,50,Basic,LinkedIn,Sudeste,25.55,2,28,89.9,No,2025-08-16,2517.2000000000003
7060,32,Basic,LinkedIn,Sul,9.43,0,38,49.9,No,2024-12-21,1896.2
7061,53,Pro,Orgânico,Sudeste,21.89,1,31,199.9,No,2023-11-25,6196.900000000001
7062,62,Pro,Google Ads,Centro-Oeste,7.87,2,33,89.9,Yes,2023-06-06,2966.7000000000003
7063,44,Enterprise,Orgânico,Sudeste,37.92,3,36,49.9,No,2024-02-20,1796.3999999999999
7064,22,Pro,Orgânico,Nordeste,13.23,1,47,49.9,No,2023-02-07,2345.2999999999997
7065,19,Basic,Instagram,Sudeste,10.55,2,4,49.9,No,2023-03-08,199.6
7066,50,Basic,Orgânico,Sudeste,20.65,3,37,49.9,No,2024-04-03,1846.3
7067,33,Basic,Orgânico,Norte,31.14,1,23,89.9,No,2023-02-09,2067.7000000000003
7068,40,Basic,Orgânico,Sudeste,15.35,2,21,89.9,No,2024-01-09,1887.9
7069,55,Basic,Indicação,Sudeste,24.5,2,25,89.9,No,2024-02-11,2247.5
7070,33,Basic,Indicação,Norte,19.55,2,15,199.9,No,2024-10-23,2998.5
7071,31,Pro,Google Ads,Sudeste,41.1,2,14,49.9,No,2024-01-01,698.6
7072,46,Pro,LinkedIn,Centro-Oeste,15.58,5,13,49.9,No,2023-03-18,648.6999999999999
7073,43,Pro,Google Ads,Nordeste,9.43,2,33,199.9,Yes,2025-12-05,6596.7
7074,52,Pro,Instagram,Sudeste,35.14,3,21,49.9,No,2025-05-25,1047.8999999999999
7075,32,Pro,Orgânico,Sudeste,10.43,4,43,49.9,No,2024-12-23,2145.7
7076,20,Pro,Google Ads,Sudeste,18.92,0,44,49.9,No,2025-02-11,2195.6
7077,40,Pro,Indicação,Sudeste,18.98,0,24,89.9,No,2023-12-21,2157.6000000000004
7078,46,Basic,Google Ads,Sudeste,13.37,5,25,89.9,No,2025-03-22,2247.5
7079,51,Pro,Google Ads,Sudeste,15.77,2,35,89.9,No,2025-12-08,3146.5
7080,50,Pro,LinkedIn,Centro-Oeste,10.74,2,23,199.9,No,2025-06-22,4597.7
7081,58,Basic,Google Ads,Centro-Oeste,20.41,4,48,89.9,No,2023-06-05,4315.200000000001
7082,58,Basic,Orgânico,Nordeste,18.16,4,4,199.9,No,2025-03-06,799.6
7083,40,Basic,Google Ads,Sul,17.02,2,48,49.9,No,2024-07-18,2395.2
7084,24,Pro,Google Ads,Sul,16.79,3,21,49.9,No,2023-04-04,1047.8999999999999
7085,20,Pro,Google Ads,Sudeste,4.61,2,38,89.9,No,2023-08-03,3416.2000000000003
7086,49,Basic,Instagram,Norte,9.48,2,24,49.9,Yes,2023-01-10,1197.6
7087,48,Basic,Google Ads,Nordeste,23.56,2,26,49.9,No,2025-02-13,1297.3999999999999
7088,35,Enterprise,LinkedIn,Norte,17.55,2,25,49.9,No,2024-04-01,1247.5
7089,60,Basic,LinkedIn,Sudeste,39.96,2,8,199.9,No,2025-07-24,1599.2
7090,24,Basic,Google Ads,Sudeste,12.07,2,6,49.9,No,2023-08-13,299.4
7091,58,Basic,Google Ads,Sudeste,11.9,3,36,199.9,No,2025-08-27,7196.400000000001
7092,18,Pro,Orgânico,Sudeste,22.25,2,34,89.9,No,2023-11-18,3056.6000000000004
7093,31,Pro,LinkedIn,Nordeste,5.61,2,40,89.9,Yes,2024-12-27,3596.0
7094,49,Basic,Instagram,Sudeste,5.75,1,3,49.9,Yes,2025-12-07,149.7
7095,23,Enterprise,Indicação,Centro-Oeste,37.47,4,16,89.9,No,2024-11-11,1438.4
7096,56,Pro,Indicação,Nordeste,19.04,1,6,49.9,No,2025-01-17,299.4
7097,27,Basic,Orgânico,Sudeste,34.22,1,21,89.9,No,2024-10-04,1887.9
7098,24,Pro,Orgânico,Norte,20.68,3,3,89.9,No,2023-10-28,269.70000000000005
7099,43,Basic,Google Ads,Sudeste,21.02,3,46,199.9,No,2025-02-24,9195.4
7100,51,Pro,Google Ads,Nordeste,23.54,0,1,49.9,No,2025-08-02,49.9
7101,47,Basic,Instagram,Nordeste,31.64,2,7,199.9,No,2025-12-28,1399.3
7102,53,Pro,Orgânico,Sudeste,17.73,1,24,49.9,No,2023-03-11,1197.6
7103,38,Basic,Google Ads,Sudeste,9.81,3,42,89.9,No,2024-10-07,3775.8
7104,34,Enterprise,LinkedIn,Centro-Oeste,11.65,1,20,199.9,No,2023-12-24,3998.0
7105,50,Basic,Indicação,Sul,9.79,1,34,89.9,No,2023-08-01,3056.6000000000004
7106,27,Pro,LinkedIn,Norte,4.46,2,46,199.9,No,2025-02-16,9195.4
7107,64,Basic,Instagram,Sudeste,14.59,0,8,199.9,No,2025-05-19,1599.2
7108,59,Enterprise,Instagram,Sudeste,8.71,2,25,89.9,Yes,2025-11-21,2247.5
7109,29,Pro,Google Ads,Norte,26.0,4,38,89.9,No,2025-11-14,3416.2000000000003
7110,33,Basic,Instagram,Sudeste,17.23,0,28,49.9,No,2025-07-11,1397.2
7111,58,Enterprise,Google Ads,Sudeste,18.4,2,37,49.9,Yes,2024-06-30,1846.3
7112,49,Basic,Indicação,Nordeste,18.67,2,25,49.9,No,2023-12-18,1247.5
7113,32,Pro,Orgânico,Sudeste,17.0,1,12,89.9,No,2023-10-09,1078.8000000000002
7114,44,Pro,Indicação,Sul,18.35,2,43,89.9,No,2025-06-23,3865.7000000000003
7115,45,Basic,Indicação,Sudeste,17.3,1,20,89.9,Yes,2025-10-04,1798.0
7116,34,Enterprise,LinkedIn,Nordeste,7.53,0,18,89.9,No,2025-06-18,1618.2
7117,63,Basic,Google Ads,Sudeste,19.75,1,33,199.9,No,2023-08-09,6596.7
7118,19,Basic,Google Ads,Centro-Oeste,16.21,3,33,49.9,Yes,2024-09-10,1646.7
7119,53,Enterprise,Instagram,Sudeste,35.31,1,37,199.9,No,2025-10-28,7396.3
7120,24,Pro,Orgânico,Sudeste,12.5,2,39,89.9,No,2024-06-30,3506.1000000000004
7121,30,Basic,Orgânico,Sul,27.27,2,12,199.9,No,2025-02-04,2398.8
7122,32,Basic,Instagram,Norte,21.81,4,37,199.9,Yes,2023-09-17,7396.3
7123,42,Pro,Instagram,Sudeste,13.38,4,14,49.9,No,2024-03-16,698.6
7124,40,Basic,Instagram,Sul,10.73,3,20,89.9,No,2025-07-08,1798.0
7125,39,Enterprise,Instagram,Sudeste,10.9,3,41,89.9,No,2025-10-05,3685.9
7126,43,Pro,Indicação,Sudeste,5.68,1,18,49.9,No,2024-07-04,898.1999999999999
7127,50,Basic,Indicação,Sudeste,25.99,1,10,89.9,No,2024-09-15,899.0
7128,28,Basic,Orgânico,Sudeste,18.84,1,17,49.9,No,2023-12-24,848.3
7129,27,Pro,Indicação,Sudeste,10.32,1,5,49.9,No,2023-03-11,249.5
7130,42,Basic,Instagram,Nordeste,11.83,1,28,89.9,No,2024-05-15,2517.2000000000003
7131,54,Pro,Orgânico,Sudeste,21.59,2,37,89.9,No,2024-07-23,3326.3
7132,60,Enterprise,Indicação,Sul,15.55,2,33,49.9,No,2023-01-12,1646.7
7133,55,Pro,Instagram,Sul,34.09,2,38,49.9,No,2024-10-30,1896.2
7134,58,Basic,Instagram,Sudeste,26.16,1,21,49.9,No,2023-08-18,1047.8999999999999
7135,62,Basic,Orgânico,Sul,14.96,5,39,49.9,No,2024-06-27,1946.1
7136,41,Pro,Instagram,Sudeste,13.87,1,43,199.9,No,2024-03-03,8595.7
7137,57,Pro,LinkedIn,Nordeste,21.98,1,28,199.9,No,2024-07-16,5597.2
7138,63,Pro,Instagram,Sudeste,7.44,2,1,89.9,No,2025-11-04,89.9
7139,50,Basic,Orgânico,Sudeste,14.95,2,3,49.9,No,2023-05-18,149.7
7140,34,Enterprise,LinkedIn,Sudeste,10.23,5,13,89.9,Yes,2023-05-05,1168.7
7141,41,Basic,LinkedIn,Nordeste,35.35,0,48,89.9,No,2025-07-07,4315.200000000001
7142,54,Pro,Orgânico,Sudeste,23.65,5,26,199.9,No,2023-06-14,5197.400000000001
7143,19,Pro,Orgânico,Sudeste,38.58,0,45,89.9,No,2023-11-25,4045.5000000000005
7144,49,Pro,Orgânico,Sul,27.4,1,41,89.9,No,2024-04-09,3685.9
7145,41,Basic,Google Ads,Norte,12.99,5,6,89.9,No,2023-10-18,539.4000000000001
7146,26,Pro,Instagram,Sudeste,20.38,0,25,89.9,No,2024-10-19,2247.5
7147,21,Basic,Instagram,Sul,10.41,3,35,49.9,No,2025-07-25,1746.5
7148,34,Pro,Google Ads,Sudeste,19.2,1,19,49.9,No,2024-12-25,948.1
7149,34,Basic,Orgânico,Nordeste,10.53,1,37,89.9,Yes,2024-07-28,3326.3
7150,47,Basic,Orgânico,Sul,7.82,1,35,199.9,No,2025-08-22,6996.5
7151,57,Basic,LinkedIn,Nordeste,4.96,0,22,89.9,No,2023-07-08,1977.8000000000002
7152,28,Pro,Google Ads,Norte,20.4,1,37,89.9,No,2023-12-31,3326.3
7153,38,Pro,Google Ads,Sul,20.5,3,11,89.9,No,2025-08-12,988.9000000000001
7154,38,Pro,Instagram,Sudeste,27.8,2,25,89.9,No,2024-07-30,2247.5
7155,35,Pro,Google Ads,Sul,5.93,5,26,199.9,No,2025-03-04,5197.400000000001
7156,46,Pro,Indicação,Sul,17.22,1,10,199.9,No,2025-07-04,1999.0
7157,41,Basic,Indicação,Centro-Oeste,5.55,2,46,89.9,No,2023-07-19,4135.400000000001
7158,27,Pro,Orgânico,Sul,8.03,2,28,49.9,No,2024-07-17,1397.2
7159,62,Pro,Google Ads,Sudeste,60.47,3,19,49.9,Yes,2023-04-22,948.1
7160,34,Basic,Instagram,Sudeste,35.74,4,19,89.9,No,2025-11-17,1708.1000000000001
7161,35,Basic,Orgânico,Norte,35.36,4,36,49.9,No,2023-08-04,1796.3999999999999
7162,59,Basic,LinkedIn,Sudeste,13.92,1,42,199.9,No,2025-08-08,8395.800000000001
7163,37,Basic,Google Ads,Sul,23.02,1,18,89.9,No,2023-12-24,1618.2
7164,54,Basic,Google Ads,Sudeste,11.7,0,26,49.9,No,2024-09-22,1297.3999999999999
7165,62,Basic,Orgânico,Centro-Oeste,16.44,1,8,49.9,No,2024-07-09,399.2
7166,35,Pro,Indicação,Sul,26.47,2,5,49.9,No,2023-06-22,249.5
7167,34,Basic,Orgânico,Sudeste,21.53,3,8,49.9,No,2025-10-02,399.2
7168,26,Basic,Google Ads,Norte,6.59,0,30,89.9,No,2023-03-14,2697.0
7169,31,Enterprise,Orgânico,Sul,31.58,3,8,49.9,No,2023-07-09,399.2
7170,46,Pro,Indicação,Sudeste,21.8,0,36,49.9,No,2024-07-05,1796.3999999999999
7171,48,Basic,Google Ads,Nordeste,23.06,3,10,89.9,No,2025-07-17,899.0
7172,21,Pro,Orgânico,Sul,21.06,2,27,49.9,No,2025-04-15,1347.3
7173,35,Basic,LinkedIn,Sul,18.33,5,41,199.9,No,2023-06-22,8195.9
7174,37,Basic,Orgânico,Sul,19.34,2,15,49.9,No,2024-08-06,748.5
7175,64,Basic,Orgânico,Centro-Oeste,22.65,3,20,89.9,No,2024-02-16,1798.0
7176,60,Enterprise,Instagram,Norte,20.9,4,38,199.9,No,2025-07-21,7596.2
7177,61,Pro,LinkedIn,Sudeste,32.82,3,18,49.9,No,2024-05-06,898.1999999999999
7178,26,Pro,Instagram,Sul,12.78,2,44,49.9,No,2024-09-23,2195.6
7179,30,Enterprise,Indicação,Sudeste,19.2,2,39,49.9,No,2023-10-06,1946.1
7180,32,Enterprise,LinkedIn,Sudeste,13.07,1,12,49.9,No,2023-11-20,598.8
7181,44,Pro,Orgânico,Nordeste,14.74,2,46,89.9,No,2025-03-11,4135.400000000001
7182,32,Pro,Google Ads,Centro-Oeste,7.17,2,46,89.9,No,2023-08-17,4135.400000000001
7183,45,Basic,Indicação,Sudeste,16.45,2,43,49.9,No,2025-08-29,2145.7
7184,54,Basic,Instagram,Norte,77.57,2,18,89.9,No,2023-03-20,1618.2
7185,36,Pro,Google Ads,Sudeste,22.68,1,35,49.9,No,2024-03-30,1746.5
7186,43,Pro,Orgânico,Sudeste,21.14,4,38,49.9,No,2025-11-06,1896.2
7187,43,Enterprise,Google Ads,Nordeste,10.75,2,27,49.9,No,2023-10-06,1347.3
7188,42,Basic,Google Ads,Sudeste,21.15,0,8,49.9,No,2023-08-03,399.2
7189,43,Pro,Google Ads,Sudeste,9.31,1,35,89.9,No,2025-08-20,3146.5
7190,43,Pro,Instagram,Sudeste,27.2,4,32,49.9,No,2023-09-08,1596.8
7191,63,Basic,Instagram,Sudeste,9.72,3,9,49.9,No,2025-07-29,449.09999999999997
7192,45,Pro,Indicação,Sudeste,66.18,2,44,49.9,No,2024-01-07,2195.6
7193,35,Pro,Indicação,Norte,22.35,1,8,49.9,No,2024-04-17,399.2
7194,49,Pro,Instagram,Sul,9.93,0,8,49.9,No,2025-08-11,399.2
7195,20,Pro,Instagram,Sudeste,11.89,1,1,49.9,Yes,2023-03-05,49.9
7196,19,Basic,Google Ads,Sul,19.8,1,25,199.9,No,2023-10-02,4997.5
7197,50,Pro,Indicação,Nordeste,39.42,2,7,49.9,No,2024-07-26,349.3
7198,59,Pro,Instagram,Sudeste,17.9,0,32,49.9,No,2025-08-05,1596.8
7199,36,Pro,Google Ads,Nordeste,3.76,1,10,199.9,No,2025-04-21,1999.0
7200,34,Pro,Google Ads,Sul,17.42,1,48,49.9,No,2024-11-23,2395.2
7201,61,Basic,Instagram,Sudeste,22.63,0,36,89.9,Yes,2024-11-04,3236.4
7202,50,Basic,Indicação,Nordeste,10.19,3,45,199.9,No,2024-05-14,8995.5
7203,29,Basic,Google Ads,Sudeste,14.38,2,22,49.9,No,2023-10-07,1097.8
7204,20,Basic,Instagram,Sudeste,31.96,1,17,89.9,No,2025-01-05,1528.3000000000002
7205,60,Pro,Google Ads,Centro-Oeste,25.52,0,11,89.9,No,2023-03-03,988.9000000000001
7206,43,Enterprise,Orgânico,Sudeste,19.53,4,47,89.9,No,2025-05-31,4225.3
7207,52,Basic,Indicação,Norte,15.37,2,48,49.9,No,2025-04-29,2395.2
7208,25,Basic,Google Ads,Sudeste,16.28,4,41,49.9,No,2024-03-31,2045.8999999999999
7209,53,Basic,Google Ads,Nordeste,14.41,1,16,49.9,No,2024-08-28,798.4
7210,24,Basic,Orgânico,Nordeste,34.58,2,25,199.9,No,2025-03-26,4997.5
7211,63,Pro,Google Ads,Sudeste,25.41,2,30,199.9,No,2023-11-08,5997.0
7212,63,Pro,Orgânico,Sudeste,31.22,1,12,89.9,No,2023-10-12,1078.8000000000002
7213,53,Pro,Instagram,Sudeste,69.01,2,41,89.9,No,2024-06-21,3685.9
7214,33,Basic,Google Ads,Norte,11.05,4,47,49.9,Yes,2024-05-20,2345.2999999999997
7215,41,Enterprise,Indicação,Nordeste,10.34,2,26,49.9,No,2025-08-25,1297.3999999999999
7216,18,Basic,Indicação,Sudeste,5.38,3,26,49.9,No,2025-02-28,1297.3999999999999
7217,42,Pro,Orgânico,Sudeste,22.92,0,12,89.9,No,2025-03-26,1078.8000000000002
7218,27,Pro,Orgânico,Sul,11.44,2,42,89.9,No,2025-03-10,3775.8
7219,33,Pro,Instagram,Centro-Oeste,11.41,2,31,89.9,No,2023-04-28,2786.9
7220,33,Basic,Indicação,Norte,12.54,4,26,89.9,No,2023-12-22,2337.4
7221,25,Basic,Orgânico,Sul,13.3,3,38,49.9,No,2024-12-19,1896.2
7222,46,Pro,LinkedIn,Nordeste,6.83,2,28,49.9,Yes,2023-07-30,1397.2
7223,56,Basic,Instagram,Sudeste,51.34,1,6,89.9,No,2025-01-31,539.4000000000001
7224,45,Basic,Google Ads,Nordeste,5.75,0,1,49.9,No,2024-06-12,49.9
7225,23,Pro,Instagram,Sudeste,28.07,2,2,89.9,No,2023-06-15,179.8
7226,33,Pro,Orgânico,Nordeste,25.87,4,27,49.9,No,2023-12-13,1347.3
7227,37,Pro,Instagram,Norte,44.02,2,42,49.9,No,2025-10-09,2095.7999999999997
7228,33,Basic,Instagram,Centro-Oeste,7.3,0,8,49.9,No,2023-05-17,399.2
7229,24,Pro,Orgânico,Norte,49.84,4,10,89.9,No,2023-03-07,899.0
7230,58,Basic,Google Ads,Sudeste,32.68,2,9,49.9,No,2023-01-26,449.09999999999997
7231,31,Enterprise,LinkedIn,Norte,8.22,2,11,49.9,No,2024-05-27,548.9
7232,60,Basic,Orgânico,Nordeste,16.19,1,4,49.9,No,2024-09-26,199.6
7233,43,Pro,Instagram,Sul,23.89,3,30,49.9,No,2023-11-10,1497.0
7234,43,Enterprise,Instagram,Sudeste,18.09,1,37,199.9,No,2024-11-30,7396.3
7235,31,Basic,LinkedIn,Norte,14.4,1,39,199.9,No,2025-05-07,7796.1
7236,24,Basic,Indicação,Sul,9.37,2,27,49.9,No,2023-02-22,1347.3
7237,50,Basic,LinkedIn,Sudeste,17.45,3,17,199.9,No,2024-08-21,3398.3
7238,43,Basic,Google Ads,Nordeste,21.62,3,9,199.9,No,2025-01-10,1799.1000000000001
7239,62,Pro,Google Ads,Sul,30.06,1,47,89.9,No,2024-06-14,4225.3
7240,37,Basic,Indicação,Nordeste,13.94,1,6,89.9,No,2024-02-16,539.4000000000001
7241,20,Enterprise,Instagram,Sudeste,10.27,3,29,49.9,No,2024-01-22,1447.1
7242,21,Pro,Orgânico,Sudeste,9.64,1,5,89.9,Yes,2024-11-26,449.5
7243,43,Basic,Indicação,Sudeste,13.56,0,45,49.9,No,2023-12-13,2245.5
7244,28,Pro,LinkedIn,Sudeste,24.38,3,1,49.9,No,2025-05-03,49.9
7245,19,Basic,Orgânico,Nordeste,13.64,1,18,199.9,No,2024-04-09,3598.2000000000003
7246,31,Basic,Google Ads,Centro-Oeste,38.14,0,14,89.9,No,2023-07-25,1258.6000000000001
7247,61,Basic,Google Ads,Sudeste,28.53,3,12,49.9,No,2023-08-11,598.8
7248,47,Pro,Indicação,Centro-Oeste,19.57,2,4,49.9,No,2025-12-20,199.6
7249,29,Basic,Google Ads,Nordeste,2.82,0,8,199.9,No,2024-12-11,1599.2
7250,43,Pro,Indicação,Norte,19.41,5,6,49.9,No,2024-07-02,299.4
7251,61,Basic,Orgânico,Nordeste,11.53,3,20,49.9,No,2023-07-28,998.0
7252,50,Enterprise,Orgânico,Sudeste,19.35,1,23,49.9,No,2023-07-13,1147.7
7253,30,Pro,LinkedIn,Sudeste,8.69,2,17,89.9,No,2025-10-23,1528.3000000000002
7254,31,Basic,Orgânico,Nordeste,12.19,2,1,89.9,No,2023-08-01,89.9
7255,41,Pro,Google Ads,Nordeste,46.0,0,39,89.9,Yes,2025-10-15,3506.1000000000004
7256,51,Pro,LinkedIn,Sul,17.88,2,38,89.9,No,2024-07-02,3416.2000000000003
7257,61,Basic,Instagram,Centro-Oeste,21.35,3,14,49.9,No,2023-09-24,698.6
7258,43,Basic,Instagram,Sudeste,19.82,1,2,49.9,Yes,2025-02-01,99.8
7259,38,Basic,Google Ads,Sul,29.24,3,16,49.9,No,2025-02-02,798.4
7260,45,Pro,Orgânico,Sudeste,39.68,1,45,49.9,No,2025-12-11,2245.5
7261,53,Pro,Orgânico,Sudeste,51.72,2,48,49.9,No,2023-10-11,2395.2
7262,57,Basic,Indicação,Nordeste,39.96,3,45,199.9,No,2024-08-16,8995.5
7263,19,Basic,Google Ads,Sudeste,38.8,2,26,89.9,No,2023-04-17,2337.4
7264,59,Pro,Instagram,Sudeste,16.34,2,11,89.9,No,2023-05-27,988.9000000000001
7265,26,Pro,Orgânico,Sul,20.42,3,33,199.9,No,2023-11-30,6596.7
7266,40,Pro,Indicação,Sudeste,27.31,2,13,49.9,Yes,2025-02-07,648.6999999999999
7267,32,Enterprise,Indicação,Sudeste,28.99,4,27,199.9,No,2023-07-02,5397.3
7268,30,Basic,Orgânico,Nordeste,28.9,3,12,49.9,No,2024-04-29,598.8
7269,40,Basic,LinkedIn,Sul,21.08,3,37,89.9,No,2025-12-02,3326.3
7270,34,Basic,LinkedIn,Nordeste,15.58,1,47,49.9,No,2023-04-17,2345.2999999999997
7271,19,Pro,Instagram,Sudeste,19.69,3,3,49.9,Yes,2024-05-22,149.7
7272,37,Basic,Instagram,Norte,10.41,1,4,89.9,No,2023-12-14,359.6
7273,37,Basic,Indicação,Sudeste,24.77,2,15,89.9,No,2024-06-03,1348.5
7274,63,Pro,Instagram,Sul,12.16,1,28,199.9,No,2023-08-03,5597.2
7275,20,Basic,LinkedIn,Centro-Oeste,37.58,1,47,49.9,No,2025-04-20,2345.2999999999997
7276,29,Basic,Instagram,Nordeste,12.27,2,14,89.9,Yes,2025-10-02,1258.6000000000001
7277,57,Pro,Google Ads,Sudeste,16.29,2,24,199.9,No,2024-11-02,4797.6
7278,19,Basic,LinkedIn,Sul,27.01,0,41,89.9,No,2023-04-12,3685.9
7279,53,Basic,Google Ads,Sudeste,17.32,2,6,49.9,No,2025-07-28,299.4
7280,31,Pro,Orgânico,Sudeste,12.52,5,11,49.9,No,2023-09-17,548.9
7281,33,Basic,Instagram,Sudeste,23.74,2,29,199.9,No,2025-04-04,5797.1
7282,36,Basic,LinkedIn,Sudeste,19.05,0,16,89.9,Yes,2024-01-05,1438.4
7283,51,Enterprise,Instagram,Nordeste,12.08,2,13,199.9,No,2025-05-05,2598.7000000000003
7284,61,Basic,Instagram,Norte,13.74,4,11,49.9,No,2025-12-25,548.9
7285,63,Pro,Instagram,Sul,9.46,1,34,199.9,No,2025-09-25,6796.6
7286,23,Basic,Orgânico,Centro-Oeste,25.32,1,18,89.9,No,2023-09-22,1618.2
7287,30,Pro,Instagram,Sudeste,31.89,5,41,49.9,No,2024-12-28,2045.8999999999999
7288,53,Basic,Orgânico,Sudeste,25.14,0,47,89.9,No,2024-04-07,4225.3
7289,39,Basic,Google Ads,Centro-Oeste,36.9,2,46,199.9,No,2024-01-26,9195.4
7290,35,Basic,Google Ads,Nordeste,24.56,3,10,49.9,No,2025-04-03,499.0
7291,29,Pro,Orgânico,Norte,18.85,1,39,49.9,No,2024-02-24,1946.1
7292,47,Pro,LinkedIn,Nordeste,21.29,1,36,199.9,No,2024-04-07,7196.400000000001
7293,57,Basic,LinkedIn,Sudeste,23.37,4,30,49.9,No,2025-03-18,1497.0
7294,24,Enterprise,Instagram,Sudeste,40.66,3,15,49.9,No,2024-11-14,748.5
7295,49,Basic,Google Ads,Nordeste,14.31,1,18,49.9,No,2025-07-26,898.1999999999999
7296,36,Pro,LinkedIn,Sudeste,12.1,1,29,49.9,No,2025-11-23,1447.1
7297,23,Basic,Orgânico,Sudeste,23.53,3,29,49.9,No,2025-04-06,1447.1
7298,37,Pro,Google Ads,Sudeste,10.63,3,22,199.9,No,2023-11-17,4397.8
7299,44,Pro,Orgânico,Norte,5.43,2,23,49.9,Yes,2024-01-09,1147.7
7300,60,Pro,Instagram,Nordeste,7.88,0,29,89.9,No,2023-04-04,2607.1000000000004
7301,54,Basic,LinkedIn,Sudeste,16.18,2,44,49.9,No,2025-01-01,2195.6
7302,24,Basic,Google Ads,Norte,31.42,1,6,49.9,No,2023-06-05,299.4
7303,22,Pro,Instagram,Nordeste,11.24,3,38,89.9,No,2023-01-16,3416.2000000000003
7304,28,Basic,Google Ads,Sul,24.82,0,44,49.9,No,2024-06-18,2195.6
7305,32,Basic,Google Ads,Sul,11.27,3,24,89.9,Yes,2023-06-12,2157.6000000000004
7306,20,Basic,Orgânico,Sudeste,18.49,3,5,89.9,No,2025-11-13,449.5
7307,22,Basic,Indicação,Sudeste,27.57,4,41,89.9,No,2025-10-09,3685.9
7308,40,Basic,Indicação,Nordeste,8.64,1,23,89.9,No,2025-11-10,2067.7000000000003
7309,54,Enterprise,Google Ads,Nordeste,13.48,5,34,89.9,No,2023-02-14,3056.6000000000004
7310,26,Pro,Orgânico,Sudeste,32.14,3,12,49.9,No,2024-11-07,598.8
7311,32,Pro,LinkedIn,Nordeste,9.09,2,11,49.9,No,2024-06-21,548.9
7312,20,Basic,Orgânico,Sudeste,5.85,2,3,49.9,Yes,2023-06-27,149.7
7313,46,Pro,Google Ads,Sudeste,10.36,1,24,89.9,No,2025-06-07,2157.6000000000004
7314,23,Pro,Instagram,Nordeste,27.0,5,29,89.9,Yes,2024-02-26,2607.1000000000004
7315,34,Pro,Orgânico,Sudeste,7.26,1,41,89.9,No,2024-01-14,3685.9
7316,43,Basic,Instagram,Centro-Oeste,9.62,0,31,89.9,Yes,2025-10-31,2786.9
7317,38,Enterprise,Orgânico,Sul,27.81,0,8,199.9,No,2025-01-31,1599.2
7318,25,Pro,Instagram,Sudeste,5.5,4,2,89.9,Yes,2025-04-22,179.8
7319,38,Enterprise,LinkedIn,Sudeste,18.56,1,29,49.9,No,2024-10-06,1447.1
7320,28,Basic,Orgânico,Sudeste,22.39,1,37,49.9,No,2023-09-27,1846.3
7321,55,Basic,Indicação,Sudeste,21.11,3,16,49.9,No,2025-01-29,798.4
7322,25,Basic,Indicação,Centro-Oeste,23.24,1,41,89.9,No,2024-11-03,3685.9
7323,59,Pro,Google Ads,Sul,20.99,2,8,49.9,No,2023-03-02,399.2
7324,41,Basic,Google Ads,Sul,30.67,0,36,49.9,No,2024-08-10,1796.3999999999999
7325,52,Pro,Google Ads,Sudeste,19.98,0,14,89.9,No,2024-06-09,1258.6000000000001
7326,31,Pro,LinkedIn,Nordeste,9.46,2,12,49.9,No,2025-12-15,598.8
7327,31,Pro,Orgânico,Sul,20.05,1,27,89.9,No,2023-03-21,2427.3
7328,27,Pro,Instagram,Nordeste,8.24,1,19,49.9,No,2023-03-26,948.1
7329,29,Pro,LinkedIn,Sul,22.74,2,13,49.9,No,2023-08-25,648.6999999999999
7330,55,Pro,Orgânico,Sudeste,43.22,3,29,49.9,No,2024-04-28,1447.1
7331,61,Basic,Google Ads,Nordeste,18.94,3,3,89.9,No,2023-02-20,269.70000000000005
7332,63,Pro,Orgânico,Sudeste,20.91,1,8,49.9,No,2024-05-05,399.2
7333,51,Enterprise,Orgânico,Sudeste,51.89,2,14,199.9,No,2025-09-29,2798.6
7334,58,Basic,Google Ads,Sudeste,30.14,4,7,89.9,No,2023-10-09,629.3000000000001
7335,27,Enterprise,Google Ads,Centro-Oeste,7.6,3,4,49.9,No,2025-10-09,199.6
7336,34,Basic,Google Ads,Sudeste,15.58,1,21,89.9,No,2025-06-09,1887.9
7337,34,Basic,Orgânico,Sudeste,26.71,3,45,89.9,No,2025-06-13,4045.5000000000005
7338,20,Basic,Google Ads,Sul,16.93,2,12,49.9,No,2024-12-16,598.8
7339,48,Basic,Indicação,Sudeste,17.53,0,31,49.9,No,2023-12-23,1546.8999999999999
7340,18,Pro,Instagram,Centro-Oeste,9.15,0,9,89.9,No,2023-03-25,809.1
7341,29,Enterprise,Orgânico,Sul,5.58,5,7,89.9,No,2023-06-18,629.3000000000001
7342,56,Pro,Orgânico,Nordeste,24.27,3,45,199.9,No,2025-05-05,8995.5
7343,21,Enterprise,Orgânico,Norte,21.47,0,35,49.9,No,2025-02-19,1746.5
7344,59,Basic,Instagram,Sudeste,17.04,1,40,49.9,No,2024-05-07,1996.0
7345,30,Basic,Google Ads,Nordeste,17.69,2,11,89.9,No,2024-08-25,988.9000000000001
7346,51,Pro,Google Ads,Sudeste,5.21,0,37,49.9,No,2025-03-09,1846.3
7347,59,Pro,Instagram,Centro-Oeste,47.0,4,42,49.9,No,2025-04-12,2095.7999999999997
7348,38,Basic,LinkedIn,Sudeste,13.86,3,2,89.9,No,2025-03-13,179.8
7349,39,Enterprise,Orgânico,Nordeste,17.59,0,34,49.9,No,2024-09-23,1696.6
7350,21,Pro,Orgânico,Sudeste,15.92,1,35,89.9,No,2024-05-26,3146.5
7351,35,Enterprise,Google Ads,Nordeste,13.52,5,38,89.9,No,2025-12-16,3416.2000000000003
7352,22,Basic,Orgânico,Nordeste,22.99,0,16,49.9,No,2025-05-03,798.4
7353,36,Pro,Google Ads,Sudeste,22.39,1,32,49.9,No,2023-09-25,1596.8
7354,19,Pro,Google Ads,Sudeste,9.35,0,15,49.9,No,2025-09-10,748.5
7355,29,Pro,Orgânico,Nordeste,8.75,5,10,49.9,No,2024-10-06,499.0
7356,34,Basic,Orgânico,Sudeste,27.7,2,12,49.9,No,2024-12-22,598.8
7357,27,Enterprise,Google Ads,Norte,7.71,0,13,89.9,No,2025-01-31,1168.7
7358,51,Enterprise,Orgânico,Norte,21.62,1,30,49.9,No,2024-02-14,1497.0
7359,23,Basic,Orgânico,Centro-Oeste,43.1,2,47,199.9,Yes,2024-03-30,9395.300000000001
7360,25,Basic,Google Ads,Sudeste,23.75,3,22,49.9,No,2023-10-02,1097.8
7361,28,Pro,Instagram,Sudeste,31.91,3,7,89.9,No,2023-12-01,629.3000000000001
7362,29,Pro,Indicação,Nordeste,13.5,2,16,89.9,No,2025-08-26,1438.4
7363,26,Pro,Orgânico,Sul,18.36,1,45,89.9,No,2024-12-25,4045.5000000000005
7364,19,Basic,Instagram,Sudeste,13.03,2,33,89.9,No,2023-04-08,2966.7000000000003
7365,25,Pro,Google Ads,Sudeste,25.89,1,23,49.9,No,2024-10-23,1147.7
7366,28,Pro,Indicação,Norte,16.95,1,41,89.9,No,2023-01-02,3685.9
7367,53,Basic,Indicação,Sul,29.79,2,33,89.9,No,2023-03-18,2966.7000000000003
7368,27,Pro,LinkedIn,Nordeste,31.92,4,6,199.9,No,2024-05-08,1199.4
7369,38,Basic,Google Ads,Sudeste,10.41,2,46,199.9,No,2023-11-18,9195.4
7370,37,Basic,Orgânico,Sul,31.46,3,32,49.9,No,2025-02-05,1596.8
7371,25,Pro,Indicação,Nordeste,25.81,3,19,199.9,No,2025-02-24,3798.1
7372,53,Enterprise,Orgânico,Sul,26.82,2,36,89.9,No,2023-01-11,3236.4
7373,46,Basic,Orgânico,Sudeste,13.15,1,30,199.9,No,2023-09-28,5997.0
7374,59,Basic,Orgânico,Nordeste,21.69,4,3,49.9,No,2023-08-29,149.7
7375,29,Basic,Orgânico,Sudeste,13.71,0,37,89.9,No,2023-02-26,3326.3
7376,31,Basic,Orgânico,Sudeste,28.7,4,46,89.9,No,2023-12-22,4135.400000000001
7377,38,Basic,Indicação,Sudeste,19.43,0,18,49.9,No,2024-01-16,898.1999999999999
7378,39,Pro,Indicação,Sudeste,16.3,2,34,49.9,No,2025-11-07,1696.6
7379,38,Basic,Indicação,Nordeste,6.31,1,16,49.9,Yes,2023-03-28,798.4
7380,61,Enterprise,Indicação,Sudeste,19.97,2,4,49.9,No,2024-07-07,199.6
7381,47,Basic,Google Ads,Sudeste,28.67,1,4,89.9,No,2025-06-17,359.6
7382,56,Enterprise,Instagram,Sudeste,35.12,1,43,49.9,No,2024-10-23,2145.7
7383,37,Enterprise,Google Ads,Sudeste,20.13,0,7,199.9,No,2023-07-06,1399.3
7384,41,Pro,Instagram,Sudeste,8.74,3,48,89.9,No,2024-07-13,4315.200000000001
7385,40,Basic,Google Ads,Sul,15.35,2,18,89.9,No,2025-07-29,1618.2
7386,24,Pro,Orgânico,Nordeste,22.65,7,43,49.9,No,2025-01-02,2145.7
7387,26,Pro,LinkedIn,Norte,24.04,1,37,49.9,No,2024-11-09,1846.3
7388,18,Enterprise,Google Ads,Nordeste,35.05,2,35,89.9,No,2025-04-15,3146.5
7389,43,Pro,LinkedIn,Sul,10.69,1,2,89.9,No,2025-11-03,179.8
7390,55,Basic,Google Ads,Sudeste,15.1,4,46,199.9,No,2024-03-30,9195.4
7391,55,Pro,Orgânico,Nordeste,26.74,1,5,89.9,No,2025-02-16,449.5
7392,61,Enterprise,Instagram,Sudeste,15.76,0,3,89.9,No,2024-04-23,269.70000000000005
7393,39,Pro,Instagram,Nordeste,13.11,4,35,49.9,No,2023-04-17,1746.5
7394,61,Enterprise,Orgânico,Nordeste,13.36,2,15,49.9,No,2025-11-02,748.5
7395,27,Pro,LinkedIn,Sul,23.51,2,16,49.9,No,2025-09-07,798.4
7396,23,Pro,Orgânico,Sudeste,12.46,3,27,89.9,No,2024-03-27,2427.3
7397,34,Pro,Instagram,Sul,26.53,3,12,89.9,No,2023-11-14,1078.8000000000002
7398,55,Pro,Instagram,Sudeste,16.0,2,5,89.9,Yes,2024-10-23,449.5
7399,41,Basic,LinkedIn,Nordeste,23.41,1,3,89.9,No,2024-04-07,269.70000000000005
7400,27,Pro,Google Ads,Norte,12.47,3,11,49.9,No,2024-09-30,548.9
7401,25,Pro,Google Ads,Norte,15.07,6,39,199.9,No,2024-03-12,7796.1
7402,38,Basic,Google Ads,Sul,10.1,3,6,199.9,No,2023-12-08,1199.4
7403,23,Basic,Orgânico,Norte,10.74,0,14,89.9,No,2023-11-06,1258.6000000000001
7404,38,Pro,Indicação,Nordeste,27.97,2,48,49.9,No,2025-11-14,2395.2
7405,56,Pro,Google Ads,Nordeste,17.01,3,23,89.9,No,2025-05-01,2067.7000000000003
7406,41,Basic,Instagram,Norte,33.03,2,42,199.9,No,2023-02-23,8395.800000000001
7407,50,Pro,Orgânico,Sudeste,30.29,2,4,89.9,No,2024-02-08,359.6
7408,35,Enterprise,Google Ads,Sudeste,19.83,3,16,89.9,No,2025-04-07,1438.4
7409,45,Pro,LinkedIn,Sul,14.4,2,7,199.9,No,2024-08-02,1399.3
7410,49,Basic,LinkedIn,Sul,21.75,4,27,89.9,No,2023-04-10,2427.3
7411,29,Enterprise,Indicação,Centro-Oeste,38.16,1,3,49.9,No,2024-11-20,149.7
7412,59,Enterprise,Instagram,Sudeste,14.79,3,3,49.9,Yes,2023-11-10,149.7
7413,44,Basic,Orgânico,Sudeste,24.86,4,32,89.9,No,2025-03-06,2876.8
7414,27,Basic,Instagram,Sul,11.15,1,48,89.9,No,2024-04-10,4315.200000000001
7415,63,Basic,Instagram,Norte,37.27,0,4,89.9,No,2025-10-09,359.6
7416,59,Pro,Instagram,Sul,33.83,2,43,49.9,Yes,2024-12-15,2145.7
7417,49,Basic,Instagram,Sudeste,24.51,1,10,49.9,No,2025-09-28,499.0
7418,59,Pro,Google Ads,Sudeste,13.32,3,1,49.9,No,2024-05-27,49.9
7419,43,Basic,Orgânico,Sul,12.82,1,18,49.9,No,2023-11-19,898.1999999999999
7420,42,Enterprise,Google Ads,Centro-Oeste,10.65,1,30,49.9,No,2023-11-20,1497.0
7421,28,Basic,Orgânico,Sudeste,16.98,2,28,49.9,No,2024-07-13,1397.2
7422,40,Pro,Instagram,Sudeste,16.24,1,43,49.9,No,2023-12-24,2145.7
7423,51,Enterprise,Instagram,Nordeste,14.61,2,16,89.9,No,2025-02-25,1438.4
7424,57,Basic,Google Ads,Sudeste,19.2,3,22,89.9,No,2025-04-20,1977.8000000000002
7425,40,Basic,LinkedIn,Nordeste,14.64,4,30,89.9,No,2025-09-17,2697.0
7426,46,Pro,Indicação,Nordeste,18.11,2,41,89.9,No,2023-10-24,3685.9
7427,48,Basic,Orgânico,Nordeste,17.75,1,39,49.9,No,2025-09-02,1946.1
7428,24,Pro,Indicação,Sudeste,14.37,0,37,49.9,No,2023-02-10,1846.3
7429,57,Basic,LinkedIn,Sudeste,35.42,1,10,49.9,No,2023-11-10,499.0
7430,50,Basic,Google Ads,Sudeste,17.4,4,25,199.9,No,2023-09-21,4997.5
7431,38,Enterprise,Orgânico,Sudeste,34.21,3,11,199.9,No,2024-06-03,2198.9
7432,19,Pro,Orgânico,Sul,40.61,1,23,49.9,No,2025-07-18,1147.7
7433,35,Pro,Instagram,Sudeste,17.36,1,22,49.9,No,2023-09-25,1097.8
7434,64,Basic,Google Ads,Sudeste,14.5,1,20,199.9,No,2024-06-27,3998.0
7435,50,Basic,Indicação,Sul,22.4,4,5,49.9,No,2024-07-23,249.5
7436,54,Pro,Orgânico,Norte,14.43,1,22,49.9,No,2024-02-18,1097.8
7437,51,Basic,LinkedIn,Centro-Oeste,25.48,3,17,49.9,No,2025-07-12,848.3
7438,37,Pro,Instagram,Sul,14.08,4,18,199.9,No,2025-02-16,3598.2000000000003
7439,52,Basic,Orgânico,Nordeste,38.89,2,15,49.9,No,2024-10-04,748.5
7440,35,Basic,Google Ads,Norte,22.15,2,30,49.9,No,2023-05-29,1497.0
7441,63,Pro,Instagram,Sudeste,31.29,3,12,89.9,No,2023-10-14,1078.8000000000002
7442,41,Pro,Google Ads,Sul,23.16,0,2,89.9,Yes,2025-05-16,179.8
7443,25,Pro,Google Ads,Sudeste,7.27,1,39,89.9,No,2025-12-26,3506.1000000000004
7444,47,Pro,Orgânico,Nordeste,7.1,0,3,199.9,Yes,2023-06-14,599.7
7445,61,Pro,LinkedIn,Sudeste,10.16,3,44,89.9,No,2024-01-22,3955.6000000000004
7446,27,Pro,Orgânico,Nordeste,15.35,3,14,89.9,No,2024-08-31,1258.6000000000001
7447,40,Pro,LinkedIn,Nordeste,36.15,3,36,49.9,No,2025-01-04,1796.3999999999999
7448,28,Basic,Orgânico,Centro-Oeste,26.1,6,37,89.9,No,2025-08-29,3326.3
7449,19,Basic,LinkedIn,Sudeste,24.64,4,14,49.9,No,2024-12-12,698.6
7450,43,Enterprise,Google Ads,Sudeste,24.07,3,23,89.9,No,2023-06-16,2067.7000000000003
7451,53,Basic,Orgânico,Sul,18.04,4,15,89.9,No,2025-07-30,1348.5
7452,50,Basic,Google Ads,Sudeste,11.6,2,7,49.9,No,2023-03-23,349.3
7453,64,Pro,LinkedIn,Centro-Oeste,28.7,1,33,89.9,No,2025-09-29,2966.7000000000003
7454,30,Pro,LinkedIn,Nordeste,26.55,4,38,89.9,No,2024-10-25,3416.2000000000003
7455,57,Pro,Google Ads,Nordeste,8.44,4,12,199.9,No,2024-07-14,2398.8
7456,42,Basic,Google Ads,Sul,15.4,4,24,199.9,No,2023-03-24,4797.6
7457,21,Enterprise,Orgânico,Sul,7.98,2,14,49.9,No,2025-05-04,698.6
7458,59,Pro,Instagram,Nordeste,2.97,1,42,89.9,No,2023-07-31,3775.8
7459,36,Pro,Instagram,Norte,10.69,4,7,89.9,No,2023-10-13,629.3000000000001
7460,35,Basic,LinkedIn,Sul,13.17,1,20,49.9,No,2023-12-13,998.0
7461,54,Basic,Instagram,Nordeste,13.83,1,29,49.9,No,2024-04-19,1447.1
7462,47,Basic,Orgânico,Sudeste,42.39,4,44,199.9,No,2025-10-19,8795.6
7463,36,Basic,Orgânico,Sudeste,20.86,4,47,49.9,No,2024-07-14,2345.2999999999997
7464,40,Basic,Google Ads,Centro-Oeste,19.56,0,7,199.9,No,2023-12-31,1399.3
7465,33,Basic,Indicação,Nordeste,36.08,0,5,89.9,No,2025-06-21,449.5
7466,18,Pro,Instagram,Sudeste,13.35,1,36,89.9,No,2023-01-17,3236.4
7467,29,Pro,LinkedIn,Nordeste,23.87,3,33,89.9,No,2025-07-15,2966.7000000000003
7468,41,Pro,LinkedIn,Centro-Oeste,7.39,0,13,89.9,No,2025-09-23,1168.7
7469,51,Basic,Instagram,Sudeste,6.11,1,32,199.9,No,2024-10-14,6396.8
7470,25,Basic,Google Ads,Centro-Oeste,39.63,4,37,199.9,No,2024-10-29,7396.3
7471,35,Basic,LinkedIn,Sul,18.87,5,37,49.9,No,2025-06-29,1846.3
7472,22,Basic,Google Ads,Sul,13.14,0,27,89.9,No,2023-12-04,2427.3
7473,43,Basic,Google Ads,Sudeste,17.81,0,2,89.9,No,2023-11-20,179.8
7474,47,Pro,Orgânico,Sudeste,18.23,3,47,49.9,No,2024-11-24,2345.2999999999997
7475,30,Enterprise,Instagram,Sul,15.09,0,13,49.9,No,2024-06-02,648.6999999999999
7476,36,Pro,LinkedIn,Sudeste,14.83,1,38,49.9,No,2023-09-02,1896.2
7477,46,Pro,Instagram,Nordeste,18.28,2,30,89.9,No,2024-02-12,2697.0
7478,20,Enterprise,Orgânico,Sudeste,21.85,3,46,89.9,No,2024-09-09,4135.400000000001
7479,43,Pro,Instagram,Sudeste,13.91,5,6,89.9,No,2023-12-01,539.4000000000001
7480,57,Pro,Instagram,Nordeste,18.81,0,3,49.9,No,2025-10-22,149.7
7481,29,Pro,Indicação,Sudeste,14.63,1,30,89.9,No,2025-10-20,2697.0
7482,19,Pro,Orgânico,Sudeste,19.36,2,19,89.9,No,2024-11-03,1708.1000000000001
7483,28,Pro,Orgânico,Sul,28.28,1,16,49.9,No,2024-07-07,798.4
7484,61,Basic,Instagram,Sudeste,29.89,3,4,89.9,No,2024-11-29,359.6
7485,45,Pro,Orgânico,Sudeste,14.12,2,45,89.9,No,2025-08-13,4045.5000000000005
7486,35,Enterprise,Indicação,Sul,15.0,2,9,199.9,No,2025-07-23,1799.1000000000001
7487,30,Pro,Orgânico,Sul,18.04,2,8,49.9,No,2024-01-20,399.2
7488,54,Basic,Orgânico,Sudeste,21.16,1,26,199.9,No,2023-03-31,5197.400000000001
7489,39,Basic,LinkedIn,Sudeste,11.64,0,9,89.9,No,2024-06-28,809.1
7490,29,Pro,Indicação,Sudeste,17.37,4,12,89.9,No,2025-03-19,1078.8000000000002
7491,19,Enterprise,LinkedIn,Sudeste,16.53,4,28,199.9,No,2024-01-24,5597.2
7492,54,Basic,LinkedIn,Nordeste,21.76,5,5,49.9,No,2023-08-05,249.5
7493,24,Pro,Google Ads,Sudeste,23.43,2,45,89.9,No,2023-03-29,4045.5000000000005
7494,43,Enterprise,Google Ads,Sudeste,17.53,4,16,49.9,No,2025-01-05,798.4
7495,43,Basic,Google Ads,Norte,33.19,2,19,89.9,No,2024-08-23,1708.1000000000001
7496,41,Pro,Orgânico,Nordeste,12.16,3,23,49.9,No,2023-03-31,1147.7
7497,29,Basic,Google Ads,Sudeste,36.51,0,8,199.9,No,2025-05-22,1599.2
7498,33,Pro,Google Ads,Sudeste,33.54,1,38,49.9,Yes,2024-11-30,1896.2
7499,40,Pro,Instagram,Centro-Oeste,7.15,5,18,199.9,Yes,2023-11-17,3598.2000000000003
7500,57,Pro,LinkedIn,Norte,13.31,4,26,89.9,No,2023-04-24,2337.4
7501,26,Pro,Orgânico,Sudeste,27.91,2,43,89.9,No,2025-03-08,3865.7000000000003
7502,49,Basic,Indicação,Sudeste,10.31,1,26,49.9,No,2024-02-16,1297.3999999999999
7503,32,Enterprise,Instagram,Nordeste,20.91,6,41,49.9,Yes,2024-05-14,2045.8999999999999
7504,54,Pro,Orgânico,Sul,7.38,2,15,49.9,No,2024-01-10,748.5
7505,30,Pro,Google Ads,Centro-Oeste,19.33,1,14,89.9,No,2023-06-11,1258.6000000000001
7506,22,Pro,Orgânico,Sudeste,22.23,1,7,49.9,No,2025-08-21,349.3
7507,28,Basic,Google Ads,Norte,12.41,2,25,199.9,No,2023-10-01,4997.5
7508,27,Pro,Orgânico,Norte,24.78,2,2,49.9,No,2023-02-09,99.8
7509,30,Enterprise,Google Ads,Sudeste,42.4,0,48,49.9,No,2025-03-26,2395.2
7510,58,Basic,Orgânico,Sudeste,4.53,1,6,49.9,No,2024-10-17,299.4
7511,63,Enterprise,Google Ads,Sudeste,17.68,1,9,49.9,No,2023-11-22,449.09999999999997
7512,32,Pro,Google Ads,Sul,19.93,0,42,89.9,No,2023-03-16,3775.8
7513,59,Pro,Orgânico,Sudeste,18.19,2,21,49.9,No,2023-11-16,1047.8999999999999
7514,24,Pro,Google Ads,Sudeste,14.57,3,11,89.9,No,2024-01-18,988.9000000000001
7515,57,Pro,Orgânico,Sudeste,19.57,1,7,89.9,No,2024-01-10,629.3000000000001
7516,45,Pro,Indicação,Centro-Oeste,21.83,2,32,89.9,No,2024-07-21,2876.8
7517,49,Basic,LinkedIn,Sul,13.89,2,40,49.9,No,2024-07-31,1996.0
7518,52,Pro,Instagram,Centro-Oeste,30.74,3,40,89.9,No,2024-06-02,3596.0
7519,32,Pro,Orgânico,Norte,25.76,1,27,89.9,No,2023-04-18,2427.3
7520,53,Pro,Orgânico,Sudeste,14.62,2,13,49.9,No,2024-07-26,648.6999999999999
7521,38,Pro,Instagram,Sul,20.5,3,2,49.9,No,2024-01-27,99.8
7522,23,Basic,Google Ads,Sul,11.35,4,13,49.9,No,2025-09-17,648.6999999999999
7523,18,Basic,Instagram,Sudeste,29.2,0,4,199.9,No,2023-09-07,799.6
7524,21,Pro,Google Ads,Nordeste,20.62,1,4,89.9,Yes,2025-04-12,359.6
7525,28,Basic,LinkedIn,Sudeste,6.21,5,26,49.9,Yes,2024-12-15,1297.3999999999999
7526,61,Pro,Orgânico,Nordeste,19.57,3,23,199.9,No,2025-06-14,4597.7
7527,43,Basic,Orgânico,Nordeste,19.47,1,20,49.9,No,2024-09-05,998.0
7528,54,Basic,Orgânico,Sudeste,8.89,2,30,49.9,No,2024-09-30,1497.0
7529,40,Basic,Instagram,Sudeste,15.89,1,25,199.9,No,2025-12-20,4997.5
7530,46,Pro,Instagram,Sudeste,33.44,2,27,89.9,No,2024-05-31,2427.3
7531,38,Pro,Orgânico,Nordeste,49.47,1,20,49.9,No,2023-10-14,998.0
7532,62,Pro,Orgânico,Sul,11.61,2,16,49.9,No,2025-09-05,798.4
7533,62,Enterprise,Indicação,Norte,9.7,1,4,89.9,No,2023-08-28,359.6
7534,44,Basic,Google Ads,Centro-Oeste,14.77,1,9,89.9,No,2023-06-25,809.1
7535,56,Basic,LinkedIn,Sudeste,24.39,1,7,49.9,No,2025-09-20,349.3
7536,57,Pro,Instagram,Sudeste,25.62,3,47,49.9,No,2025-02-17,2345.2999999999997
7537,30,Pro,Google Ads,Sudeste,12.52,3,20,49.9,Yes,2023-08-24,998.0
7538,40,Basic,Indicação,Sudeste,2.93,2,41,89.9,No,2024-04-18,3685.9
7539,33,Enterprise,Instagram,Sudeste,15.66,1,41,89.9,No,2025-02-12,3685.9
7540,47,Enterprise,Orgânico,Sul,13.41,2,32,49.9,No,2024-07-22,1596.8
7541,21,Basic,Instagram,Sudeste,27.73,1,1,89.9,No,2024-06-24,89.9
7542,57,Basic,LinkedIn,Sudeste,23.56,0,9,199.9,No,2025-05-25,1799.1000000000001
7543,33,Pro,Orgânico,Sudeste,28.17,0,40,49.9,No,2024-12-28,1996.0
7544,48,Basic,Instagram,Sudeste,9.19,4,19,49.9,No,2025-04-11,948.1
7545,59,Basic,Orgânico,Nordeste,7.24,4,40,89.9,No,2023-08-11,3596.0
7546,42,Pro,Indicação,Sudeste,17.59,1,36,89.9,No,2025-03-29,3236.4
7547,61,Pro,Orgânico,Sul,14.73,4,34,49.9,No,2024-01-10,1696.6
7548,29,Pro,Instagram,Sul,6.58,0,34,49.9,No,2023-03-22,1696.6
7549,43,Basic,Google Ads,Sul,14.97,1,23,49.9,No,2025-08-06,1147.7
7550,54,Pro,Instagram,Sul,7.09,1,1,89.9,No,2023-04-13,89.9
7551,50,Pro,Orgânico,Nordeste,6.49,3,36,199.9,No,2024-03-09,7196.400000000001
7552,45,Basic,LinkedIn,Centro-Oeste,14.92,3,23,49.9,No,2024-03-07,1147.7
7553,26,Basic,Instagram,Norte,11.22,1,29,49.9,No,2024-11-05,1447.1
7554,29,Pro,Google Ads,Sul,15.24,1,23,89.9,No,2025-11-18,2067.7000000000003
7555,22,Enterprise,Instagram,Nordeste,8.92,0,47,89.9,No,2025-04-13,4225.3
7556,45,Enterprise,Indicação,Centro-Oeste,17.96,0,23,89.9,No,2024-10-16,2067.7000000000003
7557,52,Basic,Google Ads,Centro-Oeste,12.66,6,42,49.9,No,2025-09-27,2095.7999999999997
7558,22,Pro,Instagram,Sudeste,24.49,4,27,49.9,No,2025-04-24,1347.3
7559,51,Pro,Google Ads,Sudeste,17.3,2,27,49.9,No,2023-01-22,1347.3
7560,63,Pro,Indicação,Nordeste,6.28,3,39,89.9,No,2025-04-07,3506.1000000000004
7561,51,Pro,Orgânico,Nordeste,25.48,2,27,49.9,No,2023-04-01,1347.3
7562,30,Basic,LinkedIn,Centro-Oeste,14.88,6,23,89.9,Yes,2025-11-21,2067.7000000000003
7563,56,Pro,Google Ads,Sul,19.83,4,23,89.9,No,2025-07-03,2067.7000000000003
7564,59,Basic,Google Ads,Sudeste,35.99,1,21,49.9,No,2024-01-25,1047.8999999999999
7565,62,Basic,Instagram,Norte,25.83,3,7,49.9,No,2024-05-22,349.3
7566,31,Pro,LinkedIn,Sudeste,24.82,1,21,49.9,No,2024-08-27,1047.8999999999999
7567,28,Enterprise,LinkedIn,Nordeste,19.69,4,45,89.9,No,2025-10-26,4045.5000000000005
7568,59,Basic,Orgânico,Sudeste,19.76,1,20,199.9,No,2024-12-15,3998.0
7569,55,Pro,Orgânico,Nordeste,15.08,4,32,49.9,No,2023-04-21,1596.8
7570,21,Basic,Google Ads,Sul,23.25,1,39,89.9,No,2025-02-10,3506.1000000000004
7571,50,Enterprise,Google Ads,Sul,15.04,0,44,89.9,No,2025-06-13,3955.6000000000004
7572,24,Pro,Instagram,Sudeste,20.17,2,6,49.9,No,2023-03-03,299.4
7573,58,Basic,Instagram,Sudeste,18.67,1,18,89.9,No,2023-01-21,1618.2
7574,25,Basic,LinkedIn,Sudeste,38.53,2,6,89.9,Yes,2023-01-15,539.4000000000001
7575,54,Basic,Orgânico,Nordeste,42.67,1,8,49.9,No,2024-10-11,399.2
7576,27,Basic,Google Ads,Sudeste,23.21,3,2,199.9,No,2025-01-19,399.8
7577,60,Basic,Orgânico,Norte,61.56,1,40,89.9,No,2024-06-12,3596.0
7578,32,Pro,Indicação,Sul,36.42,1,46,49.9,No,2023-01-01,2295.4
7579,55,Basic,Orgânico,Sul,11.0,3,20,89.9,No,2024-06-25,1798.0
7580,32,Pro,Indicação,Norte,28.61,4,42,89.9,No,2024-05-11,3775.8
7581,22,Basic,Indicação,Centro-Oeste,39.95,3,13,89.9,No,2024-10-07,1168.7
7582,46,Pro,Google Ads,Centro-Oeste,11.48,2,38,89.9,No,2025-12-02,3416.2000000000003
7583,36,Basic,Orgânico,Sul,25.56,5,8,49.9,No,2025-09-18,399.2
7584,27,Basic,Google Ads,Norte,9.18,2,26,89.9,No,2025-08-04,2337.4
7585,29,Pro,Indicação,Nordeste,15.05,1,10,49.9,No,2023-04-10,499.0
7586,21,Basic,Google Ads,Nordeste,10.58,3,9,49.9,No,2023-03-04,449.09999999999997
7587,48,Pro,Google Ads,Norte,18.03,4,28,89.9,No,2024-06-28,2517.2000000000003
7588,35,Pro,Google Ads,Sudeste,49.21,5,7,49.9,No,2023-06-19,349.3
7589,33,Pro,Google Ads,Sudeste,30.07,2,1,49.9,No,2024-04-15,49.9
7590,57,Basic,Instagram,Sudeste,18.78,2,33,89.9,No,2024-08-28,2966.7000000000003
7591,53,Basic,Orgânico,Nordeste,7.63,2,43,49.9,Yes,2025-06-21,2145.7
7592,42,Pro,Instagram,Nordeste,21.79,2,13,89.9,No,2023-07-15,1168.7
7593,40,Pro,Orgânico,Centro-Oeste,31.62,2,34,89.9,No,2024-08-29,3056.6000000000004
7594,29,Basic,Google Ads,Sudeste,17.59,3,11,49.9,No,2024-06-22,548.9
7595,51,Basic,LinkedIn,Nordeste,25.33,1,47,49.9,No,2025-11-23,2345.2999999999997
7596,53,Basic,Google Ads,Centro-Oeste,9.98,2,48,49.9,No,2024-11-28,2395.2
7597,54,Pro,Google Ads,Sudeste,18.11,2,29,89.9,No,2024-01-24,2607.1000000000004
7598,20,Basic,Google Ads,Sudeste,15.95,3,48,49.9,No,2024-10-15,2395.2
7599,26,Pro,Instagram,Norte,32.66,2,47,89.9,No,2024-10-05,4225.3
7600,35,Basic,Google Ads,Sudeste,17.26,0,27,49.9,No,2024-09-23,1347.3
7601,60,Pro,Orgânico,Sul,11.63,2,35,199.9,No,2023-02-11,6996.5
7602,52,Basic,Instagram,Sul,8.02,1,38,89.9,No,2025-02-28,3416.2000000000003
7603,51,Pro,Orgânico,Sudeste,26.96,3,25,199.9,No,2025-10-10,4997.5
7604,58,Basic,Orgânico,Sudeste,22.76,5,47,49.9,No,2023-03-08,2345.2999999999997
7605,31,Basic,Indicação,Nordeste,17.61,1,40,49.9,No,2025-07-21,1996.0
7606,21,Basic,Orgânico,Sudeste,29.85,3,45,199.9,No,2025-01-13,8995.5
7607,46,Basic,Google Ads,Nordeste,14.14,1,15,199.9,No,2025-05-26,2998.5
7608,58,Basic,Orgânico,Sul,23.0,1,2,49.9,No,2023-04-03,99.8
7609,62,Pro,Instagram,Norte,25.53,0,14,89.9,No,2023-08-01,1258.6000000000001
7610,32,Enterprise,LinkedIn,Sudeste,16.99,2,14,49.9,No,2024-03-29,698.6
7611,45,Basic,Indicação,Centro-Oeste,50.96,1,46,199.9,No,2023-09-07,9195.4
7612,59,Pro,Orgânico,Sudeste,12.12,1,41,49.9,Yes,2025-03-23,2045.8999999999999
7613,33,Pro,Orgânico,Sudeste,36.45,1,24,89.9,No,2023-08-15,2157.6000000000004
7614,29,Basic,Google Ads,Sul,26.65,3,5,49.9,No,2024-01-01,249.5
7615,22,Enterprise,Instagram,Sudeste,16.64,1,34,49.9,No,2025-04-08,1696.6
7616,51,Pro,Orgânico,Sudeste,6.88,1,44,89.9,No,2025-11-07,3955.6000000000004
7617,59,Enterprise,Indicação,Nordeste,35.15,2,32,49.9,No,2023-10-13,1596.8
7618,18,Basic,Google Ads,Sudeste,18.99,0,28,89.9,No,2024-08-27,2517.2000000000003
7619,56,Basic,Instagram,Sudeste,36.05,0,46,89.9,No,2024-01-18,4135.400000000001
7620,49,Pro,Orgânico,Sudeste,14.74,2,13,49.9,No,2024-11-06,648.6999999999999
7621,43,Pro,Indicação,Sudeste,4.43,2,16,89.9,No,2025-09-23,1438.4
7622,34,Basic,Instagram,Sul,26.51,5,21,49.9,No,2025-03-03,1047.8999999999999
7623,44,Enterprise,Indicação,Sudeste,5.34,1,22,49.9,No,2024-12-04,1097.8
7624,41,Pro,LinkedIn,Centro-Oeste,28.49,3,23,89.9,No,2023-06-14,2067.7000000000003
7625,52,Basic,Orgânico,Sul,16.73,2,32,49.9,No,2025-09-13,1596.8
7626,63,Pro,LinkedIn,Nordeste,26.48,1,12,199.9,No,2023-04-12,2398.8
7627,59,Pro,Instagram,Sul,29.14,2,41,89.9,No,2023-05-14,3685.9
7628,56,Basic,Orgânico,Sudeste,54.6,2,22,49.9,No,2023-06-23,1097.8
7629,43,Enterprise,Google Ads,Norte,34.92,1,23,89.9,No,2025-03-19,2067.7000000000003
7630,55,Basic,Orgânico,Sudeste,12.65,3,35,199.9,No,2023-10-20,6996.5
7631,40,Basic,Indicação,Sudeste,8.21,2,25,49.9,No,2025-11-15,1247.5
7632,39,Enterprise,Orgânico,Nordeste,14.49,3,47,89.9,No,2024-05-01,4225.3
7633,21,Enterprise,Instagram,Centro-Oeste,13.34,0,43,49.9,Yes,2024-07-30,2145.7
7634,26,Pro,Indicação,Sudeste,23.85,1,45,199.9,No,2023-08-26,8995.5
7635,21,Enterprise,Orgânico,Sudeste,12.36,2,30,89.9,No,2023-02-19,2697.0
7636,24,Pro,Indicação,Sudeste,11.42,2,30,49.9,No,2024-09-22,1497.0
7637,40,Enterprise,Google Ads,Nordeste,14.04,3,3,89.9,No,2023-03-28,269.70000000000005
7638,19,Basic,Instagram,Nordeste,17.74,2,31,89.9,No,2023-02-15,2786.9
7639,41,Pro,LinkedIn,Centro-Oeste,20.31,2,36,49.9,No,2023-01-19,1796.3999999999999
7640,57,Pro,Instagram,Norte,38.39,2,36,49.9,No,2023-07-05,1796.3999999999999
7641,48,Basic,Indicação,Sudeste,13.28,2,35,49.9,No,2025-03-09,1746.5
7642,64,Pro,Instagram,Sudeste,16.92,3,14,49.9,No,2025-11-18,698.6
7643,48,Pro,Orgânico,Norte,26.39,2,22,89.9,No,2025-08-06,1977.8000000000002
7644,64,Pro,Instagram,Sudeste,23.56,1,15,49.9,No,2024-04-02,748.5
7645,57,Basic,Google Ads,Sul,25.25,2,23,199.9,No,2024-06-26,4597.7
7646,60,Pro,Google Ads,Sudeste,12.5,5,8,49.9,Yes,2024-11-22,399.2
7647,51,Basic,Indicação,Norte,10.34,0,24,199.9,No,2024-04-20,4797.6
7648,41,Basic,LinkedIn,Centro-Oeste,10.95,1,42,49.9,No,2023-04-04,2095.7999999999997
7649,43,Enterprise,LinkedIn,Sudeste,13.38,3,40,199.9,No,2025-04-01,7996.0
7650,33,Pro,Orgânico,Sudeste,36.0,1,33,89.9,No,2023-07-24,2966.7000000000003
7651,64,Basic,Instagram,Sul,15.82,1,7,89.9,No,2025-03-05,629.3000000000001
7652,30,Basic,Orgânico,Sul,5.98,1,38,89.9,No,2025-11-15,3416.2000000000003
7653,32,Pro,Orgânico,Norte,15.15,2,36,199.9,No,2024-07-20,7196.400000000001
7654,44,Enterprise,Google Ads,Nordeste,21.64,2,9,199.9,No,2023-06-22,1799.1000000000001
7655,21,Enterprise,Orgânico,Norte,11.12,3,34,49.9,No,2024-03-01,1696.6
7656,33,Pro,Indicação,Sudeste,19.2,0,43,89.9,No,2023-08-13,3865.7000000000003
7657,47,Basic,LinkedIn,Centro-Oeste,33.64,0,20,49.9,No,2024-06-21,998.0
7658,61,Basic,LinkedIn,Sudeste,26.09,3,19,49.9,No,2025-01-29,948.1
7659,47,Basic,Orgânico,Nordeste,12.28,2,32,89.9,No,2023-01-25,2876.8
7660,53,Basic,Orgânico,Norte,23.96,1,21,89.9,No,2024-03-18,1887.9
7661,20,Basic,LinkedIn,Norte,22.45,1,26,89.9,No,2024-11-09,2337.4
7662,39,Basic,Google Ads,Sudeste,18.94,3,9,49.9,No,2025-07-26,449.09999999999997
7663,39,Pro,Indicação,Sul,27.15,4,36,89.9,No,2024-10-23,3236.4
7664,29,Basic,Google Ads,Centro-Oeste,37.51,0,34,199.9,No,2024-11-29,6796.6
7665,38,Pro,Indicação,Sul,18.58,5,44,49.9,No,2023-05-19,2195.6
7666,21,Enterprise,Orgânico,Sul,7.46,1,6,49.9,No,2025-09-03,299.4
7667,48,Pro,Instagram,Sudeste,19.56,1,33,49.9,No,2025-07-25,1646.7
7668,61,Pro,Google Ads,Sudeste,11.68,6,15,49.9,No,2023-08-08,748.5
7669,48,Pro,Indicação,Sudeste,33.79,4,18,49.9,No,2023-05-12,898.1999999999999
7670,40,Basic,Instagram,Sudeste,8.71,1,23,49.9,No,2024-10-28,1147.7
7671,37,Basic,Google Ads,Sudeste,24.62,1,7,89.9,No,2023-03-07,629.3000000000001
7672,32,Basic,Indicação,Sul,8.72,1,14,49.9,No,2025-09-29,698.6
7673,40,Basic,Orgânico,Centro-Oeste,8.45,0,14,49.9,No,2025-01-09,698.6
7674,45,Pro,Indicação,Centro-Oeste,11.46,1,20,199.9,No,2024-01-24,3998.0
7675,33,Enterprise,LinkedIn,Sul,10.7,1,34,49.9,No,2023-09-22,1696.6
7676,54,Enterprise,Indicação,Nordeste,7.5,2,30,49.9,No,2024-01-16,1497.0
7677,38,Basic,Google Ads,Centro-Oeste,32.59,1,44,89.9,No,2023-09-05,3955.6000000000004
7678,32,Enterprise,Orgânico,Sudeste,32.48,2,29,89.9,No,2025-10-16,2607.1000000000004
7679,34,Basic,Indicação,Sudeste,10.62,1,7,49.9,No,2025-03-31,349.3
7680,54,Pro,Orgânico,Sudeste,33.9,2,30,49.9,Yes,2023-11-03,1497.0
7681,30,Basic,Orgânico,Sul,21.7,3,43,49.9,No,2025-07-31,2145.7
7682,36,Basic,Instagram,Nordeste,8.5,2,30,89.9,No,2024-02-29,2697.0
7683,47,Basic,Orgânico,Sudeste,32.05,3,46,89.9,No,2024-02-03,4135.400000000001
7684,62,Enterprise,Orgânico,Sudeste,40.26,0,46,49.9,Yes,2025-03-25,2295.4
7685,35,Basic,Indicação,Centro-Oeste,15.31,2,26,49.9,No,2023-02-01,1297.3999999999999
7686,31,Basic,Instagram,Centro-Oeste,8.65,4,5,89.9,No,2025-12-16,449.5
7687,53,Enterprise,Orgânico,Sudeste,22.03,2,25,199.9,No,2024-07-14,4997.5
7688,53,Enterprise,Instagram,Nordeste,4.96,0,30,89.9,No,2025-06-06,2697.0
7689,37,Basic,Indicação,Sudeste,16.08,0,34,49.9,No,2024-12-08,1696.6
7690,36,Pro,Google Ads,Sudeste,12.52,3,46,199.9,No,2023-10-31,9195.4
7691,62,Basic,Indicação,Centro-Oeste,7.08,2,19,89.9,No,2024-08-12,1708.1000000000001
7692,61,Basic,Orgânico,Sudeste,28.49,3,43,49.9,No,2024-06-01,2145.7
7693,24,Pro,Google Ads,Sudeste,42.72,2,30,49.9,No,2023-11-19,1497.0
7694,61,Basic,Orgânico,Nordeste,22.13,1,8,89.9,No,2023-05-06,719.2
7695,21,Pro,Instagram,Nordeste,15.49,5,22,199.9,No,2025-08-29,4397.8
7696,51,Pro,Indicação,Nordeste,8.55,7,30,89.9,No,2023-09-09,2697.0
7697,19,Pro,Indicação,Sudeste,24.45,0,18,49.9,No,2023-12-13,898.1999999999999
7698,22,Pro,Google Ads,Nordeste,24.07,0,23,49.9,No,2025-01-08,1147.7
7699,27,Pro,LinkedIn,Nordeste,9.15,3,24,49.9,Yes,2023-06-26,1197.6
7700,49,Basic,Orgânico,Norte,27.19,3,44,49.9,No,2023-05-15,2195.6
7701,59,Basic,Instagram,Norte,11.1,4,44,49.9,No,2024-10-12,2195.6
7702,58,Pro,Indicação,Sudeste,28.45,4,46,89.9,No,2025-08-20,4135.400000000001
7703,30,Pro,Indicação,Sudeste,23.3,2,16,89.9,No,2024-04-15,1438.4
7704,56,Pro,Instagram,Sudeste,5.7,1,8,89.9,No,2024-09-19,719.2
7705,22,Pro,Orgânico,Sudeste,16.45,0,13,89.9,No,2025-02-10,1168.7
7706,27,Basic,LinkedIn,Nordeste,24.19,1,42,49.9,No,2024-05-18,2095.7999999999997
7707,27,Pro,Instagram,Nordeste,13.51,5,14,49.9,No,2025-12-10,698.6
7708,55,Basic,Google Ads,Nordeste,23.76,2,20,49.9,No,2023-10-26,998.0
7709,44,Enterprise,LinkedIn,Sudeste,21.09,1,32,89.9,No,2025-12-04,2876.8
7710,38,Pro,Indicação,Sudeste,19.46,3,35,89.9,No,2025-12-02,3146.5
7711,25,Basic,Indicação,Sul,17.72,2,8,49.9,No,2024-10-09,399.2
7712,18,Pro,Indicação,Centro-Oeste,20.27,1,2,49.9,No,2024-03-19,99.8
7713,45,Pro,Orgânico,Nordeste,5.2,1,36,49.9,No,2023-02-06,1796.3999999999999
7714,56,Basic,Instagram,Nordeste,45.09,3,23,49.9,No,2024-05-12,1147.7
7715,31,Pro,LinkedIn,Sudeste,20.33,2,2,89.9,No,2023-12-22,179.8
7716,38,Pro,Orgânico,Norte,30.83,1,28,49.9,No,2024-01-14,1397.2
7717,47,Pro,Orgânico,Sudeste,26.21,1,5,89.9,No,2023-06-15,449.5
7718,38,Basic,Instagram,Sudeste,15.48,1,25,89.9,No,2024-09-01,2247.5
7719,26,Pro,Indicação,Sudeste,16.52,3,1,199.9,No,2024-04-22,199.9
7720,34,Enterprise,Instagram,Sudeste,32.08,1,22,89.9,No,2025-07-11,1977.8000000000002
7721,22,Enterprise,Google Ads,Norte,22.01,1,7,89.9,No,2024-03-10,629.3000000000001
7722,48,Pro,Orgânico,Nordeste,44.54,3,44,49.9,No,2023-07-10,2195.6
7723,57,Enterprise,Instagram,Sul,13.59,2,23,199.9,No,2025-05-15,4597.7
7724,55,Pro,Google Ads,Sudeste,12.94,0,24,49.9,No,2023-12-01,1197.6
7725,60,Basic,Orgânico,Sudeste,14.99,0,26,49.9,No,2025-08-06,1297.3999999999999
7726,36,Pro,Orgânico,Sul,42.9,2,14,89.9,No,2023-01-07,1258.6000000000001
7727,53,Basic,Orgânico,Centro-Oeste,12.18,2,31,89.9,No,2025-09-21,2786.9
7728,50,Basic,LinkedIn,Sudeste,26.39,4,27,49.9,No,2025-10-28,1347.3
7729,30,Pro,LinkedIn,Sudeste,12.52,1,22,89.9,No,2023-03-28,1977.8000000000002
7730,31,Pro,Google Ads,Sudeste,16.92,2,45,49.9,No,2024-10-27,2245.5
7731,50,Pro,Orgânico,Sudeste,29.17,1,46,49.9,No,2023-02-19,2295.4
7732,46,Pro,Orgânico,Sudeste,24.61,3,36,89.9,No,2023-07-02,3236.4
7733,60,Basic,Orgânico,Nordeste,34.63,3,17,199.9,No,2023-11-06,3398.3
7734,53,Basic,Orgânico,Norte,33.92,1,44,199.9,No,2023-02-20,8795.6
7735,61,Basic,Google Ads,Sudeste,3.11,3,30,49.9,Yes,2025-02-11,1497.0
7736,27,Pro,Instagram,Sudeste,24.2,1,21,49.9,Yes,2023-09-14,1047.8999999999999
7737,48,Basic,Instagram,Sudeste,21.11,1,8,49.9,No,2023-07-25,399.2
7738,23,Basic,Orgânico,Sul,27.1,1,2,89.9,No,2023-06-17,179.8
7739,18,Basic,Google Ads,Sudeste,14.52,1,48,49.9,No,2023-07-17,2395.2
7740,24,Pro,LinkedIn,Norte,23.82,0,46,49.9,No,2025-06-07,2295.4
7741,44,Enterprise,Google Ads,Nordeste,9.04,3,6,199.9,No,2023-04-16,1199.4
7742,38,Pro,Indicação,Sudeste,15.27,2,13,89.9,No,2023-03-07,1168.7
7743,45,Basic,Orgânico,Sudeste,21.67,3,29,49.9,No,2025-07-01,1447.1
7744,33,Basic,Indicação,Sudeste,41.16,1,35,89.9,No,2025-05-06,3146.5
7745,63,Basic,Orgânico,Sul,44.67,4,30,49.9,No,2025-04-22,1497.0
7746,40,Basic,Indicação,Centro-Oeste,43.04,4,46,49.9,No,2025-04-04,2295.4
7747,37,Basic,Google Ads,Sudeste,9.12,6,34,49.9,Yes,2025-02-15,1696.6
7748,55,Basic,Instagram,Sudeste,24.07,2,20,89.9,No,2023-05-01,1798.0
7749,42,Basic,Orgânico,Nordeste,4.87,3,42,49.9,No,2024-11-04,2095.7999999999997
7750,45,Basic,Instagram,Centro-Oeste,21.66,3,15,49.9,No,2025-09-20,748.5
7751,22,Basic,Google Ads,Sudeste,16.98,2,10,49.9,No,2024-02-23,499.0
7752,38,Pro,Instagram,Sudeste,6.91,3,45,199.9,No,2024-08-29,8995.5
7753,35,Enterprise,Instagram,Sudeste,21.7,0,24,49.9,No,2024-08-21,1197.6
7754,64,Enterprise,LinkedIn,Sudeste,35.96,4,18,49.9,No,2025-07-22,898.1999999999999
7755,23,Basic,LinkedIn,Sudeste,9.17,1,3,199.9,No,2025-12-14,599.7
7756,46,Basic,Orgânico,Nordeste,20.86,3,28,199.9,No,2024-12-05,5597.2
7757,36,Enterprise,Orgânico,Nordeste,9.58,3,12,89.9,No,2023-11-08,1078.8000000000002
7758,50,Basic,Google Ads,Nordeste,29.92,4,33,199.9,No,2024-11-17,6596.7
7759,18,Pro,Indicação,Sudeste,8.28,1,16,89.9,No,2025-12-16,1438.4
7760,62,Pro,Orgânico,Centro-Oeste,13.86,2,42,49.9,No,2023-06-12,2095.7999999999997
7761,20,Enterprise,Orgânico,Nordeste,20.06,4,3,89.9,No,2025-12-19,269.70000000000005
7762,59,Enterprise,Instagram,Sul,14.65,3,33,89.9,No,2023-05-11,2966.7000000000003
7763,38,Pro,Instagram,Sudeste,12.04,2,24,89.9,No,2024-08-01,2157.6000000000004
7764,52,Pro,Orgânico,Sudeste,38.98,3,1,89.9,Yes,2025-08-20,89.9
7765,58,Basic,Orgânico,Sudeste,35.9,5,42,89.9,No,2025-11-27,3775.8
7766,57,Basic,LinkedIn,Nordeste,26.14,1,14,89.9,No,2025-03-25,1258.6000000000001
7767,20,Basic,Google Ads,Sudeste,29.91,1,9,89.9,No,2025-08-18,809.1
7768,42,Basic,Indicação,Nordeste,33.7,1,35,89.9,No,2024-10-02,3146.5
7769,62,Basic,Google Ads,Sudeste,23.51,3,16,49.9,No,2023-01-11,798.4
7770,55,Basic,Google Ads,Norte,12.36,3,9,199.9,No,2024-07-27,1799.1000000000001
7771,62,Enterprise,Instagram,Centro-Oeste,9.47,1,12,89.9,Yes,2024-10-06,1078.8000000000002
7772,37,Basic,Instagram,Norte,24.8,2,31,49.9,No,2025-03-18,1546.8999999999999
7773,61,Basic,LinkedIn,Sudeste,28.01,3,6,89.9,Yes,2023-10-16,539.4000000000001
7774,62,Basic,Instagram,Norte,21.16,0,39,89.9,Yes,2025-07-22,3506.1000000000004
7775,51,Pro,Google Ads,Sudeste,21.66,2,30,89.9,No,2025-06-13,2697.0
7776,38,Basic,Google Ads,Centro-Oeste,17.47,4,45,89.9,No,2025-09-05,4045.5000000000005
7777,40,Enterprise,Google Ads,Sudeste,38.0,4,43,89.9,No,2025-11-19,3865.7000000000003
7778,23,Pro,Instagram,Nordeste,20.18,3,45,49.9,No,2023-09-10,2245.5
7779,30,Pro,Google Ads,Norte,5.0,0,36,49.9,Yes,2024-02-21,1796.3999999999999
7780,40,Basic,Instagram,Nordeste,14.26,2,25,49.9,No,2024-04-30,1247.5
7781,26,Pro,LinkedIn,Centro-Oeste,23.14,2,29,89.9,Yes,2023-12-07,2607.1000000000004
7782,34,Pro,Google Ads,Sudeste,19.1,1,29,49.9,No,2024-03-27,1447.1
7783,19,Basic,Google Ads,Sudeste,26.21,1,22,89.9,No,2025-10-15,1977.8000000000002
7784,36,Basic,Orgânico,Sudeste,17.85,1,4,89.9,No,2025-10-19,359.6
7785,36,Basic,LinkedIn,Sudeste,22.91,1,40,199.9,No,2025-10-09,7996.0
7786,24,Enterprise,Orgânico,Nordeste,33.02,2,9,49.9,No,2025-07-06,449.09999999999997
7787,59,Basic,LinkedIn,Nordeste,20.34,0,21,199.9,No,2025-09-08,4197.900000000001
7788,59,Enterprise,Orgânico,Norte,34.82,2,47,49.9,No,2025-03-01,2345.2999999999997
7789,37,Basic,Instagram,Sudeste,27.82,1,40,89.9,No,2025-07-06,3596.0
7790,26,Pro,Indicação,Sudeste,26.54,1,11,89.9,Yes,2025-08-14,988.9000000000001
7791,34,Pro,LinkedIn,Sudeste,29.15,3,13,89.9,No,2023-02-05,1168.7
7792,44,Basic,Orgânico,Centro-Oeste,16.2,3,20,89.9,No,2025-02-02,1798.0
7793,64,Basic,Instagram,Sul,21.36,2,10,89.9,No,2023-05-09,899.0
7794,19,Basic,Orgânico,Nordeste,25.24,1,23,89.9,No,2025-09-18,2067.7000000000003
7795,53,Basic,LinkedIn,Sudeste,14.88,1,32,49.9,No,2025-09-05,1596.8
7796,36,Pro,Indicação,Sudeste,8.17,0,24,49.9,No,2024-08-27,1197.6
7797,34,Basic,Orgânico,Nordeste,13.99,0,44,199.9,No,2023-12-03,8795.6
7798,22,Pro,Orgânico,Norte,46.69,4,11,89.9,No,2024-03-10,988.9000000000001
7799,56,Basic,Indicação,Nordeste,28.72,3,38,89.9,No,2023-10-05,3416.2000000000003
7800,35,Basic,Instagram,Sul,14.94,3,33,49.9,No,2024-10-09,1646.7
7801,24,Pro,Instagram,Sudeste,39.77,3,27,49.9,No,2025-07-27,1347.3
7802,34,Pro,Instagram,Sudeste,21.17,0,23,49.9,No,2025-01-13,1147.7
7803,56,Basic,Google Ads,Norte,19.52,2,4,199.9,No,2023-07-03,799.6
7804,53,Pro,Google Ads,Sudeste,25.83,0,45,89.9,No,2024-02-09,4045.5000000000005
7805,57,Basic,LinkedIn,Norte,19.65,1,15,49.9,No,2024-10-08,748.5
7806,62,Enterprise,Orgânico,Norte,12.75,1,42,89.9,No,2025-12-23,3775.8
7807,21,Basic,Google Ads,Nordeste,9.23,2,3,89.9,No,2024-05-12,269.70000000000005
7808,55,Basic,LinkedIn,Sul,30.49,1,3,49.9,No,2025-02-11,149.7
7809,42,Pro,Instagram,Sul,15.94,1,25,89.9,No,2025-06-19,2247.5
7810,22,Basic,Orgânico,Nordeste,23.24,2,22,89.9,No,2025-03-23,1977.8000000000002
7811,47,Basic,Google Ads,Nordeste,31.79,2,11,89.9,No,2025-09-13,988.9000000000001
7812,29,Basic,LinkedIn,Norte,11.74,3,11,49.9,No,2025-10-15,548.9
7813,21,Enterprise,Orgânico,Sudeste,3.8,1,8,49.9,No,2024-05-13,399.2
7814,41,Enterprise,Instagram,Nordeste,6.42,0,37,49.9,Yes,2023-04-20,1846.3
7815,46,Pro,Indicação,Sudeste,13.73,2,28,49.9,No,2023-11-17,1397.2
7816,26,Pro,Orgânico,Sudeste,11.48,1,20,89.9,No,2024-04-18,1798.0
7817,21,Pro,Google Ads,Centro-Oeste,34.03,2,22,89.9,No,2024-11-14,1977.8000000000002
7818,41,Basic,Orgânico,Sudeste,16.98,1,46,49.9,No,2023-10-01,2295.4
7819,31,Basic,Orgânico,Sudeste,13.24,2,48,89.9,No,2023-04-03,4315.200000000001
7820,22,Enterprise,Google Ads,Sudeste,23.58,4,11,89.9,No,2023-02-13,988.9000000000001
7821,35,Basic,Instagram,Sudeste,38.52,3,23,199.9,No,2024-11-28,4597.7
7822,59,Basic,Indicação,Sudeste,12.25,2,34,199.9,No,2023-12-06,6796.6
7823,36,Enterprise,Orgânico,Sudeste,26.27,0,34,89.9,No,2025-03-22,3056.6000000000004
7824,29,Pro,Google Ads,Sudeste,17.68,0,42,49.9,No,2024-05-27,2095.7999999999997
7825,35,Basic,Indicação,Norte,19.47,4,47,49.9,No,2025-04-18,2345.2999999999997
7826,34,Basic,Instagram,Nordeste,31.73,0,24,49.9,No,2023-09-21,1197.6
7827,47,Pro,Orgânico,Nordeste,42.62,1,3,89.9,Yes,2024-05-22,269.70000000000005
7828,41,Pro,Indicação,Sudeste,14.18,2,30,89.9,No,2025-01-01,2697.0
7829,28,Basic,LinkedIn,Sudeste,12.95,2,23,49.9,No,2023-05-18,1147.7
7830,52,Basic,Indicação,Nordeste,31.15,2,1,49.9,No,2023-09-22,49.9
7831,40,Enterprise,Orgânico,Sudeste,43.98,3,18,89.9,No,2024-04-02,1618.2
7832,34,Basic,Instagram,Sudeste,31.91,2,37,89.9,No,2023-09-15,3326.3
7833,18,Pro,Orgânico,Sudeste,27.43,0,3,49.9,No,2025-11-12,149.7
7834,32,Basic,Google Ads,Sudeste,19.72,2,24,89.9,No,2025-01-15,2157.6000000000004
7835,49,Basic,Indicação,Nordeste,24.65,2,25,89.9,No,2024-04-15,2247.5
7836,26,Basic,Orgânico,Nordeste,24.14,3,2,199.9,No,2023-08-02,399.8
7837,32,Enterprise,Instagram,Norte,20.23,3,22,89.9,Yes,2025-05-02,1977.8000000000002
7838,45,Enterprise,Orgânico,Norte,23.78,3,9,199.9,No,2025-10-19,1799.1000000000001
7839,41,Basic,LinkedIn,Centro-Oeste,18.9,1,16,49.9,No,2025-10-01,798.4
7840,52,Enterprise,Orgânico,Sudeste,9.77,3,43,199.9,Yes,2023-12-18,8595.7
7841,39,Basic,Google Ads,Sul,12.55,2,41,49.9,No,2024-08-12,2045.8999999999999
7842,44,Pro,Google Ads,Centro-Oeste,18.3,0,44,89.9,No,2024-09-28,3955.6000000000004
7843,36,Basic,Orgânico,Sudeste,21.76,1,16,89.9,No,2025-03-09,1438.4
7844,62,Enterprise,Orgânico,Nordeste,16.78,4,15,49.9,No,2023-07-30,748.5
7845,29,Basic,LinkedIn,Sudeste,18.45,1,7,49.9,No,2024-08-22,349.3
7846,37,Pro,Orgânico,Nordeste,6.14,1,27,49.9,No,2025-05-17,1347.3
7847,18,Pro,Indicação,Centro-Oeste,23.72,1,18,89.9,No,2024-07-20,1618.2
7848,38,Basic,Orgânico,Sudeste,36.25,2,7,89.9,No,2025-03-25,629.3000000000001
7849,62,Basic,LinkedIn,Nordeste,22.37,2,22,89.9,No,2023-04-06,1977.8000000000002
7850,18,Basic,Google Ads,Nordeste,28.43,3,13,89.9,No,2023-11-08,1168.7
7851,27,Pro,Instagram,Nordeste,22.37,0,19,49.9,No,2023-09-24,948.1
7852,64,Basic,Orgânico,Nordeste,13.77,2,26,49.9,No,2024-08-26,1297.3999999999999
7853,49,Pro,Instagram,Sudeste,17.39,6,17,49.9,Yes,2023-01-25,848.3
7854,56,Enterprise,Orgânico,Norte,9.71,1,17,49.9,No,2024-03-02,848.3
7855,39,Basic,Orgânico,Sudeste,16.07,0,16,89.9,No,2024-01-15,1438.4
7856,35,Basic,Instagram,Nordeste,8.42,1,13,199.9,No,2024-02-14,2598.7000000000003
7857,63,Pro,LinkedIn,Nordeste,23.36,2,5,49.9,Yes,2025-07-10,249.5
7858,49,Pro,Indicação,Sul,13.77,3,34,89.9,No,2024-05-03,3056.6000000000004
7859,44,Enterprise,Indicação,Norte,43.19,2,19,49.9,No,2024-03-27,948.1
7860,45,Basic,Google Ads,Norte,9.63,0,29,199.9,Yes,2023-07-06,5797.1
7861,35,Basic,Orgânico,Centro-Oeste,14.97,7,29,49.9,No,2025-07-27,1447.1
7862,56,Pro,LinkedIn,Nordeste,9.08,0,27,49.9,No,2025-07-27,1347.3
7863,46,Pro,Orgânico,Norte,25.03,1,12,49.9,No,2025-11-03,598.8
7864,35,Pro,Indicação,Sul,15.26,2,5,49.9,No,2023-05-16,249.5
7865,61,Basic,Instagram,Norte,15.3,3,30,49.9,No,2024-07-07,1497.0
7866,25,Basic,LinkedIn,Centro-Oeste,18.97,3,29,49.9,No,2024-04-15,1447.1
7867,48,Basic,Orgânico,Nordeste,20.99,5,23,89.9,Yes,2024-11-05,2067.7000000000003
7868,51,Enterprise,Instagram,Sudeste,10.16,2,48,89.9,No,2024-07-17,4315.200000000001
7869,24,Basic,Orgânico,Sudeste,15.44,2,1,49.9,No,2025-03-23,49.9
7870,53,Pro,LinkedIn,Nordeste,32.11,2,43,49.9,No,2024-01-06,2145.7
7871,35,Pro,Orgânico,Sudeste,18.92,2,5,49.9,No,2024-12-22,249.5
7872,55,Basic,Orgânico,Sudeste,21.32,1,48,199.9,No,2023-09-15,9595.2
7873,26,Basic,Orgânico,Centro-Oeste,11.75,2,46,89.9,No,2024-08-11,4135.400000000001
7874,26,Pro,LinkedIn,Sudeste,16.35,1,4,49.9,No,2024-09-07,199.6
7875,63,Basic,LinkedIn,Sudeste,20.42,2,11,49.9,No,2023-07-12,548.9
7876,25,Basic,Orgânico,Sudeste,16.43,3,43,89.9,No,2023-05-17,3865.7000000000003
7877,52,Basic,LinkedIn,Sudeste,16.28,1,14,199.9,No,2023-02-17,2798.6
7878,35,Pro,Indicação,Sudeste,33.66,1,32,89.9,No,2025-10-05,2876.8
7879,22,Enterprise,Orgânico,Sudeste,28.86,4,48,49.9,No,2023-07-18,2395.2
7880,31,Pro,LinkedIn,Sudeste,52.93,1,36,89.9,No,2023-02-19,3236.4
7881,45,Pro,LinkedIn,Centro-Oeste,26.43,3,13,49.9,No,2025-10-03,648.6999999999999
7882,47,Pro,Google Ads,Sudeste,22.12,1,32,89.9,No,2025-04-16,2876.8
7883,21,Pro,Google Ads,Sul,15.01,3,9,49.9,No,2025-03-03,449.09999999999997
7884,56,Enterprise,Orgânico,Nordeste,14.16,4,31,199.9,No,2024-11-03,6196.900000000001
7885,37,Basic,Orgânico,Sudeste,16.73,2,41,49.9,No,2025-01-31,2045.8999999999999
7886,42,Basic,Google Ads,Sudeste,19.11,2,17,49.9,No,2024-10-13,848.3
7887,45,Enterprise,Orgânico,Sul,13.99,2,13,49.9,No,2025-07-02,648.6999999999999
7888,29,Pro,Google Ads,Sudeste,7.21,2,30,49.9,No,2024-01-03,1497.0
7889,19,Basic,LinkedIn,Nordeste,26.38,2,26,199.9,No,2024-03-23,5197.400000000001
7890,60,Enterprise,Google Ads,Sudeste,28.89,2,46,89.9,No,2024-08-28,4135.400000000001
7891,31,Basic,Orgânico,Sul,15.23,3,11,49.9,No,2025-11-08,548.9
7892,39,Basic,Orgânico,Sudeste,28.15,0,3,89.9,No,2024-04-26,269.70000000000005
7893,48,Pro,Indicação,Norte,29.23,0,45,89.9,No,2024-01-19,4045.5000000000005
7894,40,Basic,Instagram,Sudeste,23.69,1,19,49.9,No,2024-02-16,948.1
7895,37,Pro,LinkedIn,Sudeste,17.49,2,22,199.9,Yes,2025-01-14,4397.8
7896,55,Basic,Orgânico,Norte,22.2,1,22,49.9,No,2023-11-16,1097.8
7897,21,Basic,Google Ads,Sudeste,27.07,0,32,89.9,No,2023-06-26,2876.8
7898,32,Pro,Instagram,Nordeste,17.76,1,7,89.9,No,2024-08-23,629.3000000000001
7899,41,Pro,Indicação,Sul,22.26,1,24,89.9,No,2023-11-11,2157.6000000000004
7900,42,Basic,Instagram,Sudeste,32.58,3,9,89.9,No,2024-06-24,809.1
7901,18,Enterprise,Google Ads,Sudeste,17.05,0,47,49.9,No,2025-01-12,2345.2999999999997
7902,24,Pro,LinkedIn,Sudeste,11.19,1,25,89.9,No,2023-10-06,2247.5
7903,48,Basic,Indicação,Sul,40.41,2,22,89.9,No,2025-10-10,1977.8000000000002
7904,29,Basic,Orgânico,Norte,16.72,1,24,49.9,No,2025-07-04,1197.6
7905,59,Pro,Google Ads,Sul,24.02,1,44,89.9,No,2023-06-09,3955.6000000000004
7906,22,Pro,LinkedIn,Nordeste,22.67,0,7,89.9,No,2023-08-25,629.3000000000001
7907,61,Basic,Instagram,Sudeste,28.3,0,23,89.9,No,2024-01-16,2067.7000000000003
7908,59,Basic,Google Ads,Norte,11.6,1,1,49.9,No,2025-06-07,49.9
7909,55,Basic,Indicação,Norte,33.9,2,37,49.9,Yes,2024-09-20,1846.3
7910,29,Basic,Google Ads,Sudeste,6.85,1,36,199.9,Yes,2023-06-08,7196.400000000001
7911,56,Pro,Instagram,Sudeste,7.43,0,5,49.9,Yes,2024-10-09,249.5
7912,35,Enterprise,Orgânico,Nordeste,14.82,2,23,89.9,No,2025-06-26,2067.7000000000003
7913,19,Basic,LinkedIn,Sul,24.01,4,42,49.9,No,2025-01-07,2095.7999999999997
7914,27,Enterprise,Orgânico,Nordeste,16.94,2,21,49.9,No,2024-08-05,1047.8999999999999
7915,32,Enterprise,Instagram,Norte,9.97,3,15,49.9,No,2024-11-26,748.5
7916,47,Enterprise,LinkedIn,Sudeste,18.65,1,2,49.9,No,2024-09-03,99.8
7917,61,Enterprise,Instagram,Nordeste,23.34,1,21,89.9,No,2025-06-29,1887.9
7918,34,Pro,Google Ads,Sul,13.54,0,18,49.9,No,2025-06-30,898.1999999999999
7919,21,Pro,Orgânico,Sudeste,28.06,2,40,199.9,No,2024-12-16,7996.0
7920,24,Basic,Indicação,Sudeste,25.1,5,18,89.9,Yes,2023-09-03,1618.2
7921,58,Pro,Instagram,Sudeste,20.07,3,18,49.9,No,2024-03-05,898.1999999999999
7922,48,Enterprise,Indicação,Sudeste,31.9,2,15,89.9,Yes,2023-05-08,1348.5
7923,56,Basic,Orgânico,Sudeste,20.03,2,11,199.9,No,2023-05-02,2198.9
7924,51,Basic,Google Ads,Nordeste,18.81,3,47,89.9,No,2023-03-03,4225.3
7925,23,Basic,Instagram,Sudeste,27.66,4,12,89.9,No,2024-11-12,1078.8000000000002
7926,55,Pro,Google Ads,Sudeste,8.19,1,1,89.9,No,2023-03-20,89.9
7927,62,Pro,Orgânico,Sudeste,15.89,2,35,89.9,No,2023-01-25,3146.5
7928,51,Pro,Google Ads,Sudeste,7.34,2,42,199.9,Yes,2025-01-09,8395.800000000001
7929,61,Basic,Instagram,Centro-Oeste,21.05,1,32,89.9,No,2024-04-26,2876.8
7930,32,Pro,LinkedIn,Sul,14.72,2,10,89.9,No,2024-12-16,899.0
7931,31,Basic,Indicação,Nordeste,15.81,6,12,199.9,No,2024-11-02,2398.8
7932,23,Pro,Orgânico,Sudeste,5.57,0,23,49.9,No,2024-03-22,1147.7
7933,54,Basic,Instagram,Nordeste,22.42,3,27,89.9,No,2023-01-24,2427.3
7934,49,Enterprise,LinkedIn,Sudeste,16.25,2,1,89.9,Yes,2023-10-06,89.9
7935,20,Pro,Orgânico,Nordeste,10.43,4,33,49.9,No,2023-08-14,1646.7
7936,20,Pro,Instagram,Sudeste,24.3,4,39,49.9,Yes,2025-04-07,1946.1
7937,39,Pro,Google Ads,Sul,20.61,1,19,89.9,No,2023-02-01,1708.1000000000001
7938,39,Pro,Indicação,Nordeste,31.76,2,23,49.9,No,2025-05-29,1147.7
7939,27,Basic,Orgânico,Nordeste,15.13,0,11,49.9,No,2025-04-09,548.9
7940,20,Pro,Instagram,Sudeste,22.15,1,4,89.9,Yes,2025-10-12,359.6
7941,29,Enterprise,Google Ads,Norte,13.28,1,3,49.9,No,2023-04-12,149.7
7942,46,Basic,Orgânico,Nordeste,10.27,2,11,89.9,No,2024-09-08,988.9000000000001
7943,34,Pro,Indicação,Sudeste,8.68,5,48,49.9,No,2025-03-13,2395.2
7944,24,Enterprise,Orgânico,Sudeste,17.79,3,9,49.9,No,2025-10-20,449.09999999999997
7945,30,Pro,Orgânico,Sudeste,29.4,2,24,49.9,No,2023-10-30,1197.6
7946,19,Pro,Google Ads,Sudeste,31.93,3,39,49.9,No,2025-05-18,1946.1
7947,21,Pro,Orgânico,Sudeste,23.85,0,9,49.9,No,2023-05-03,449.09999999999997
7948,27,Enterprise,Google Ads,Sudeste,23.29,3,15,89.9,No,2025-06-23,1348.5
7949,56,Enterprise,Orgânico,Sul,17.53,2,41,89.9,No,2023-12-01,3685.9
7950,41,Enterprise,Orgânico,Sudeste,38.41,1,1,199.9,Yes,2023-10-16,199.9
7951,34,Pro,LinkedIn,Sudeste,14.64,0,11,89.9,Yes,2024-05-22,988.9000000000001
7952,23,Basic,Indicação,Sudeste,21.76,1,47,199.9,Yes,2024-02-15,9395.300000000001
7953,36,Basic,Google Ads,Sul,19.67,2,39,199.9,No,2024-09-13,7796.1
7954,22,Basic,Google Ads,Sudeste,37.24,3,23,199.9,No,2024-08-31,4597.7
7955,49,Enterprise,Instagram,Sudeste,28.65,5,9,89.9,Yes,2023-12-10,809.1
7956,27,Enterprise,Orgânico,Nordeste,27.76,1,6,49.9,No,2024-10-07,299.4
7957,26,Pro,LinkedIn,Norte,20.94,1,12,89.9,No,2025-08-18,1078.8000000000002
7958,44,Pro,Google Ads,Sul,32.81,4,44,49.9,No,2025-10-20,2195.6
7959,30,Basic,Orgânico,Sudeste,17.2,2,46,199.9,No,2023-03-28,9195.4
7960,36,Pro,Google Ads,Centro-Oeste,25.81,1,15,49.9,No,2024-03-23,748.5
7961,38,Pro,Orgânico,Sudeste,26.18,0,3,89.9,No,2025-07-13,269.70000000000005
7962,41,Basic,LinkedIn,Sul,30.19,4,1,89.9,No,2024-06-13,89.9
7963,55,Basic,LinkedIn,Sul,6.64,3,13,89.9,Yes,2025-10-04,1168.7
7964,21,Pro,Instagram,Sudeste,6.2,2,33,49.9,No,2023-07-19,1646.7
7965,41,Basic,Orgânico,Sudeste,10.94,2,11,199.9,No,2024-07-22,2198.9
7966,52,Enterprise,Google Ads,Norte,21.22,1,16,89.9,No,2023-09-23,1438.4
7967,20,Basic,Google Ads,Sudeste,20.11,0,3,49.9,No,2024-06-30,149.7
7968,21,Enterprise,Indicação,Centro-Oeste,10.51,1,16,199.9,No,2025-06-22,3198.4
7969,54,Basic,Orgânico,Sudeste,21.92,2,32,89.9,Yes,2024-01-24,2876.8
7970,57,Basic,Google Ads,Sudeste,32.02,3,26,49.9,No,2023-10-07,1297.3999999999999
7971,52,Pro,Indicação,Sul,33.08,0,28,49.9,No,2023-10-19,1397.2
7972,48,Pro,Indicação,Nordeste,24.31,2,27,49.9,No,2023-06-07,1347.3
7973,61,Pro,LinkedIn,Sudeste,16.39,4,41,89.9,No,2023-04-27,3685.9
7974,42,Basic,LinkedIn,Sul,16.23,3,17,49.9,No,2025-07-22,848.3
7975,57,Basic,Instagram,Sudeste,10.08,2,48,199.9,No,2024-11-09,9595.2
7976,30,Pro,Instagram,Sul,34.47,3,48,49.9,No,2025-04-14,2395.2
7977,21,Basic,Indicação,Sul,18.74,3,27,49.9,No,2024-09-07,1347.3
7978,63,Basic,Google Ads,Centro-Oeste,23.72,2,12,89.9,No,2025-01-14,1078.8000000000002
7979,31,Pro,LinkedIn,Sudeste,15.06,3,35,199.9,No,2024-02-02,6996.5
7980,30,Basic,Instagram,Sudeste,20.93,1,19,199.9,Yes,2023-11-20,3798.1
7981,44,Basic,LinkedIn,Nordeste,9.56,1,33,49.9,Yes,2024-12-17,1646.7
7982,23,Basic,LinkedIn,Nordeste,25.29,1,17,49.9,No,2025-11-23,848.3
7983,34,Enterprise,Orgânico,Sudeste,24.08,1,9,199.9,No,2023-07-13,1799.1000000000001
7984,53,Basic,LinkedIn,Centro-Oeste,33.03,2,47,49.9,No,2025-04-29,2345.2999999999997
7985,57,Enterprise,Google Ads,Sul,17.35,2,46,49.9,No,2025-05-23,2295.4
7986,52,Basic,Google Ads,Nordeste,31.09,1,12,89.9,No,2024-04-15,1078.8000000000002
7987,34,Pro,Indicação,Sudeste,15.89,2,33,49.9,No,2025-05-02,1646.7
7988,58,Basic,LinkedIn,Sudeste,12.99,5,15,49.9,No,2023-09-14,748.5
7989,19,Pro,Indicação,Centro-Oeste,12.22,1,29,89.9,No,2024-09-29,2607.1000000000004
7990,30,Pro,LinkedIn,Sudeste,7.63,3,13,89.9,No,2025-01-29,1168.7
7991,19,Pro,Orgânico,Sudeste,31.39,3,3,89.9,No,2023-10-12,269.70000000000005
7992,45,Pro,Orgânico,Sudeste,25.5,1,35,89.9,No,2024-07-01,3146.5
7993,60,Pro,Google Ads,Sudeste,5.81,2,21,89.9,No,2024-04-05,1887.9
7994,43,Basic,Indicação,Nordeste,12.26,1,39,49.9,No,2025-06-17,1946.1
7995,39,Pro,Google Ads,Sudeste,27.8,3,35,49.9,No,2023-09-08,1746.5
7996,64,Pro,Instagram,Sul,13.16,2,35,49.9,No,2024-04-17,1746.5
7997,60,Enterprise,LinkedIn,Centro-Oeste,28.33,2,36,49.9,No,2025-07-20,1796.3999999999999
7998,20,Basic,Indicação,Norte,42.21,2,31,199.9,No,2023-10-28,6196.900000000001
7999,52,Enterprise,Instagram,Sudeste,19.95,1,13,49.9,No,2025-01-26,648.6999999999999
8000,29,Pro,Orgânico,Nordeste,15.7,1,32,89.9,No,2023-01-22,2876.8
8001,41,Pro,Instagram,Sudeste,37.28,4,18,199.9,No,2025-04-09,3598.2000000000003
8002,22,Basic,Instagram,Centro-Oeste,17.54,3,44,49.9,No,2023-05-03,2195.6
8003,37,Basic,Google Ads,Nordeste,27.69,3,18,199.9,No,2024-07-17,3598.2000000000003
8004,56,Pro,Indicação,Nordeste,11.13,0,10,199.9,No,2024-06-21,1999.0
8005,56,Pro,Google Ads,Nordeste,22.69,3,46,89.9,No,2025-10-26,4135.400000000001
8006,30,Enterprise,Instagram,Sul,10.22,1,16,89.9,No,2023-07-05,1438.4
8007,58,Pro,Instagram,Sudeste,9.11,2,23,49.9,Yes,2024-11-06,1147.7
8008,62,Pro,Google Ads,Sudeste,10.5,4,31,199.9,No,2024-10-22,6196.900000000001
8009,29,Enterprise,Google Ads,Nordeste,19.87,1,34,89.9,No,2025-03-21,3056.6000000000004
8010,30,Pro,Google Ads,Nordeste,22.32,3,44,89.9,No,2023-09-27,3955.6000000000004
8011,27,Pro,Instagram,Sudeste,20.16,2,29,89.9,No,2025-03-03,2607.1000000000004
8012,50,Basic,LinkedIn,Sul,21.04,1,16,89.9,No,2023-08-27,1438.4
8013,57,Basic,Instagram,Nordeste,22.1,4,30,49.9,No,2025-08-20,1497.0
8014,33,Pro,Indicação,Sudeste,18.76,2,25,89.9,No,2025-04-21,2247.5
8015,62,Enterprise,Instagram,Centro-Oeste,11.06,0,37,49.9,No,2024-08-04,1846.3
8016,52,Basic,Instagram,Nordeste,33.69,1,37,89.9,No,2024-11-23,3326.3
8017,20,Basic,Orgânico,Sudeste,3.96,0,48,89.9,No,2024-10-13,4315.200000000001
8018,22,Pro,LinkedIn,Sul,21.12,1,19,49.9,No,2025-08-13,948.1
8019,43,Basic,Orgânico,Nordeste,8.07,2,32,49.9,No,2024-07-30,1596.8
8020,28,Pro,Instagram,Sul,15.92,1,37,89.9,Yes,2025-08-16,3326.3
8021,24,Pro,Orgânico,Sul,22.41,2,39,49.9,No,2023-08-02,1946.1
8022,27,Basic,Indicação,Sudeste,13.56,2,12,49.9,No,2025-09-20,598.8
8023,59,Enterprise,Orgânico,Sudeste,16.34,1,15,49.9,No,2023-06-24,748.5
8024,51,Pro,Orgânico,Sudeste,19.45,1,15,49.9,No,2024-07-17,748.5
8025,20,Pro,Google Ads,Nordeste,25.48,1,20,49.9,No,2023-06-20,998.0
8026,25,Basic,Google Ads,Norte,34.82,1,6,49.9,No,2023-01-29,299.4
8027,48,Basic,Indicação,Sudeste,6.49,1,19,89.9,No,2025-07-22,1708.1000000000001
8028,28,Enterprise,Instagram,Nordeste,23.73,4,29,49.9,No,2023-11-14,1447.1
8029,62,Basic,Orgânico,Sul,19.0,3,27,49.9,Yes,2025-06-08,1347.3
8030,24,Basic,Google Ads,Sul,15.48,2,35,89.9,No,2024-02-23,3146.5
8031,62,Basic,Orgânico,Sudeste,33.54,1,33,89.9,No,2025-04-02,2966.7000000000003
8032,19,Basic,Google Ads,Norte,19.85,0,46,49.9,No,2024-04-02,2295.4
8033,23,Basic,Instagram,Norte,11.76,2,19,199.9,No,2023-09-25,3798.1
8034,58,Basic,Orgânico,Sul,15.31,2,40,49.9,No,2024-07-02,1996.0
8035,49,Enterprise,Google Ads,Sudeste,21.67,1,36,49.9,No,2025-05-05,1796.3999999999999
8036,37,Pro,Instagram,Norte,7.48,3,5,199.9,No,2025-04-13,999.5
8037,51,Basic,Google Ads,Sudeste,20.32,1,20,89.9,No,2024-04-10,1798.0
8038,33,Pro,Orgânico,Nordeste,13.22,1,34,89.9,No,2025-02-26,3056.6000000000004
8039,42,Basic,Indicação,Sul,10.29,2,48,89.9,Yes,2024-05-03,4315.200000000001
8040,29,Pro,Orgânico,Centro-Oeste,21.87,1,7,89.9,No,2025-09-04,629.3000000000001
8041,24,Basic,LinkedIn,Sudeste,11.25,2,34,89.9,No,2024-05-11,3056.6000000000004
8042,56,Basic,Instagram,Sudeste,37.3,3,28,49.9,No,2024-04-03,1397.2
8043,34,Enterprise,Google Ads,Nordeste,19.48,1,39,89.9,No,2024-04-28,3506.1000000000004
8044,62,Basic,Instagram,Sul,25.16,3,46,89.9,No,2025-10-28,4135.400000000001
8045,28,Pro,LinkedIn,Sudeste,5.35,5,22,49.9,Yes,2024-08-26,1097.8
8046,23,Basic,Indicação,Sudeste,8.14,0,41,199.9,No,2025-08-16,8195.9
8047,40,Basic,Google Ads,Sul,2.82,1,40,89.9,No,2023-03-02,3596.0
8048,44,Pro,Google Ads,Sul,21.18,4,38,199.9,Yes,2025-04-22,7596.2
8049,63,Pro,Google Ads,Sudeste,13.0,0,41,49.9,No,2024-12-24,2045.8999999999999
8050,23,Basic,Instagram,Sudeste,18.87,0,30,49.9,No,2025-06-02,1497.0
8051,55,Basic,Google Ads,Norte,36.03,2,21,49.9,No,2025-01-05,1047.8999999999999
8052,19,Basic,Google Ads,Sudeste,25.24,2,40,199.9,No,2023-02-25,7996.0
8053,39,Enterprise,Google Ads,Sudeste,19.83,4,9,89.9,No,2024-04-08,809.1
8054,37,Pro,Orgânico,Nordeste,6.37,5,36,49.9,No,2024-10-06,1796.3999999999999
8055,42,Basic,Google Ads,Centro-Oeste,26.79,0,13,89.9,No,2025-06-18,1168.7
8056,32,Enterprise,Orgânico,Sudeste,30.74,1,46,89.9,No,2023-03-05,4135.400000000001
8057,46,Basic,Instagram,Sudeste,54.24,3,33,89.9,No,2023-01-31,2966.7000000000003
8058,25,Basic,Indicação,Sudeste,19.81,1,26,89.9,No,2024-09-29,2337.4
8059,54,Basic,Google Ads,Sul,12.76,3,1,89.9,No,2025-06-26,89.9
8060,50,Pro,LinkedIn,Nordeste,26.5,1,2,49.9,No,2023-05-16,99.8
8061,39,Basic,Instagram,Nordeste,47.54,2,36,199.9,No,2023-05-31,7196.400000000001
8062,64,Pro,Google Ads,Centro-Oeste,15.55,8,45,199.9,Yes,2025-08-18,8995.5
8063,22,Enterprise,Orgânico,Sudeste,19.77,3,30,49.9,No,2024-03-24,1497.0
8064,56,Basic,Indicação,Sudeste,7.41,0,16,49.9,No,2023-11-30,798.4
8065,35,Basic,Google Ads,Sudeste,30.34,2,9,89.9,No,2024-11-28,809.1
8066,55,Basic,Instagram,Sudeste,16.83,5,15,199.9,No,2025-01-12,2998.5
8067,54,Pro,Instagram,Sudeste,14.33,1,39,89.9,No,2025-01-10,3506.1000000000004
8068,47,Enterprise,Indicação,Nordeste,24.93,4,22,49.9,No,2025-01-17,1097.8
8069,48,Basic,Indicação,Centro-Oeste,11.11,2,15,49.9,No,2023-08-08,748.5
8070,27,Basic,Google Ads,Sul,18.49,1,4,89.9,No,2025-12-21,359.6
8071,32,Basic,Google Ads,Sudeste,2.74,0,16,89.9,No,2025-10-23,1438.4
8072,59,Basic,LinkedIn,Sudeste,10.38,4,41,89.9,No,2024-03-23,3685.9
8073,61,Pro,Instagram,Nordeste,30.03,2,11,49.9,No,2024-05-12,548.9
8074,35,Basic,LinkedIn,Nordeste,6.2,4,48,49.9,No,2025-05-16,2395.2
8075,40,Basic,Indicação,Sudeste,22.59,3,32,89.9,No,2023-01-14,2876.8
8076,50,Pro,Indicação,Norte,15.8,0,22,49.9,No,2023-09-07,1097.8
8077,33,Basic,Instagram,Nordeste,11.05,2,1,199.9,Yes,2025-06-03,199.9
8078,55,Pro,Orgânico,Nordeste,16.49,3,26,49.9,No,2025-02-10,1297.3999999999999
8079,52,Basic,Google Ads,Sudeste,19.43,1,3,49.9,No,2024-08-05,149.7
8080,51,Enterprise,LinkedIn,Sudeste,10.09,1,32,49.9,No,2024-06-22,1596.8
8081,45,Basic,Orgânico,Sudeste,12.01,4,33,49.9,No,2023-03-10,1646.7
8082,19,Enterprise,LinkedIn,Sudeste,3.16,1,33,49.9,No,2025-01-03,1646.7
8083,47,Basic,LinkedIn,Nordeste,8.17,0,2,89.9,Yes,2023-10-23,179.8
8084,30,Pro,Google Ads,Sudeste,12.76,1,22,199.9,No,2024-05-03,4397.8
8085,58,Basic,Orgânico,Nordeste,13.57,1,12,199.9,No,2024-06-21,2398.8
8086,33,Pro,Instagram,Sudeste,22.82,3,2,89.9,No,2025-08-04,179.8
8087,22,Basic,Indicação,Sudeste,27.87,2,37,89.9,No,2024-10-07,3326.3
8088,45,Pro,Google Ads,Sudeste,40.08,0,8,89.9,No,2025-08-14,719.2
8089,56,Pro,Google Ads,Sudeste,19.59,1,17,49.9,No,2025-09-11,848.3
8090,62,Pro,Instagram,Sul,15.75,4,4,89.9,No,2025-10-06,359.6
8091,37,Pro,Instagram,Nordeste,12.64,1,44,49.9,No,2025-09-29,2195.6
8092,41,Basic,Orgânico,Centro-Oeste,12.32,2,1,49.9,No,2025-08-27,49.9
8093,44,Basic,Orgânico,Sudeste,34.03,3,6,49.9,No,2023-07-08,299.4
8094,47,Pro,LinkedIn,Norte,27.33,3,40,89.9,No,2025-02-02,3596.0
8095,62,Basic,Google Ads,Sul,36.19,1,22,49.9,No,2025-11-24,1097.8
8096,44,Basic,Google Ads,Sudeste,23.59,4,35,89.9,No,2024-09-06,3146.5
8097,43,Basic,Indicação,Sul,18.04,1,40,49.9,No,2023-06-03,1996.0
8098,24,Basic,Google Ads,Sul,18.83,3,11,89.9,No,2025-10-01,988.9000000000001
8099,59,Pro,Indicação,Sudeste,16.48,2,2,89.9,No,2025-11-24,179.8
8100,64,Pro,Google Ads,Nordeste,7.41,1,18,49.9,No,2024-10-06,898.1999999999999
8101,55,Enterprise,Indicação,Norte,8.72,1,9,89.9,No,2024-11-15,809.1
8102,22,Basic,Orgânico,Nordeste,40.14,5,6,89.9,No,2024-07-25,539.4000000000001
8103,40,Enterprise,LinkedIn,Centro-Oeste,21.2,2,34,89.9,No,2024-03-19,3056.6000000000004
8104,45,Pro,Orgânico,Nordeste,3.9,1,12,89.9,No,2025-10-09,1078.8000000000002
8105,51,Enterprise,Orgânico,Sudeste,26.08,2,21,49.9,No,2023-06-21,1047.8999999999999
8106,32,Pro,Indicação,Sudeste,16.01,2,26,89.9,No,2023-08-14,2337.4
8107,49,Pro,Instagram,Centro-Oeste,24.96,1,10,89.9,No,2024-08-14,899.0
8108,43,Basic,Instagram,Norte,9.9,4,16,89.9,No,2024-03-15,1438.4
8109,48,Basic,Orgânico,Sul,15.62,2,15,89.9,No,2025-08-09,1348.5
8110,36,Basic,Indicação,Sudeste,18.59,2,23,89.9,No,2025-07-06,2067.7000000000003
8111,26,Enterprise,Orgânico,Sudeste,18.77,2,42,199.9,No,2025-12-06,8395.800000000001
8112,46,Enterprise,LinkedIn,Sudeste,17.27,4,21,49.9,No,2023-08-30,1047.8999999999999
8113,56,Pro,Google Ads,Centro-Oeste,19.5,2,43,89.9,No,2024-08-20,3865.7000000000003
8114,21,Enterprise,Orgânico,Sudeste,9.7,2,16,49.9,Yes,2025-11-23,798.4
8115,20,Enterprise,Google Ads,Sul,15.35,1,11,49.9,No,2023-03-30,548.9
8116,46,Pro,Orgânico,Sudeste,23.83,2,20,89.9,No,2023-08-08,1798.0
8117,28,Pro,Google Ads,Centro-Oeste,17.95,3,21,89.9,Yes,2024-06-29,1887.9
8118,50,Basic,Instagram,Sudeste,20.97,2,16,89.9,No,2023-12-07,1438.4
8119,55,Basic,Instagram,Nordeste,12.86,1,11,89.9,No,2024-10-28,988.9000000000001
8120,28,Basic,Orgânico,Sudeste,8.51,4,33,199.9,Yes,2023-10-12,6596.7
8121,44,Basic,Orgânico,Sul,24.79,1,22,49.9,No,2023-07-24,1097.8
8122,50,Pro,Orgânico,Sudeste,18.49,1,25,49.9,No,2025-02-19,1247.5
8123,38,Basic,Instagram,Sul,19.88,3,33,199.9,No,2025-12-05,6596.7
8124,56,Enterprise,Google Ads,Sudeste,32.71,3,37,199.9,No,2024-10-06,7396.3
8125,48,Basic,Indicação,Sudeste,10.72,2,34,49.9,No,2025-06-08,1696.6
8126,55,Basic,Instagram,Centro-Oeste,42.87,0,15,89.9,No,2024-07-18,1348.5
8127,63,Pro,Orgânico,Sudeste,11.38,1,1,49.9,No,2024-06-12,49.9
8128,19,Pro,Orgânico,Nordeste,16.98,1,4,49.9,No,2024-10-03,199.6
8129,44,Basic,Instagram,Sudeste,12.17,2,17,49.9,No,2024-04-26,848.3
8130,53,Pro,Indicação,Sul,11.33,4,28,89.9,Yes,2024-02-22,2517.2000000000003
8131,28,Basic,Orgânico,Sudeste,15.07,2,32,89.9,No,2025-06-11,2876.8
8132,64,Enterprise,Orgânico,Norte,18.62,1,8,89.9,No,2025-06-02,719.2
8133,35,Pro,LinkedIn,Sudeste,22.23,3,36,89.9,No,2025-06-01,3236.4
8134,18,Basic,Orgânico,Sudeste,17.57,3,36,49.9,No,2024-02-05,1796.3999999999999
8135,52,Pro,LinkedIn,Sul,29.48,1,19,89.9,No,2025-08-16,1708.1000000000001
8136,52,Enterprise,Google Ads,Nordeste,33.96,2,24,49.9,No,2023-04-27,1197.6
8137,48,Pro,Google Ads,Centro-Oeste,8.7,2,3,49.9,Yes,2023-07-13,149.7
8138,45,Pro,Google Ads,Sudeste,17.57,2,14,89.9,No,2024-10-17,1258.6000000000001
8139,56,Basic,Google Ads,Centro-Oeste,31.68,3,32,199.9,No,2024-03-14,6396.8
8140,18,Enterprise,Google Ads,Sudeste,33.1,1,12,199.9,No,2025-07-27,2398.8
8141,42,Pro,Orgânico,Sul,14.96,4,31,49.9,No,2024-04-02,1546.8999999999999
8142,60,Pro,LinkedIn,Nordeste,6.1,1,34,89.9,No,2023-05-18,3056.6000000000004
8143,55,Basic,Instagram,Norte,16.22,2,31,89.9,No,2025-08-06,2786.9
8144,37,Enterprise,Instagram,Centro-Oeste,21.35,2,36,49.9,No,2025-04-07,1796.3999999999999
8145,20,Pro,LinkedIn,Sudeste,4.89,3,32,49.9,No,2023-03-30,1596.8
8146,19,Enterprise,Google Ads,Sudeste,18.5,1,35,89.9,No,2024-01-09,3146.5
8147,35,Basic,Instagram,Norte,47.2,1,32,89.9,No,2025-02-21,2876.8
8148,61,Basic,Orgânico,Sudeste,9.02,1,16,49.9,No,2024-03-06,798.4
8149,27,Basic,Indicação,Nordeste,21.08,0,1,89.9,Yes,2023-09-04,89.9
8150,22,Pro,LinkedIn,Centro-Oeste,9.66,2,47,49.9,No,2025-02-28,2345.2999999999997
8151,26,Pro,LinkedIn,Sudeste,6.72,2,40,199.9,No,2023-02-05,7996.0
8152,19,Pro,Instagram,Sudeste,19.71,3,13,199.9,No,2023-01-22,2598.7000000000003
8153,51,Pro,LinkedIn,Sul,6.55,1,11,199.9,Yes,2025-10-31,2198.9
8154,55,Pro,LinkedIn,Sudeste,35.24,2,11,199.9,No,2025-02-06,2198.9
8155,48,Basic,Indicação,Norte,11.12,2,25,89.9,No,2024-06-10,2247.5
8156,27,Basic,Google Ads,Sudeste,16.04,1,5,49.9,No,2023-10-12,249.5
8157,29,Enterprise,Orgânico,Sudeste,35.35,3,21,89.9,No,2023-03-23,1887.9
8158,53,Pro,Instagram,Centro-Oeste,17.38,7,35,49.9,Yes,2023-11-26,1746.5
8159,38,Pro,LinkedIn,Sudeste,32.26,4,12,49.9,No,2024-09-16,598.8
8160,64,Pro,Indicação,Sudeste,29.47,1,46,49.9,No,2025-08-14,2295.4
8161,23,Pro,LinkedIn,Centro-Oeste,3.2,4,13,89.9,Yes,2025-08-10,1168.7
8162,20,Basic,LinkedIn,Nordeste,4.77,3,3,89.9,No,2025-07-06,269.70000000000005
8163,27,Pro,Google Ads,Sudeste,5.08,0,12,89.9,No,2024-06-20,1078.8000000000002
8164,22,Enterprise,Instagram,Nordeste,16.2,2,47,49.9,No,2023-11-19,2345.2999999999997
8165,63,Pro,Instagram,Sudeste,12.99,1,34,49.9,No,2025-07-18,1696.6
8166,43,Basic,Google Ads,Centro-Oeste,26.48,2,20,49.9,No,2024-04-25,998.0
8167,38,Pro,Google Ads,Sul,14.18,0,39,89.9,No,2025-12-23,3506.1000000000004
8168,62,Basic,Indicação,Sudeste,32.41,0,4,49.9,Yes,2024-10-24,199.6
8169,43,Basic,Google Ads,Sul,41.86,2,41,89.9,No,2023-05-18,3685.9
8170,55,Enterprise,Google Ads,Sudeste,20.25,3,43,89.9,No,2025-06-11,3865.7000000000003
8171,61,Basic,LinkedIn,Sul,8.79,2,7,49.9,No,2025-09-20,349.3
8172,43,Enterprise,Orgânico,Nordeste,15.22,0,47,199.9,No,2024-11-16,9395.300000000001
8173,25,Basic,Orgânico,Centro-Oeste,23.49,3,3,89.9,No,2024-07-04,269.70000000000005
8174,22,Pro,Orgânico,Nordeste,6.78,0,46,199.9,No,2023-11-17,9195.4
8175,32,Pro,LinkedIn,Sudeste,16.27,4,41,89.9,No,2023-03-19,3685.9
8176,33,Basic,Instagram,Nordeste,12.21,4,44,89.9,No,2024-03-02,3955.6000000000004
8177,18,Pro,Indicação,Nordeste,17.37,1,13,199.9,No,2023-05-06,2598.7000000000003
8178,33,Enterprise,Instagram,Sudeste,8.38,1,29,89.9,No,2025-02-24,2607.1000000000004
8179,54,Pro,Google Ads,Sudeste,9.69,2,41,49.9,No,2024-06-29,2045.8999999999999
8180,20,Pro,Instagram,Sudeste,19.11,3,21,89.9,No,2025-06-16,1887.9
8181,64,Enterprise,Instagram,Sul,11.5,5,46,49.9,No,2023-11-12,2295.4
8182,48,Basic,Indicação,Norte,27.54,1,25,89.9,No,2024-12-01,2247.5
8183,30,Basic,LinkedIn,Sudeste,45.44,4,3,49.9,No,2023-05-29,149.7
8184,33,Basic,Google Ads,Sudeste,8.33,1,30,89.9,No,2023-03-06,2697.0
8185,60,Pro,Orgânico,Nordeste,35.28,1,39,89.9,No,2024-05-14,3506.1000000000004
8186,38,Pro,LinkedIn,Sudeste,32.7,1,22,49.9,No,2023-07-20,1097.8
8187,19,Pro,LinkedIn,Sudeste,20.78,2,2,89.9,Yes,2024-07-16,179.8
8188,44,Enterprise,Orgânico,Sul,17.93,2,9,49.9,No,2024-04-18,449.09999999999997
8189,55,Pro,Google Ads,Sudeste,14.06,1,4,49.9,No,2023-11-26,199.6
8190,43,Basic,Orgânico,Sul,25.9,1,8,49.9,No,2025-02-21,399.2
8191,55,Basic,Instagram,Nordeste,11.27,1,19,199.9,No,2025-02-19,3798.1
8192,63,Enterprise,Indicação,Sudeste,46.5,4,21,49.9,No,2023-10-27,1047.8999999999999
8193,42,Basic,Orgânico,Sudeste,9.46,4,14,49.9,No,2023-04-02,698.6
8194,28,Pro,LinkedIn,Sudeste,60.99,0,1,199.9,Yes,2025-05-17,199.9
8195,25,Basic,Google Ads,Sudeste,29.5,1,41,49.9,No,2024-06-23,2045.8999999999999
8196,25,Basic,Google Ads,Centro-Oeste,20.13,3,20,49.9,No,2024-06-26,998.0
8197,50,Pro,Instagram,Sudeste,8.9,1,19,49.9,Yes,2025-04-23,948.1
8198,24,Basic,Orgânico,Nordeste,18.83,3,42,49.9,No,2023-12-03,2095.7999999999997
8199,55,Enterprise,Instagram,Sudeste,26.78,3,16,89.9,No,2025-04-05,1438.4
8200,38,Basic,Instagram,Centro-Oeste,13.3,2,10,49.9,No,2025-05-14,499.0
8201,25,Pro,Orgânico,Centro-Oeste,20.83,2,2,89.9,No,2023-07-05,179.8
8202,38,Pro,Google Ads,Sudeste,14.51,0,1,49.9,No,2023-08-03,49.9
8203,37,Pro,Orgânico,Norte,10.71,1,8,49.9,No,2023-03-16,399.2
8204,25,Enterprise,Instagram,Sudeste,19.78,0,9,49.9,No,2023-05-08,449.09999999999997
8205,63,Basic,Google Ads,Nordeste,28.84,3,39,49.9,No,2023-10-24,1946.1
8206,48,Basic,Google Ads,Sudeste,20.37,4,42,199.9,No,2023-04-16,8395.800000000001
8207,46,Basic,Orgânico,Sudeste,28.97,1,18,49.9,No,2023-02-18,898.1999999999999
8208,26,Enterprise,LinkedIn,Sul,37.61,1,15,89.9,No,2023-01-31,1348.5
8209,32,Enterprise,Instagram,Centro-Oeste,29.17,4,42,89.9,No,2023-12-30,3775.8
8210,47,Basic,LinkedIn,Centro-Oeste,38.03,3,16,49.9,No,2024-12-24,798.4
8211,43,Pro,Indicação,Sudeste,38.31,0,21,89.9,No,2024-09-28,1887.9
8212,27,Basic,Instagram,Nordeste,9.82,2,47,89.9,No,2023-11-17,4225.3
8213,46,Basic,Indicação,Nordeste,18.61,2,25,49.9,No,2023-10-26,1247.5
8214,33,Pro,Instagram,Nordeste,30.15,1,24,89.9,No,2023-11-27,2157.6000000000004
8215,53,Basic,Google Ads,Sudeste,8.82,2,47,49.9,No,2025-06-10,2345.2999999999997
8216,37,Pro,LinkedIn,Sudeste,30.11,1,16,49.9,No,2023-10-31,798.4
8217,62,Pro,Google Ads,Sudeste,11.47,1,9,89.9,No,2025-08-23,809.1
8218,54,Pro,Orgânico,Sudeste,22.89,3,38,89.9,No,2023-08-01,3416.2000000000003
8219,39,Pro,Google Ads,Sudeste,16.92,5,15,89.9,No,2024-09-17,1348.5
8220,24,Pro,Orgânico,Sudeste,33.35,2,48,89.9,No,2024-08-18,4315.200000000001
8221,40,Pro,Instagram,Norte,31.13,1,13,89.9,No,2025-09-12,1168.7
8222,58,Basic,Orgânico,Nordeste,23.85,3,44,89.9,No,2025-06-28,3955.6000000000004
8223,57,Pro,Google Ads,Nordeste,22.85,4,24,49.9,No,2025-05-09,1197.6
8224,46,Basic,Orgânico,Norte,50.09,1,33,49.9,No,2025-04-12,1646.7
8225,33,Basic,Google Ads,Centro-Oeste,18.7,2,12,49.9,No,2024-08-09,598.8
8226,55,Pro,Orgânico,Sudeste,38.73,4,10,49.9,Yes,2024-02-18,499.0
8227,45,Enterprise,LinkedIn,Nordeste,12.75,5,31,49.9,No,2024-02-26,1546.8999999999999
8228,55,Basic,Instagram,Sul,20.65,1,4,49.9,No,2023-08-25,199.6
8229,48,Basic,Instagram,Sul,34.04,2,38,49.9,No,2023-11-24,1896.2
8230,31,Basic,Orgânico,Sul,31.45,5,36,49.9,No,2023-04-30,1796.3999999999999
8231,50,Basic,Google Ads,Sul,18.35,5,10,89.9,No,2024-12-31,899.0
8232,26,Pro,Indicação,Nordeste,26.01,2,3,49.9,No,2024-04-19,149.7
8233,44,Basic,Instagram,Nordeste,6.19,1,22,89.9,No,2025-10-15,1977.8000000000002
8234,41,Pro,Orgânico,Sudeste,21.85,2,21,49.9,No,2025-06-20,1047.8999999999999
8235,30,Pro,Indicação,Sul,25.4,2,38,49.9,Yes,2023-05-10,1896.2
8236,43,Pro,Google Ads,Sudeste,25.44,5,46,49.9,No,2023-05-17,2295.4
8237,46,Pro,Instagram,Centro-Oeste,36.58,1,38,49.9,No,2025-12-08,1896.2
8238,60,Basic,Google Ads,Sudeste,19.42,5,46,89.9,No,2025-01-17,4135.400000000001
8239,45,Basic,Instagram,Norte,17.28,4,3,89.9,No,2025-08-28,269.70000000000005
8240,45,Pro,Instagram,Sul,34.39,2,29,89.9,No,2023-12-21,2607.1000000000004
8241,25,Basic,Orgânico,Norte,23.39,1,37,49.9,No,2025-02-16,1846.3
8242,40,Pro,Orgânico,Sul,23.92,1,5,49.9,Yes,2023-06-30,249.5
8243,46,Basic,Google Ads,Sudeste,10.34,0,3,89.9,No,2023-05-28,269.70000000000005
8244,22,Basic,LinkedIn,Sudeste,20.53,3,30,89.9,No,2023-04-01,2697.0
8245,59,Basic,Google Ads,Sudeste,12.43,5,47,199.9,No,2025-12-08,9395.300000000001
8246,24,Basic,Instagram,Sul,15.47,0,40,49.9,No,2025-01-20,1996.0
8247,59,Enterprise,Google Ads,Nordeste,8.52,5,8,49.9,Yes,2023-03-18,399.2
8248,53,Basic,Indicação,Sul,32.97,2,44,89.9,No,2023-02-24,3955.6000000000004
8249,58,Enterprise,Orgânico,Sudeste,20.02,2,13,49.9,No,2024-02-07,648.6999999999999
8250,44,Pro,Google Ads,Sul,21.31,0,20,89.9,No,2024-01-11,1798.0
8251,63,Enterprise,Instagram,Sudeste,17.51,2,13,89.9,No,2023-08-21,1168.7
8252,19,Pro,Google Ads,Sul,17.29,0,6,89.9,No,2024-08-31,539.4000000000001
8253,42,Enterprise,Orgânico,Norte,4.08,0,10,49.9,No,2025-03-27,499.0
8254,26,Basic,Google Ads,Sul,5.69,3,26,89.9,No,2023-08-16,2337.4
8255,44,Pro,LinkedIn,Sudeste,57.33,2,6,49.9,No,2023-05-11,299.4
8256,18,Basic,Orgânico,Sudeste,28.39,2,26,89.9,No,2024-10-02,2337.4
8257,40,Basic,Google Ads,Centro-Oeste,12.72,2,28,89.9,No,2024-10-28,2517.2000000000003
8258,27,Pro,LinkedIn,Sul,29.5,3,12,89.9,No,2023-09-10,1078.8000000000002
8259,59,Pro,Google Ads,Nordeste,9.17,4,40,199.9,Yes,2023-04-13,7996.0
8260,42,Basic,Orgânico,Sudeste,24.0,0,4,49.9,No,2024-01-18,199.6
8261,20,Basic,Instagram,Sudeste,16.5,2,24,49.9,No,2024-02-16,1197.6
8262,23,Pro,Orgânico,Sudeste,35.06,1,15,49.9,No,2024-04-28,748.5
8263,23,Pro,Orgânico,Sudeste,14.86,7,24,49.9,No,2023-01-16,1197.6
8264,19,Basic,Indicação,Sudeste,7.68,2,13,49.9,No,2025-01-18,648.6999999999999
8265,35,Enterprise,LinkedIn,Sudeste,6.82,5,3,49.9,No,2025-11-21,149.7
8266,40,Enterprise,Orgânico,Sudeste,10.13,1,27,199.9,No,2023-03-06,5397.3
8267,19,Enterprise,Google Ads,Nordeste,24.39,0,39,199.9,No,2023-12-19,7796.1
8268,29,Pro,Instagram,Sul,13.99,1,45,49.9,No,2025-11-13,2245.5
8269,39,Basic,Google Ads,Sudeste,11.38,2,15,49.9,No,2024-09-04,748.5
8270,54,Enterprise,Indicação,Sudeste,26.24,3,26,49.9,No,2024-03-25,1297.3999999999999
8271,37,Basic,Orgânico,Sudeste,20.98,5,23,49.9,No,2023-08-29,1147.7
8272,56,Basic,Orgânico,Sudeste,35.54,2,39,89.9,No,2023-12-16,3506.1000000000004
8273,41,Pro,Indicação,Sudeste,30.22,0,33,49.9,No,2023-02-04,1646.7
8274,37,Basic,Indicação,Sudeste,13.37,0,21,89.9,No,2023-04-27,1887.9
8275,18,Pro,Orgânico,Sudeste,9.93,2,14,199.9,Yes,2025-10-22,2798.6
8276,18,Basic,Orgânico,Sudeste,13.38,1,13,89.9,No,2025-09-28,1168.7
8277,34,Pro,LinkedIn,Sudeste,25.49,1,32,49.9,No,2024-04-16,1596.8
8278,18,Pro,Google Ads,Norte,20.7,3,42,49.9,No,2025-02-04,2095.7999999999997
8279,62,Basic,LinkedIn,Sudeste,13.2,4,44,49.9,No,2024-06-22,2195.6
8280,47,Basic,LinkedIn,Centro-Oeste,26.87,2,12,89.9,No,2024-11-09,1078.8000000000002
8281,58,Pro,Indicação,Centro-Oeste,22.32,1,10,49.9,Yes,2025-08-14,499.0
8282,64,Pro,Orgânico,Nordeste,16.16,3,22,49.9,No,2024-07-16,1097.8
8283,20,Basic,Orgânico,Nordeste,8.92,1,47,199.9,Yes,2024-11-25,9395.300000000001
8284,63,Enterprise,Instagram,Sul,22.81,1,25,89.9,No,2023-02-15,2247.5
8285,28,Basic,Google Ads,Sudeste,16.06,0,44,49.9,No,2023-01-14,2195.6
8286,41,Enterprise,Google Ads,Nordeste,11.56,2,47,49.9,No,2025-01-24,2345.2999999999997
8287,39,Basic,Google Ads,Sudeste,11.53,2,29,89.9,Yes,2025-05-11,2607.1000000000004
8288,61,Basic,Instagram,Sul,20.58,3,7,49.9,No,2023-03-31,349.3
8289,62,Basic,Orgânico,Sudeste,17.36,0,35,199.9,No,2024-11-13,6996.5
8290,43,Basic,Instagram,Sudeste,33.59,4,29,49.9,No,2025-04-12,1447.1
8291,30,Basic,LinkedIn,Nordeste,10.31,3,16,199.9,No,2024-02-09,3198.4
8292,18,Basic,Google Ads,Sudeste,7.83,3,8,49.9,No,2023-08-06,399.2
8293,41,Basic,LinkedIn,Centro-Oeste,28.21,2,9,89.9,No,2025-07-27,809.1
8294,27,Basic,Orgânico,Sudeste,13.69,0,20,49.9,No,2023-11-13,998.0
8295,52,Pro,Orgânico,Sul,11.92,2,19,89.9,No,2023-02-07,1708.1000000000001
8296,41,Enterprise,Google Ads,Sul,15.23,1,16,89.9,No,2023-10-06,1438.4
8297,45,Basic,Orgânico,Sudeste,31.7,1,29,49.9,No,2024-04-03,1447.1
8298,53,Pro,Instagram,Sudeste,16.54,0,34,89.9,No,2025-03-28,3056.6000000000004
8299,33,Pro,Indicação,Sul,9.33,3,28,199.9,Yes,2024-06-07,5597.2
8300,57,Pro,Google Ads,Sudeste,23.72,0,34,49.9,No,2023-10-13,1696.6
8301,33,Enterprise,Indicação,Nordeste,37.03,2,17,89.9,No,2023-03-08,1528.3000000000002
8302,34,Enterprise,Google Ads,Sul,22.55,0,4,89.9,No,2023-02-15,359.6
8303,32,Basic,Indicação,Sudeste,39.31,3,34,49.9,No,2025-03-04,1696.6
8304,33,Pro,Indicação,Nordeste,15.47,1,30,49.9,No,2025-11-18,1497.0
8305,32,Pro,Google Ads,Sudeste,7.53,2,45,49.9,No,2024-03-14,2245.5
8306,51,Basic,Orgânico,Sudeste,14.1,2,38,89.9,No,2023-09-04,3416.2000000000003
8307,28,Basic,Google Ads,Nordeste,28.51,4,30,89.9,No,2024-12-05,2697.0
8308,18,Enterprise,Orgânico,Centro-Oeste,25.87,3,31,49.9,No,2024-08-06,1546.8999999999999
8309,32,Pro,Instagram,Nordeste,16.06,1,43,49.9,No,2024-09-07,2145.7
8310,43,Basic,Indicação,Sudeste,42.68,2,32,49.9,No,2023-05-08,1596.8
8311,21,Basic,Indicação,Norte,15.09,2,34,89.9,No,2024-12-02,3056.6000000000004
8312,60,Enterprise,Google Ads,Sul,10.98,0,45,199.9,No,2025-04-23,8995.5
8313,22,Basic,Instagram,Norte,15.87,3,18,89.9,No,2025-06-05,1618.2
8314,52,Pro,LinkedIn,Norte,23.29,4,6,49.9,No,2023-02-21,299.4
8315,30,Basic,Orgânico,Sudeste,44.61,1,3,89.9,No,2025-10-09,269.70000000000005
8316,27,Basic,Orgânico,Sudeste,12.64,1,40,199.9,No,2023-08-15,7996.0
8317,28,Basic,Google Ads,Nordeste,23.01,1,14,49.9,No,2024-03-13,698.6
8318,35,Basic,Instagram,Sudeste,14.09,2,38,49.9,No,2024-08-01,1896.2
8319,51,Basic,Indicação,Sudeste,11.05,2,17,89.9,No,2025-02-25,1528.3000000000002
8320,56,Pro,LinkedIn,Norte,19.33,3,27,49.9,No,2025-12-28,1347.3
8321,58,Pro,Orgânico,Sul,19.29,2,37,199.9,No,2025-12-28,7396.3
8322,59,Basic,Google Ads,Norte,20.98,1,26,49.9,Yes,2023-10-23,1297.3999999999999
8323,40,Pro,Instagram,Nordeste,11.34,2,14,199.9,No,2024-03-28,2798.6
8324,24,Pro,Indicação,Nordeste,10.02,3,36,89.9,No,2023-08-26,3236.4
8325,56,Basic,Google Ads,Sul,9.15,0,24,49.9,No,2023-08-18,1197.6
8326,20,Basic,Indicação,Sudeste,25.89,1,21,49.9,No,2023-03-06,1047.8999999999999
8327,29,Basic,Google Ads,Norte,6.37,1,1,89.9,Yes,2023-09-23,89.9
8328,24,Enterprise,LinkedIn,Sul,18.56,2,42,49.9,No,2023-12-25,2095.7999999999997
8329,43,Pro,Indicação,Centro-Oeste,13.23,2,32,49.9,No,2024-04-08,1596.8
8330,50,Basic,Instagram,Nordeste,26.83,1,11,199.9,No,2023-12-27,2198.9
8331,54,Pro,Google Ads,Sudeste,24.22,0,48,49.9,No,2024-11-30,2395.2
8332,32,Basic,Orgânico,Centro-Oeste,17.98,2,17,89.9,No,2024-04-16,1528.3000000000002
8333,19,Basic,Orgânico,Sul,30.9,1,3,89.9,No,2023-07-11,269.70000000000005
8334,58,Pro,Orgânico,Sudeste,9.49,5,37,49.9,No,2024-03-19,1846.3
8335,24,Pro,Orgânico,Sudeste,18.52,3,29,49.9,No,2025-12-18,1447.1
8336,49,Basic,Google Ads,Centro-Oeste,12.8,1,19,89.9,No,2023-08-29,1708.1000000000001
8337,21,Enterprise,Google Ads,Nordeste,18.14,1,43,49.9,No,2024-01-10,2145.7
8338,37,Basic,Google Ads,Sul,11.96,2,33,49.9,No,2024-03-21,1646.7
8339,53,Basic,Orgânico,Sudeste,20.71,3,39,49.9,No,2023-09-17,1946.1
8340,49,Enterprise,Orgânico,Sudeste,9.06,3,47,89.9,No,2025-12-29,4225.3
8341,45,Pro,Indicação,Sudeste,10.38,0,5,89.9,No,2024-09-08,449.5
8342,30,Pro,Orgânico,Sudeste,10.84,1,2,199.9,No,2024-05-26,399.8
8343,18,Pro,LinkedIn,Nordeste,18.48,1,9,49.9,No,2023-11-20,449.09999999999997
8344,52,Enterprise,Google Ads,Norte,4.47,2,41,49.9,No,2024-02-24,2045.8999999999999
8345,47,Basic,Google Ads,Sul,13.54,3,25,199.9,No,2025-05-31,4997.5
8346,53,Basic,Google Ads,Nordeste,34.7,1,20,49.9,No,2025-11-20,998.0
8347,42,Pro,Instagram,Centro-Oeste,19.37,1,11,89.9,No,2024-10-15,988.9000000000001
8348,33,Pro,Instagram,Norte,20.69,4,12,89.9,No,2024-03-23,1078.8000000000002
8349,36,Pro,Orgânico,Sul,17.46,2,1,49.9,No,2025-01-16,49.9
8350,18,Basic,Google Ads,Nordeste,11.16,3,24,89.9,No,2025-12-03,2157.6000000000004
8351,22,Basic,Indicação,Norte,34.21,1,17,49.9,No,2025-01-27,848.3
8352,39,Pro,LinkedIn,Norte,33.81,3,16,89.9,No,2025-04-16,1438.4
8353,41,Basic,Orgânico,Sudeste,20.4,1,46,49.9,No,2023-07-23,2295.4
8354,60,Basic,Orgânico,Sudeste,17.93,1,38,89.9,No,2024-12-08,3416.2000000000003
8355,62,Basic,Orgânico,Centro-Oeste,7.14,0,43,89.9,Yes,2025-03-08,3865.7000000000003
8356,54,Basic,Instagram,Sudeste,16.2,1,8,49.9,No,2024-01-06,399.2
8357,53,Pro,Google Ads,Sudeste,16.86,1,24,89.9,No,2024-10-30,2157.6000000000004
8358,53,Pro,LinkedIn,Sudeste,8.95,2,6,49.9,No,2024-04-14,299.4
8359,21,Basic,Google Ads,Sudeste,15.72,2,46,89.9,Yes,2024-10-27,4135.400000000001
8360,53,Basic,LinkedIn,Sudeste,34.37,1,9,89.9,No,2024-04-14,809.1
8361,35,Pro,Instagram,Sul,19.77,0,3,49.9,No,2025-04-12,149.7
8362,33,Basic,LinkedIn,Sudeste,15.02,1,36,49.9,No,2024-08-31,1796.3999999999999
8363,58,Pro,Orgânico,Sudeste,18.14,1,23,49.9,No,2025-05-14,1147.7
8364,35,Pro,Instagram,Sudeste,20.21,0,31,199.9,No,2023-04-01,6196.900000000001
8365,39,Enterprise,Orgânico,Nordeste,5.97,5,34,199.9,Yes,2024-03-31,6796.6
8366,19,Pro,Google Ads,Sudeste,25.41,1,38,49.9,No,2025-07-26,1896.2
8367,38,Basic,Google Ads,Nordeste,31.06,3,40,89.9,Yes,2025-12-09,3596.0
8368,53,Pro,LinkedIn,Sul,30.45,2,35,199.9,No,2024-07-25,6996.5
8369,61,Basic,Orgânico,Nordeste,25.72,4,48,89.9,No,2024-12-12,4315.200000000001
8370,56,Basic,Indicação,Norte,13.47,2,17,49.9,No,2023-01-02,848.3
8371,64,Basic,Indicação,Sudeste,9.79,0,21,49.9,No,2023-04-04,1047.8999999999999
8372,56,Basic,Instagram,Sudeste,28.02,1,3,89.9,No,2025-07-28,269.70000000000005
8373,46,Basic,Google Ads,Centro-Oeste,12.55,1,38,49.9,No,2023-12-13,1896.2
8374,43,Basic,Google Ads,Centro-Oeste,19.67,3,35,49.9,No,2024-12-31,1746.5
8375,38,Pro,Instagram,Sul,9.4,1,34,49.9,No,2024-08-07,1696.6
8376,34,Enterprise,Orgânico,Norte,4.05,1,14,49.9,No,2023-08-09,698.6
8377,33,Basic,Orgânico,Sudeste,32.27,0,16,49.9,No,2025-02-06,798.4
8378,48,Pro,Google Ads,Nordeste,41.45,2,4,89.9,No,2023-05-27,359.6
8379,26,Basic,Indicação,Sudeste,6.71,3,9,89.9,No,2025-09-10,809.1
8380,48,Enterprise,LinkedIn,Sudeste,10.9,3,38,199.9,No,2025-07-04,7596.2
8381,31,Basic,Google Ads,Sul,34.45,0,15,89.9,No,2024-02-20,1348.5
8382,54,Enterprise,Instagram,Sudeste,11.16,1,1,49.9,No,2025-06-14,49.9
8383,19,Basic,LinkedIn,Norte,13.23,1,10,199.9,No,2023-09-06,1999.0
8384,63,Pro,Indicação,Centro-Oeste,15.43,1,11,49.9,No,2024-11-28,548.9
8385,31,Basic,Instagram,Nordeste,27.24,2,31,89.9,No,2024-01-16,2786.9
8386,50,Basic,Orgânico,Norte,32.94,1,36,199.9,No,2025-03-29,7196.400000000001
8387,52,Basic,LinkedIn,Sul,32.93,4,34,199.9,No,2024-03-28,6796.6
8388,56,Basic,Google Ads,Sudeste,22.54,2,38,89.9,No,2024-11-07,3416.2000000000003
8389,64,Pro,Instagram,Norte,22.82,1,17,89.9,No,2024-11-21,1528.3000000000002
8390,37,Pro,Orgânico,Sudeste,24.44,3,4,199.9,No,2024-03-22,799.6
8391,19,Basic,Indicação,Centro-Oeste,11.19,1,43,89.9,No,2023-02-27,3865.7000000000003
8392,58,Enterprise,Indicação,Sudeste,21.17,2,37,89.9,No,2023-01-11,3326.3
8393,36,Pro,Instagram,Nordeste,9.92,2,18,49.9,Yes,2023-01-27,898.1999999999999
8394,54,Enterprise,Instagram,Sudeste,19.79,3,39,89.9,No,2024-09-15,3506.1000000000004
8395,35,Basic,Instagram,Nordeste,7.77,1,36,49.9,Yes,2023-01-19,1796.3999999999999
8396,33,Enterprise,Google Ads,Norte,10.23,1,40,89.9,No,2023-02-04,3596.0
8397,21,Basic,Indicação,Centro-Oeste,9.56,0,7,49.9,Yes,2023-03-08,349.3
8398,29,Pro,Instagram,Sudeste,7.5,3,12,49.9,No,2025-01-02,598.8
8399,46,Basic,Instagram,Sudeste,4.54,3,19,49.9,No,2023-03-26,948.1
8400,24,Pro,Instagram,Sudeste,8.16,2,37,199.9,No,2023-12-18,7396.3
8401,31,Pro,LinkedIn,Centro-Oeste,19.79,3,8,199.9,No,2024-12-26,1599.2
8402,29,Basic,Orgânico,Sul,20.49,3,10,89.9,No,2023-07-15,899.0
8403,52,Enterprise,Orgânico,Norte,15.36,2,36,89.9,No,2024-08-14,3236.4
8404,22,Enterprise,Orgânico,Centro-Oeste,12.79,1,7,49.9,No,2024-03-24,349.3
8405,34,Enterprise,Indicação,Norte,12.17,1,28,89.9,No,2025-05-09,2517.2000000000003
8406,59,Enterprise,Instagram,Sudeste,11.29,3,41,89.9,No,2023-02-25,3685.9
8407,49,Pro,Indicação,Norte,19.17,1,43,199.9,No,2024-04-03,8595.7
8408,27,Enterprise,Google Ads,Centro-Oeste,54.35,2,18,199.9,No,2023-04-20,3598.2000000000003
8409,60,Enterprise,Orgânico,Nordeste,24.57,3,37,199.9,No,2024-12-14,7396.3
8410,34,Basic,Orgânico,Sudeste,19.8,4,1,89.9,No,2025-04-27,89.9
8411,22,Pro,Indicação,Sudeste,15.67,5,29,49.9,No,2024-02-16,1447.1
8412,62,Enterprise,Google Ads,Sudeste,17.55,1,22,89.9,No,2024-10-30,1977.8000000000002
8413,59,Pro,Orgânico,Sudeste,17.15,1,22,89.9,No,2024-01-28,1977.8000000000002
8414,26,Basic,Orgânico,Sudeste,22.57,2,47,49.9,No,2025-03-26,2345.2999999999997
8415,50,Basic,Indicação,Norte,15.87,0,45,89.9,No,2023-11-21,4045.5000000000005
8416,53,Pro,Google Ads,Sul,6.82,1,24,199.9,No,2024-06-14,4797.6
8417,53,Enterprise,Instagram,Sudeste,13.77,1,25,89.9,No,2023-07-09,2247.5
8418,35,Basic,Google Ads,Sudeste,19.3,3,20,89.9,No,2024-06-07,1798.0
8419,26,Basic,Instagram,Norte,20.08,4,30,49.9,No,2023-07-01,1497.0
8420,46,Basic,LinkedIn,Sudeste,8.37,0,7,89.9,No,2024-01-02,629.3000000000001
8421,31,Pro,Orgânico,Sudeste,21.37,5,3,89.9,No,2024-07-31,269.70000000000005
8422,42,Basic,Instagram,Sudeste,30.45,1,6,49.9,No,2025-06-02,299.4
8423,32,Pro,Indicação,Nordeste,12.39,3,16,49.9,No,2025-07-12,798.4
8424,23,Enterprise,Google Ads,Sul,14.26,2,13,49.9,No,2023-01-19,648.6999999999999
8425,59,Pro,Instagram,Sul,5.33,0,7,199.9,No,2023-06-08,1399.3
8426,46,Basic,Orgânico,Sul,21.28,0,29,89.9,No,2025-02-16,2607.1000000000004
8427,32,Enterprise,Indicação,Sudeste,8.6,3,11,49.9,No,2023-04-22,548.9
8428,46,Pro,LinkedIn,Sudeste,10.26,0,2,49.9,No,2024-07-13,99.8
8429,21,Basic,Instagram,Centro-Oeste,24.96,5,24,89.9,Yes,2023-02-01,2157.6000000000004
8430,35,Pro,Instagram,Nordeste,15.91,5,26,89.9,No,2024-06-08,2337.4
8431,61,Pro,Google Ads,Sudeste,16.78,0,45,89.9,No,2024-12-28,4045.5000000000005
8432,56,Pro,Instagram,Sudeste,23.59,1,38,199.9,No,2023-01-30,7596.2
8433,33,Enterprise,Google Ads,Sudeste,32.15,3,9,49.9,No,2024-03-04,449.09999999999997
8434,28,Basic,Orgânico,Sul,8.61,0,38,89.9,Yes,2024-07-07,3416.2000000000003
8435,31,Basic,Google Ads,Sudeste,13.93,0,36,49.9,No,2023-03-11,1796.3999999999999
8436,20,Basic,Google Ads,Centro-Oeste,14.82,4,41,89.9,No,2024-07-28,3685.9
8437,59,Pro,Indicação,Sudeste,31.76,1,6,49.9,No,2023-02-22,299.4
8438,55,Pro,Orgânico,Nordeste,13.37,0,47,49.9,No,2023-12-14,2345.2999999999997
8439,62,Basic,Orgânico,Sudeste,26.47,3,30,89.9,No,2025-05-22,2697.0
8440,59,Basic,Orgânico,Sudeste,29.69,2,14,89.9,No,2025-12-08,1258.6000000000001
8441,35,Enterprise,Google Ads,Sudeste,13.65,0,48,89.9,No,2023-11-21,4315.200000000001
8442,37,Enterprise,Instagram,Sudeste,8.89,5,14,49.9,Yes,2023-11-13,698.6
8443,42,Basic,Orgânico,Nordeste,11.15,3,14,89.9,No,2024-02-06,1258.6000000000001
8444,55,Pro,Orgânico,Nordeste,13.49,2,24,199.9,No,2024-11-05,4797.6
8445,30,Pro,Indicação,Sudeste,11.43,2,18,49.9,No,2023-01-28,898.1999999999999
8446,21,Basic,Instagram,Centro-Oeste,22.77,3,2,49.9,Yes,2025-04-23,99.8
8447,31,Basic,Google Ads,Sudeste,31.79,1,32,199.9,No,2024-01-21,6396.8
8448,50,Basic,Orgânico,Centro-Oeste,21.47,1,26,49.9,No,2023-09-20,1297.3999999999999
8449,45,Basic,Google Ads,Norte,16.94,3,31,199.9,Yes,2023-05-18,6196.900000000001
8450,54,Pro,Indicação,Centro-Oeste,16.23,1,21,89.9,No,2024-03-09,1887.9
8451,25,Basic,Orgânico,Sudeste,22.43,4,29,89.9,No,2025-09-28,2607.1000000000004
8452,61,Basic,Indicação,Centro-Oeste,10.76,5,14,89.9,No,2025-09-14,1258.6000000000001
8453,51,Pro,Instagram,Norte,29.47,3,41,49.9,No,2025-09-15,2045.8999999999999
8454,61,Basic,Instagram,Sul,22.49,0,47,199.9,No,2025-08-28,9395.300000000001
8455,22,Pro,Google Ads,Sudeste,16.32,1,1,89.9,No,2023-01-08,89.9
8456,22,Basic,Indicação,Sudeste,30.98,0,34,49.9,No,2023-06-22,1696.6
8457,48,Pro,LinkedIn,Sudeste,25.29,3,32,49.9,No,2023-04-29,1596.8
8458,62,Enterprise,Google Ads,Sudeste,17.08,0,48,89.9,No,2023-02-13,4315.200000000001
8459,26,Basic,Google Ads,Sudeste,12.3,0,39,89.9,No,2024-08-09,3506.1000000000004
8460,59,Pro,Google Ads,Sudeste,35.23,3,12,199.9,Yes,2024-06-21,2398.8
8461,49,Basic,Orgânico,Sudeste,17.86,4,48,49.9,No,2025-11-01,2395.2
8462,50,Enterprise,Orgânico,Centro-Oeste,37.8,2,3,199.9,No,2024-10-03,599.7
8463,20,Pro,Instagram,Sul,12.28,0,14,89.9,No,2023-12-06,1258.6000000000001
8464,47,Basic,Orgânico,Norte,12.94,1,22,199.9,No,2023-02-08,4397.8
8465,29,Pro,Indicação,Sudeste,17.96,6,26,89.9,Yes,2024-05-09,2337.4
8466,46,Basic,Orgânico,Centro-Oeste,25.72,0,35,49.9,No,2024-08-14,1746.5
8467,20,Enterprise,Indicação,Sudeste,11.53,6,23,49.9,No,2025-07-13,1147.7
8468,43,Basic,Orgânico,Sudeste,7.7,2,39,89.9,Yes,2025-02-03,3506.1000000000004
8469,47,Pro,Google Ads,Sudeste,5.41,3,4,49.9,Yes,2024-09-13,199.6
8470,26,Basic,LinkedIn,Centro-Oeste,11.12,0,45,89.9,No,2023-04-10,4045.5000000000005
8471,43,Pro,Orgânico,Nordeste,13.09,2,26,49.9,No,2023-07-03,1297.3999999999999
8472,19,Enterprise,Google Ads,Nordeste,23.13,1,37,89.9,No,2025-09-22,3326.3
8473,20,Enterprise,Google Ads,Sudeste,17.4,1,43,89.9,No,2023-03-19,3865.7000000000003
8474,63,Basic,Google Ads,Sul,20.57,3,26,89.9,No,2023-06-05,2337.4
8475,21,Pro,Instagram,Sudeste,10.33,1,26,49.9,No,2024-02-01,1297.3999999999999
8476,42,Basic,Google Ads,Sudeste,18.57,1,30,49.9,No,2023-03-21,1497.0
8477,30,Basic,Indicação,Sudeste,26.51,2,29,199.9,No,2023-05-10,5797.1
8478,56,Basic,Instagram,Sul,13.31,3,32,49.9,No,2025-08-02,1596.8
8479,61,Basic,Google Ads,Sudeste,38.16,2,14,89.9,No,2025-02-14,1258.6000000000001
8480,52,Pro,Orgânico,Sudeste,4.5,2,29,89.9,No,2024-01-09,2607.1000000000004
8481,40,Basic,Indicação,Sudeste,9.96,1,5,199.9,No,2023-04-19,999.5
8482,26,Pro,Google Ads,Nordeste,18.28,4,30,49.9,No,2025-03-25,1497.0
8483,19,Basic,Instagram,Sudeste,16.71,4,22,89.9,No,2024-09-26,1977.8000000000002
8484,58,Basic,Indicação,Norte,15.35,2,32,49.9,No,2023-06-02,1596.8
8485,61,Pro,Orgânico,Sudeste,8.43,0,17,199.9,No,2024-09-03,3398.3
8486,48,Basic,Google Ads,Sudeste,30.49,3,30,199.9,No,2024-02-17,5997.0
8487,61,Basic,Orgânico,Centro-Oeste,6.17,1,6,89.9,No,2024-01-06,539.4000000000001
8488,64,Basic,Orgânico,Nordeste,13.25,2,5,49.9,No,2025-10-10,249.5
8489,19,Pro,Orgânico,Centro-Oeste,3.87,4,41,49.9,Yes,2025-05-10,2045.8999999999999
8490,49,Pro,Google Ads,Centro-Oeste,11.65,3,36,89.9,No,2024-06-28,3236.4
8491,35,Basic,Google Ads,Nordeste,28.35,3,22,89.9,No,2024-11-04,1977.8000000000002
8492,30,Basic,Instagram,Centro-Oeste,7.54,2,47,89.9,No,2023-07-02,4225.3
8493,63,Enterprise,Google Ads,Nordeste,13.13,3,23,89.9,No,2025-02-14,2067.7000000000003
8494,22,Enterprise,Google Ads,Nordeste,20.64,5,13,89.9,No,2024-07-17,1168.7
8495,59,Basic,Google Ads,Sul,14.15,3,38,199.9,No,2024-08-27,7596.2
8496,61,Pro,Indicação,Nordeste,16.21,2,40,49.9,No,2023-12-16,1996.0
8497,27,Basic,Google Ads,Sudeste,63.79,1,44,49.9,No,2023-11-14,2195.6
8498,60,Basic,Google Ads,Norte,21.99,5,16,49.9,No,2025-09-29,798.4
8499,42,Basic,Orgânico,Sudeste,19.41,1,14,89.9,No,2025-05-26,1258.6000000000001
8500,51,Pro,Google Ads,Sudeste,19.74,1,22,49.9,No,2023-06-09,1097.8
8501,54,Basic,LinkedIn,Norte,16.3,2,4,199.9,Yes,2025-05-23,799.6
8502,47,Enterprise,Indicação,Sul,13.15,0,47,49.9,Yes,2023-06-18,2345.2999999999997
8503,24,Pro,Orgânico,Nordeste,16.73,4,17,49.9,No,2025-11-27,848.3
8504,23,Basic,Orgânico,Sudeste,12.73,3,3,89.9,No,2023-07-18,269.70000000000005
8505,20,Pro,Instagram,Sul,8.66,1,3,49.9,No,2024-08-03,149.7
8506,30,Basic,Orgânico,Norte,11.81,1,9,49.9,No,2024-12-10,449.09999999999997
8507,20,Basic,Instagram,Sul,22.2,3,38,199.9,No,2024-11-06,7596.2
8508,43,Basic,Indicação,Nordeste,17.18,3,7,89.9,No,2025-04-25,629.3000000000001
8509,41,Basic,Instagram,Sudeste,8.42,1,13,49.9,No,2024-09-07,648.6999999999999
8510,23,Basic,Indicação,Nordeste,16.73,2,32,49.9,No,2024-02-16,1596.8
8511,60,Basic,LinkedIn,Nordeste,23.33,3,2,89.9,No,2023-02-09,179.8
8512,59,Basic,Indicação,Centro-Oeste,22.3,3,44,89.9,Yes,2023-01-10,3955.6000000000004
8513,29,Basic,Indicação,Norte,6.07,0,37,49.9,No,2024-01-22,1846.3
8514,53,Enterprise,Google Ads,Sul,24.92,0,46,89.9,No,2023-05-20,4135.400000000001
8515,19,Basic,Instagram,Nordeste,33.65,1,44,89.9,No,2024-03-28,3955.6000000000004
8516,28,Basic,Indicação,Centro-Oeste,14.33,3,13,89.9,No,2025-10-17,1168.7
8517,56,Enterprise,Google Ads,Sudeste,7.14,0,29,199.9,No,2023-10-10,5797.1
8518,51,Pro,Instagram,Sudeste,30.42,0,13,49.9,No,2025-02-16,648.6999999999999
8519,43,Pro,Indicação,Centro-Oeste,10.35,1,20,89.9,No,2024-08-11,1798.0
8520,35,Basic,Orgânico,Nordeste,22.39,0,11,199.9,No,2024-12-30,2198.9
8521,38,Pro,Google Ads,Sudeste,6.3,3,40,49.9,No,2023-06-04,1996.0
8522,53,Basic,LinkedIn,Sul,13.91,2,41,89.9,Yes,2024-01-08,3685.9
8523,57,Pro,Google Ads,Sul,7.06,0,9,199.9,No,2024-07-29,1799.1000000000001
8524,63,Enterprise,Instagram,Sudeste,30.52,4,4,49.9,No,2024-05-03,199.6
8525,61,Pro,Google Ads,Sudeste,11.94,3,43,49.9,No,2025-07-31,2145.7
8526,39,Basic,Indicação,Sudeste,4.57,2,15,49.9,No,2023-09-21,748.5
8527,47,Pro,Orgânico,Sudeste,11.95,2,36,89.9,No,2023-08-03,3236.4
8528,60,Pro,Google Ads,Nordeste,17.47,2,31,199.9,No,2023-12-26,6196.900000000001
8529,47,Pro,Indicação,Nordeste,30.89,3,2,49.9,Yes,2023-04-28,99.8
8530,25,Pro,Instagram,Sudeste,32.25,2,12,49.9,No,2024-07-30,598.8
8531,51,Pro,Instagram,Sul,16.14,2,21,89.9,No,2023-05-10,1887.9
8532,64,Pro,LinkedIn,Nordeste,33.37,2,48,49.9,No,2024-09-22,2395.2
8533,26,Enterprise,Instagram,Nordeste,14.73,1,30,89.9,No,2025-11-29,2697.0
8534,37,Pro,Google Ads,Nordeste,21.5,0,44,49.9,No,2025-02-18,2195.6
8535,57,Basic,Orgânico,Centro-Oeste,27.23,2,23,199.9,No,2024-11-14,4597.7
8536,42,Pro,Orgânico,Sudeste,24.31,4,11,89.9,No,2023-01-12,988.9000000000001
8537,36,Basic,Orgânico,Sudeste,20.92,2,36,49.9,No,2023-05-20,1796.3999999999999
8538,22,Pro,Instagram,Nordeste,15.33,5,25,49.9,Yes,2025-12-30,1247.5
8539,28,Basic,Google Ads,Sudeste,17.24,0,7,199.9,No,2025-05-19,1399.3
8540,32,Pro,Orgânico,Sudeste,15.04,1,8,199.9,No,2024-04-18,1599.2
8541,25,Pro,Instagram,Sul,14.68,2,22,89.9,No,2023-07-27,1977.8000000000002
8542,36,Basic,Indicação,Sudeste,9.32,3,36,89.9,No,2025-07-31,3236.4
8543,40,Pro,Orgânico,Sudeste,24.27,1,38,49.9,No,2025-05-03,1896.2
8544,44,Pro,Orgânico,Sudeste,10.26,2,3,89.9,No,2025-05-20,269.70000000000005
8545,57,Basic,Instagram,Sudeste,43.65,0,14,49.9,No,2023-03-24,698.6
8546,49,Basic,Orgânico,Sudeste,23.06,1,27,89.9,No,2023-10-23,2427.3
8547,43,Enterprise,Indicação,Norte,14.58,1,36,49.9,No,2024-01-22,1796.3999999999999
8548,44,Basic,LinkedIn,Centro-Oeste,15.06,2,26,49.9,No,2024-09-27,1297.3999999999999
8549,36,Pro,Indicação,Nordeste,12.18,2,7,49.9,No,2023-12-08,349.3
8550,59,Pro,Google Ads,Sudeste,19.04,1,37,49.9,No,2023-11-24,1846.3
8551,46,Enterprise,Instagram,Sudeste,32.53,2,44,89.9,No,2023-06-15,3955.6000000000004
8552,56,Pro,Orgânico,Sul,14.52,1,8,49.9,No,2025-04-29,399.2
8553,58,Pro,Google Ads,Sul,10.88,4,40,49.9,No,2025-02-02,1996.0
8554,50,Enterprise,Instagram,Sudeste,18.57,4,4,49.9,No,2024-11-20,199.6
8555,36,Pro,Instagram,Sudeste,14.51,0,43,89.9,Yes,2024-05-10,3865.7000000000003
8556,54,Pro,Instagram,Sudeste,18.77,1,2,49.9,Yes,2025-01-08,99.8
8557,36,Basic,LinkedIn,Nordeste,34.8,0,17,89.9,No,2023-04-05,1528.3000000000002
8558,50,Basic,Orgânico,Nordeste,36.35,0,21,199.9,No,2024-08-26,4197.900000000001
8559,64,Pro,Instagram,Sudeste,53.36,2,36,199.9,No,2024-07-03,7196.400000000001
8560,33,Pro,Indicação,Nordeste,27.48,2,20,49.9,No,2024-04-30,998.0
8561,40,Basic,Orgânico,Sudeste,25.38,3,30,49.9,No,2025-01-11,1497.0
8562,24,Basic,LinkedIn,Nordeste,14.58,1,48,199.9,No,2025-06-03,9595.2
8563,43,Pro,Google Ads,Sudeste,13.89,4,43,49.9,No,2023-01-14,2145.7
8564,49,Basic,LinkedIn,Sul,15.18,2,2,49.9,No,2024-01-11,99.8
8565,29,Basic,Orgânico,Centro-Oeste,18.31,5,15,49.9,No,2025-11-19,748.5
8566,25,Basic,Instagram,Sudeste,29.56,4,40,49.9,No,2023-02-27,1996.0
8567,22,Pro,Indicação,Norte,33.32,2,2,89.9,No,2025-02-02,179.8
8568,59,Pro,Orgânico,Sudeste,21.77,2,27,49.9,No,2025-05-29,1347.3
8569,45,Basic,Orgânico,Centro-Oeste,19.28,0,21,49.9,No,2025-11-08,1047.8999999999999
8570,22,Basic,Indicação,Sudeste,15.33,3,25,49.9,No,2025-07-09,1247.5
8571,43,Pro,Orgânico,Sudeste,20.44,2,29,199.9,No,2024-11-03,5797.1
8572,22,Pro,Google Ads,Nordeste,32.47,3,5,89.9,No,2025-01-30,449.5
8573,39,Pro,Orgânico,Nordeste,10.6,1,1,89.9,No,2023-09-04,89.9
8574,32,Basic,Instagram,Nordeste,13.08,2,25,89.9,No,2023-08-01,2247.5
8575,30,Basic,Instagram,Sul,14.3,4,42,199.9,No,2024-02-19,8395.800000000001
8576,45,Enterprise,LinkedIn,Sudeste,14.89,2,25,89.9,No,2024-03-11,2247.5
8577,50,Basic,Google Ads,Sul,29.96,2,48,49.9,No,2025-06-02,2395.2
8578,60,Pro,Instagram,Sudeste,27.06,0,11,49.9,No,2025-02-22,548.9
8579,40,Basic,Google Ads,Centro-Oeste,14.28,2,33,89.9,No,2024-08-23,2966.7000000000003
8580,50,Basic,Google Ads,Sudeste,42.46,1,45,49.9,No,2024-09-21,2245.5
8581,60,Basic,Instagram,Nordeste,28.13,2,19,89.9,No,2024-10-26,1708.1000000000001
8582,35,Pro,Orgânico,Sudeste,13.41,2,41,199.9,No,2023-04-05,8195.9
8583,47,Basic,Google Ads,Sudeste,12.57,4,18,49.9,No,2024-10-11,898.1999999999999
8584,43,Basic,LinkedIn,Sudeste,6.68,3,7,49.9,No,2025-10-07,349.3
8585,33,Basic,Indicação,Sudeste,21.09,2,23,49.9,No,2025-05-22,1147.7
8586,30,Basic,Google Ads,Sudeste,18.18,0,4,199.9,No,2024-04-18,799.6
8587,56,Basic,Orgânico,Sul,41.48,2,21,89.9,No,2024-06-02,1887.9
8588,50,Basic,Orgânico,Nordeste,20.38,3,41,89.9,Yes,2024-05-29,3685.9
8589,43,Basic,Instagram,Nordeste,21.36,1,13,49.9,No,2023-06-03,648.6999999999999
8590,18,Pro,Orgânico,Nordeste,7.71,2,27,89.9,No,2025-03-10,2427.3
8591,55,Pro,Indicação,Sudeste,17.88,1,6,89.9,No,2024-07-04,539.4000000000001
8592,19,Basic,Instagram,Sudeste,8.58,1,13,89.9,Yes,2025-04-13,1168.7
8593,23,Basic,Indicação,Sudeste,11.79,4,18,49.9,No,2025-07-21,898.1999999999999
8594,63,Pro,Indicação,Sudeste,18.57,1,27,89.9,No,2025-06-07,2427.3
8595,55,Basic,Indicação,Sudeste,5.13,4,23,199.9,Yes,2025-01-09,4597.7
8596,59,Basic,Indicação,Norte,50.77,1,46,89.9,No,2025-04-29,4135.400000000001
8597,41,Pro,Instagram,Sul,10.44,1,46,89.9,No,2025-11-04,4135.400000000001
8598,35,Enterprise,Orgânico,Sudeste,13.97,3,31,199.9,No,2025-04-06,6196.900000000001
8599,44,Pro,Orgânico,Nordeste,46.1,1,21,89.9,No,2025-04-20,1887.9
8600,58,Basic,Indicação,Sudeste,9.28,3,25,89.9,No,2023-09-11,2247.5
8601,25,Enterprise,Google Ads,Centro-Oeste,12.32,0,45,89.9,No,2025-12-06,4045.5000000000005
8602,45,Basic,LinkedIn,Nordeste,25.27,2,43,49.9,No,2023-02-21,2145.7
8603,27,Enterprise,Indicação,Sudeste,8.64,1,16,49.9,No,2025-08-28,798.4
8604,34,Basic,Orgânico,Nordeste,30.79,2,16,49.9,No,2024-07-10,798.4
8605,46,Basic,Orgânico,Sudeste,18.8,0,39,89.9,No,2023-05-07,3506.1000000000004
8606,23,Pro,Orgânico,Nordeste,8.13,1,21,89.9,No,2023-09-01,1887.9
8607,31,Enterprise,Instagram,Sul,30.29,2,33,199.9,No,2025-08-29,6596.7
8608,39,Enterprise,Orgânico,Sudeste,40.09,3,28,49.9,No,2023-08-12,1397.2
8609,23,Pro,Google Ads,Centro-Oeste,27.05,2,30,49.9,No,2024-11-10,1497.0
8610,43,Pro,Instagram,Sudeste,15.56,5,1,89.9,No,2024-05-13,89.9
8611,56,Pro,Google Ads,Nordeste,25.95,0,5,89.9,No,2024-08-15,449.5
8612,29,Pro,Orgânico,Sudeste,26.36,1,33,89.9,No,2025-12-12,2966.7000000000003
8613,52,Pro,Orgânico,Nordeste,25.53,2,11,49.9,No,2025-04-06,548.9
8614,31,Basic,Instagram,Sul,14.36,2,8,199.9,No,2023-01-30,1599.2
8615,39,Basic,Instagram,Norte,41.53,1,31,89.9,No,2023-07-20,2786.9
8616,40,Enterprise,Orgânico,Sudeste,21.36,1,21,89.9,No,2023-07-13,1887.9
8617,24,Enterprise,LinkedIn,Sudeste,22.66,2,25,199.9,No,2023-10-08,4997.5
8618,57,Basic,LinkedIn,Nordeste,7.34,3,18,89.9,No,2025-07-28,1618.2
8619,42,Basic,LinkedIn,Norte,19.96,2,12,89.9,No,2025-04-28,1078.8000000000002
8620,30,Enterprise,Indicação,Norte,21.59,1,12,89.9,No,2024-12-03,1078.8000000000002
8621,38,Pro,Orgânico,Sudeste,18.35,1,35,199.9,No,2025-01-01,6996.5
8622,58,Pro,Instagram,Centro-Oeste,19.13,3,29,89.9,No,2025-10-04,2607.1000000000004
8623,27,Basic,Google Ads,Sudeste,37.02,3,14,49.9,No,2024-07-16,698.6
8624,26,Enterprise,Google Ads,Nordeste,14.8,3,13,49.9,No,2023-10-14,648.6999999999999
8625,32,Basic,Google Ads,Sudeste,18.07,2,19,199.9,No,2025-02-26,3798.1
8626,19,Basic,LinkedIn,Sudeste,32.95,3,20,49.9,No,2023-11-01,998.0
8627,42,Basic,Orgânico,Nordeste,10.37,2,2,89.9,No,2023-03-18,179.8
8628,30,Enterprise,Indicação,Nordeste,22.22,2,12,199.9,No,2023-04-20,2398.8
8629,51,Pro,Orgânico,Nordeste,34.01,4,44,49.9,No,2025-08-29,2195.6
8630,51,Pro,Orgânico,Nordeste,11.51,0,10,89.9,No,2024-04-28,899.0
8631,52,Basic,LinkedIn,Centro-Oeste,16.85,3,36,49.9,No,2024-08-31,1796.3999999999999
8632,55,Enterprise,LinkedIn,Sul,28.37,1,17,89.9,No,2023-12-13,1528.3000000000002
8633,20,Pro,Indicação,Nordeste,17.0,3,7,199.9,No,2023-03-15,1399.3
8634,59,Pro,Google Ads,Centro-Oeste,13.83,1,37,49.9,No,2025-10-08,1846.3
8635,23,Enterprise,Indicação,Sudeste,37.02,1,36,199.9,No,2023-02-07,7196.400000000001
8636,36,Basic,LinkedIn,Nordeste,32.36,3,18,49.9,No,2024-05-15,898.1999999999999
8637,20,Pro,Indicação,Nordeste,15.62,5,13,49.9,No,2023-03-01,648.6999999999999
8638,35,Enterprise,LinkedIn,Norte,21.52,4,13,89.9,No,2024-07-25,1168.7
8639,56,Pro,Instagram,Sudeste,8.25,2,40,49.9,No,2023-07-20,1996.0
8640,26,Pro,Indicação,Sudeste,24.05,0,12,49.9,No,2025-04-16,598.8
8641,29,Basic,Instagram,Norte,14.39,1,15,49.9,No,2023-02-12,748.5
8642,22,Pro,Google Ads,Sudeste,9.62,2,48,49.9,No,2023-05-06,2395.2
8643,20,Pro,Indicação,Nordeste,31.06,2,37,89.9,No,2025-03-14,3326.3
8644,28,Basic,Instagram,Norte,31.37,3,3,89.9,No,2024-01-24,269.70000000000005
8645,47,Enterprise,Orgânico,Centro-Oeste,24.3,1,10,89.9,No,2023-07-13,899.0
8646,21,Basic,Google Ads,Norte,32.48,4,23,89.9,No,2023-08-18,2067.7000000000003
8647,22,Basic,Indicação,Sudeste,23.24,2,4,49.9,Yes,2024-07-19,199.6
8648,18,Pro,LinkedIn,Sudeste,25.36,4,44,49.9,No,2024-01-31,2195.6
8649,44,Pro,Google Ads,Sudeste,24.61,0,25,49.9,No,2025-11-05,1247.5
8650,45,Basic,Instagram,Nordeste,18.28,4,1,89.9,No,2025-03-16,89.9
8651,46,Basic,Indicação,Sul,10.54,2,5,89.9,No,2024-12-20,449.5
8652,35,Basic,Instagram,Centro-Oeste,12.8,1,5,49.9,No,2024-08-09,249.5
8653,29,Basic,Google Ads,Sudeste,13.69,2,47,89.9,No,2024-10-25,4225.3
8654,30,Basic,Indicação,Norte,6.55,2,27,49.9,No,2023-04-09,1347.3
8655,58,Basic,Google Ads,Sudeste,22.92,1,7,49.9,No,2024-04-30,349.3
8656,19,Basic,Indicação,Sudeste,15.79,3,24,199.9,No,2023-10-07,4797.6
8657,54,Pro,Orgânico,Centro-Oeste,26.41,0,23,49.9,No,2023-10-21,1147.7
8658,62,Enterprise,Google Ads,Nordeste,19.82,2,8,89.9,No,2024-05-04,719.2
8659,33,Pro,Instagram,Sudeste,27.38,3,30,89.9,No,2023-06-12,2697.0
8660,41,Pro,Instagram,Norte,20.38,1,31,89.9,No,2025-01-25,2786.9
8661,52,Basic,Indicação,Sudeste,28.68,2,16,49.9,No,2024-08-22,798.4
8662,39,Pro,Instagram,Sudeste,13.12,2,28,49.9,No,2023-12-16,1397.2
8663,53,Pro,Instagram,Sudeste,25.62,1,1,49.9,Yes,2023-05-01,49.9
8664,28,Pro,Google Ads,Centro-Oeste,14.15,2,11,199.9,No,2025-12-12,2198.9
8665,63,Basic,Google Ads,Sudeste,21.75,2,38,49.9,No,2025-08-15,1896.2
8666,46,Basic,LinkedIn,Nordeste,21.79,5,23,49.9,No,2025-07-06,1147.7
8667,52,Pro,Google Ads,Sudeste,30.59,1,32,49.9,No,2023-10-01,1596.8
8668,32,Basic,Google Ads,Sul,19.65,3,32,89.9,No,2025-11-23,2876.8
8669,48,Enterprise,Instagram,Sudeste,34.9,1,29,89.9,No,2024-10-11,2607.1000000000004
8670,59,Basic,Google Ads,Norte,38.27,5,31,89.9,No,2023-02-07,2786.9
8671,58,Basic,Google Ads,Nordeste,13.37,1,19,49.9,No,2025-08-11,948.1
8672,60,Pro,Instagram,Sudeste,39.8,3,9,89.9,No,2024-06-08,809.1
8673,33,Enterprise,Google Ads,Sul,16.87,3,32,89.9,No,2023-06-16,2876.8
8674,27,Basic,Orgânico,Sudeste,42.82,1,31,199.9,No,2023-12-29,6196.900000000001
8675,49,Pro,Google Ads,Nordeste,37.36,3,5,49.9,No,2025-01-13,249.5
8676,19,Basic,Indicação,Sul,41.51,1,23,49.9,No,2023-09-15,1147.7
8677,41,Pro,Instagram,Sudeste,46.01,3,46,49.9,No,2025-03-03,2295.4
8678,40,Pro,Indicação,Sudeste,18.88,2,21,89.9,No,2023-05-24,1887.9
8679,19,Enterprise,Google Ads,Nordeste,14.14,0,20,199.9,No,2025-12-29,3998.0
8680,55,Basic,Orgânico,Sul,12.06,2,13,89.9,No,2023-02-14,1168.7
8681,48,Basic,Orgânico,Sudeste,21.83,3,45,89.9,No,2025-09-10,4045.5000000000005
8682,57,Pro,Google Ads,Centro-Oeste,20.05,3,20,89.9,Yes,2025-11-16,1798.0
8683,43,Basic,Google Ads,Sudeste,18.12,3,47,49.9,No,2025-10-02,2345.2999999999997
8684,46,Pro,Indicação,Nordeste,15.91,2,13,49.9,No,2024-02-27,648.6999999999999
8685,20,Pro,Orgânico,Sudeste,12.01,1,7,49.9,No,2024-08-12,349.3
8686,31,Basic,Instagram,Sudeste,27.51,1,34,89.9,No,2023-08-04,3056.6000000000004
8687,42,Pro,LinkedIn,Sudeste,22.81,1,17,199.9,No,2023-01-22,3398.3
8688,18,Basic,Google Ads,Centro-Oeste,18.51,4,30,49.9,No,2024-11-24,1497.0
8689,20,Enterprise,Instagram,Sul,16.8,2,4,49.9,No,2024-10-10,199.6
8690,43,Pro,Instagram,Sul,37.85,2,4,89.9,No,2024-09-16,359.6
8691,35,Pro,Instagram,Sudeste,53.72,1,37,199.9,No,2025-08-21,7396.3
8692,26,Basic,Google Ads,Sudeste,13.95,1,39,199.9,No,2023-03-22,7796.1
8693,55,Enterprise,Google Ads,Sudeste,12.11,1,36,89.9,No,2024-11-04,3236.4
8694,40,Pro,Indicação,Sudeste,10.03,2,15,49.9,No,2024-04-21,748.5
8695,38,Basic,Indicação,Sudeste,19.84,2,22,89.9,Yes,2023-08-14,1977.8000000000002
8696,18,Basic,Instagram,Sul,15.95,0,11,49.9,No,2024-03-23,548.9
8697,38,Basic,Orgânico,Sudeste,16.68,1,36,89.9,Yes,2025-02-17,3236.4
8698,44,Enterprise,Instagram,Sul,29.29,2,32,199.9,No,2023-03-19,6396.8
8699,59,Enterprise,Instagram,Sul,33.05,1,19,49.9,No,2025-05-09,948.1
8700,23,Enterprise,Indicação,Sul,25.55,1,16,49.9,No,2023-02-28,798.4
8701,61,Pro,Indicação,Sudeste,28.54,1,10,49.9,No,2025-04-30,499.0
8702,53,Pro,Orgânico,Nordeste,6.31,2,43,89.9,No,2024-11-14,3865.7000000000003
8703,45,Basic,Google Ads,Centro-Oeste,13.99,0,17,199.9,No,2023-07-09,3398.3
8704,62,Basic,Google Ads,Sudeste,28.08,2,43,49.9,No,2023-04-23,2145.7
8705,34,Basic,Indicação,Nordeste,3.84,2,43,49.9,No,2024-11-06,2145.7
8706,57,Pro,Instagram,Norte,13.24,0,6,89.9,No,2023-03-21,539.4000000000001
8707,20,Enterprise,Google Ads,Sudeste,15.97,4,48,89.9,No,2023-09-28,4315.200000000001
8708,29,Enterprise,LinkedIn,Sudeste,22.14,1,45,49.9,No,2024-06-01,2245.5
8709,56,Basic,Instagram,Norte,35.12,1,33,49.9,No,2024-05-09,1646.7
8710,29,Pro,Instagram,Nordeste,14.82,2,20,49.9,Yes,2023-12-31,998.0
8711,19,Pro,Instagram,Nordeste,9.55,2,14,49.9,No,2025-09-10,698.6
8712,63,Pro,Google Ads,Sudeste,11.13,1,43,199.9,No,2024-08-27,8595.7
8713,39,Pro,Google Ads,Sudeste,7.99,4,28,49.9,No,2024-01-02,1397.2
8714,40,Basic,LinkedIn,Sudeste,33.25,3,40,89.9,No,2024-04-15,3596.0
8715,47,Enterprise,Instagram,Centro-Oeste,33.79,4,6,89.9,No,2023-01-31,539.4000000000001
8716,22,Pro,Orgânico,Sudeste,13.32,4,19,49.9,No,2024-06-22,948.1
8717,26,Pro,Google Ads,Nordeste,15.53,1,43,49.9,No,2024-02-22,2145.7
8718,38,Basic,Orgânico,Norte,16.69,5,6,89.9,Yes,2023-11-21,539.4000000000001
8719,28,Basic,Instagram,Sudeste,16.2,5,43,49.9,No,2023-11-27,2145.7
8720,22,Basic,Instagram,Sudeste,23.0,0,5,89.9,No,2024-04-11,449.5
8721,52,Pro,Instagram,Centro-Oeste,31.8,4,2,49.9,No,2025-01-14,99.8
8722,44,Enterprise,Instagram,Sudeste,10.81,3,48,49.9,No,2025-06-20,2395.2
8723,19,Basic,LinkedIn,Norte,23.75,0,6,89.9,No,2023-02-16,539.4000000000001
8724,41,Pro,Instagram,Centro-Oeste,8.18,1,14,49.9,No,2025-04-03,698.6
8725,48,Pro,Indicação,Sul,16.5,2,14,199.9,No,2024-11-08,2798.6
8726,50,Basic,Instagram,Sudeste,18.81,1,30,89.9,No,2025-07-10,2697.0
8727,56,Pro,Indicação,Nordeste,27.97,3,45,89.9,No,2024-10-02,4045.5000000000005
8728,47,Pro,Indicação,Sudeste,18.66,2,40,49.9,No,2024-09-20,1996.0
8729,63,Basic,Google Ads,Sul,11.66,4,24,199.9,No,2023-07-24,4797.6
8730,54,Basic,Orgânico,Sudeste,23.92,1,30,49.9,No,2024-04-09,1497.0
8731,45,Pro,Orgânico,Nordeste,22.84,2,11,49.9,No,2025-05-22,548.9
8732,48,Basic,Orgânico,Sudeste,33.52,0,14,89.9,No,2023-12-07,1258.6000000000001
8733,28,Enterprise,Google Ads,Nordeste,29.87,3,22,49.9,No,2025-01-03,1097.8
8734,40,Pro,Orgânico,Sudeste,24.54,3,3,199.9,No,2025-07-01,599.7
8735,19,Basic,Orgânico,Sul,6.5,1,29,89.9,Yes,2025-09-13,2607.1000000000004
8736,57,Basic,Indicação,Sudeste,37.12,2,48,89.9,No,2025-10-24,4315.200000000001
8737,58,Enterprise,LinkedIn,Sudeste,26.34,2,46,89.9,No,2024-05-03,4135.400000000001
8738,44,Pro,Orgânico,Norte,19.74,1,8,49.9,No,2025-02-17,399.2
8739,52,Pro,Orgânico,Norte,24.34,1,7,49.9,Yes,2024-01-27,349.3
8740,19,Basic,Indicação,Sudeste,11.88,1,24,199.9,No,2025-01-08,4797.6
8741,56,Enterprise,Instagram,Sudeste,21.45,4,5,49.9,No,2023-11-10,249.5
8742,54,Basic,Orgânico,Norte,15.89,1,20,49.9,No,2025-11-19,998.0
8743,38,Pro,Google Ads,Sudeste,6.07,5,5,89.9,No,2025-09-23,449.5
8744,22,Enterprise,Instagram,Sudeste,26.26,1,6,49.9,No,2023-02-21,299.4
8745,62,Basic,Orgânico,Sul,33.33,5,28,89.9,No,2025-03-18,2517.2000000000003
8746,38,Pro,Orgânico,Nordeste,24.81,1,15,49.9,No,2024-12-28,748.5
8747,46,Basic,Orgânico,Sudeste,5.33,2,26,199.9,No,2024-02-19,5197.400000000001
8748,37,Pro,LinkedIn,Centro-Oeste,14.72,1,45,49.9,No,2025-12-23,2245.5
8749,55,Basic,Instagram,Sudeste,22.01,0,21,89.9,No,2024-03-27,1887.9
8750,37,Enterprise,Orgânico,Sudeste,11.56,1,21,89.9,No,2023-11-20,1887.9
8751,42,Basic,Instagram,Sudeste,5.31,2,9,199.9,No,2024-11-06,1799.1000000000001
8752,19,Pro,Orgânico,Norte,13.77,2,47,89.9,No,2023-01-02,4225.3
8753,49,Enterprise,LinkedIn,Nordeste,11.34,4,44,89.9,Yes,2024-10-04,3955.6000000000004
8754,43,Enterprise,Google Ads,Centro-Oeste,27.36,4,41,49.9,No,2023-12-17,2045.8999999999999
8755,23,Pro,Google Ads,Sul,9.44,1,10,89.9,No,2023-07-06,899.0
8756,58,Pro,Instagram,Sudeste,15.63,2,48,49.9,No,2025-10-30,2395.2
8757,20,Basic,LinkedIn,Sudeste,19.63,1,25,49.9,No,2025-10-04,1247.5
8758,50,Basic,Google Ads,Sudeste,16.16,4,21,49.9,No,2025-07-10,1047.8999999999999
8759,18,Pro,Instagram,Norte,16.19,3,34,199.9,No,2024-01-10,6796.6
8760,22,Basic,Indicação,Sul,23.53,3,31,89.9,No,2025-10-22,2786.9
8761,30,Basic,Indicação,Centro-Oeste,20.19,1,2,89.9,Yes,2025-04-09,179.8
8762,36,Basic,Google Ads,Sudeste,36.76,2,42,89.9,No,2025-12-18,3775.8
8763,29,Pro,Indicação,Sudeste,18.45,3,40,49.9,No,2024-07-25,1996.0
8764,42,Basic,Google Ads,Centro-Oeste,22.17,4,16,199.9,No,2025-12-12,3198.4
8765,52,Basic,Google Ads,Sudeste,17.52,1,35,89.9,No,2025-10-15,3146.5
8766,29,Basic,Google Ads,Sul,12.52,4,31,89.9,No,2025-08-15,2786.9
8767,47,Pro,Indicação,Sudeste,21.31,6,12,89.9,No,2025-07-05,1078.8000000000002
8768,22,Pro,Google Ads,Norte,22.1,2,23,49.9,No,2024-02-12,1147.7
8769,51,Pro,Google Ads,Sudeste,37.57,1,42,89.9,No,2025-08-15,3775.8
8770,39,Pro,Google Ads,Sul,22.79,2,44,89.9,No,2023-08-28,3955.6000000000004
8771,56,Basic,Orgânico,Nordeste,11.34,1,38,49.9,No,2023-03-27,1896.2
8772,30,Basic,Orgânico,Sudeste,18.41,2,17,199.9,No,2023-03-04,3398.3
8773,64,Basic,Google Ads,Sudeste,12.98,4,44,49.9,No,2023-10-20,2195.6
8774,20,Pro,Instagram,Sudeste,11.75,2,14,49.9,No,2023-11-03,698.6
8775,37,Pro,Orgânico,Sudeste,29.01,0,33,49.9,No,2024-06-15,1646.7
8776,48,Basic,Google Ads,Sudeste,8.35,5,48,49.9,Yes,2023-07-24,2395.2
8777,22,Pro,Google Ads,Nordeste,18.0,1,48,89.9,No,2023-06-06,4315.200000000001
8778,41,Pro,Google Ads,Sudeste,29.74,2,6,89.9,No,2024-09-11,539.4000000000001
8779,57,Enterprise,Orgânico,Sudeste,26.55,1,23,49.9,No,2023-04-18,1147.7
8780,50,Pro,Indicação,Sul,28.39,4,48,89.9,No,2024-02-17,4315.200000000001
8781,25,Pro,Google Ads,Sudeste,20.42,5,31,49.9,No,2024-05-21,1546.8999999999999
8782,41,Pro,Google Ads,Sul,12.09,3,40,199.9,No,2023-07-24,7996.0
8783,37,Enterprise,Orgânico,Sudeste,18.61,3,5,49.9,No,2023-05-26,249.5
8784,33,Enterprise,Instagram,Sudeste,29.63,1,3,49.9,No,2023-09-05,149.7
8785,29,Pro,LinkedIn,Sul,22.36,4,38,89.9,No,2025-05-28,3416.2000000000003
8786,30,Pro,Instagram,Sudeste,16.92,2,28,89.9,No,2023-08-27,2517.2000000000003
8787,62,Pro,Orgânico,Sudeste,8.48,4,31,89.9,No,2024-05-24,2786.9
8788,59,Basic,Google Ads,Sudeste,36.72,4,17,49.9,No,2024-07-13,848.3
8789,56,Pro,Orgânico,Sudeste,20.95,1,22,49.9,No,2025-02-14,1097.8
8790,42,Basic,Google Ads,Sudeste,8.22,2,47,49.9,Yes,2024-10-25,2345.2999999999997
8791,63,Enterprise,Google Ads,Centro-Oeste,17.95,3,13,199.9,No,2025-06-13,2598.7000000000003
8792,49,Pro,LinkedIn,Nordeste,19.34,2,44,199.9,No,2023-11-01,8795.6
8793,41,Pro,Orgânico,Sudeste,44.59,2,21,49.9,No,2024-02-04,1047.8999999999999
8794,64,Pro,Instagram,Norte,23.17,4,47,199.9,No,2025-01-10,9395.300000000001
8795,61,Pro,Google Ads,Norte,13.23,1,21,89.9,No,2025-12-04,1887.9
8796,26,Basic,LinkedIn,Sul,16.15,2,6,89.9,No,2024-06-04,539.4000000000001
8797,57,Pro,Indicação,Sudeste,24.75,2,10,49.9,No,2024-11-12,499.0
8798,40,Pro,Indicação,Nordeste,18.45,4,40,49.9,No,2025-02-10,1996.0
8799,30,Basic,Instagram,Sul,18.85,3,14,89.9,No,2025-07-26,1258.6000000000001
8800,49,Enterprise,Google Ads,Sudeste,20.79,1,23,49.9,No,2024-11-24,1147.7
8801,32,Basic,LinkedIn,Norte,16.82,2,7,49.9,No,2024-11-28,349.3
8802,53,Pro,Instagram,Centro-Oeste,33.47,4,24,199.9,Yes,2023-09-03,4797.6
8803,22,Basic,Orgânico,Sul,19.19,3,15,89.9,No,2023-09-06,1348.5
8804,39,Enterprise,LinkedIn,Nordeste,27.13,1,23,89.9,No,2023-05-08,2067.7000000000003
8805,33,Basic,LinkedIn,Sudeste,37.61,2,5,89.9,No,2023-07-16,449.5
8806,58,Pro,Instagram,Norte,15.12,2,41,89.9,No,2023-07-13,3685.9
8807,27,Basic,Instagram,Sudeste,43.87,1,20,49.9,No,2025-06-15,998.0
8808,41,Basic,LinkedIn,Sudeste,16.81,3,10,49.9,No,2023-05-15,499.0
8809,35,Enterprise,Instagram,Nordeste,19.15,6,23,199.9,No,2024-05-08,4597.7
8810,35,Basic,Orgânico,Sudeste,22.16,2,27,199.9,No,2024-03-15,5397.3
8811,24,Pro,Instagram,Sudeste,27.88,2,43,199.9,No,2024-11-04,8595.7
8812,21,Basic,Instagram,Sul,14.04,3,46,199.9,No,2025-12-02,9195.4
8813,43,Basic,Google Ads,Sudeste,13.53,1,31,49.9,No,2024-03-28,1546.8999999999999
8814,22,Pro,Indicação,Norte,13.01,0,6,49.9,No,2025-01-14,299.4
8815,33,Pro,Google Ads,Sudeste,33.2,0,48,199.9,No,2024-08-21,9595.2
8816,52,Pro,Instagram,Sul,11.79,2,13,49.9,No,2024-04-27,648.6999999999999
8817,43,Pro,LinkedIn,Centro-Oeste,43.76,3,28,199.9,No,2024-07-08,5597.2
8818,35,Basic,Instagram,Sul,12.54,0,16,199.9,No,2024-02-23,3198.4
8819,46,Basic,Indicação,Sudeste,25.91,4,17,89.9,No,2024-02-07,1528.3000000000002
8820,40,Basic,Indicação,Sudeste,13.57,1,46,199.9,No,2024-11-28,9195.4
8821,31,Pro,Orgânico,Sudeste,31.02,0,47,89.9,No,2025-12-22,4225.3
8822,32,Pro,LinkedIn,Sudeste,7.35,3,31,49.9,Yes,2023-08-10,1546.8999999999999
8823,50,Basic,LinkedIn,Sul,29.8,2,10,89.9,No,2025-07-26,899.0
8824,42,Basic,Google Ads,Nordeste,14.31,2,31,49.9,No,2024-06-01,1546.8999999999999
8825,38,Basic,Instagram,Sudeste,25.17,2,39,49.9,No,2024-08-29,1946.1
8826,34,Enterprise,Google Ads,Nordeste,21.16,2,42,199.9,No,2024-01-15,8395.800000000001
8827,40,Pro,Indicação,Nordeste,10.44,2,6,89.9,No,2025-07-28,539.4000000000001
8828,60,Basic,Instagram,Sudeste,47.05,2,46,49.9,No,2024-11-29,2295.4
8829,34,Pro,LinkedIn,Norte,25.49,1,20,199.9,No,2023-09-27,3998.0
8830,31,Basic,Instagram,Sudeste,25.55,2,41,89.9,No,2024-06-11,3685.9
8831,46,Pro,Indicação,Nordeste,42.4,5,21,49.9,No,2024-09-24,1047.8999999999999
8832,37,Pro,Instagram,Sudeste,12.38,0,16,49.9,No,2024-09-09,798.4
8833,47,Basic,LinkedIn,Sudeste,26.58,1,25,49.9,No,2023-03-02,1247.5
8834,36,Enterprise,Orgânico,Norte,21.28,0,39,199.9,No,2023-08-01,7796.1
8835,56,Pro,Indicação,Norte,20.58,6,36,89.9,No,2023-04-07,3236.4
8836,30,Basic,Instagram,Sudeste,19.4,3,43,199.9,No,2024-06-09,8595.7
8837,35,Pro,LinkedIn,Sudeste,4.74,3,34,89.9,No,2025-07-15,3056.6000000000004
8838,40,Pro,LinkedIn,Norte,13.68,1,8,89.9,No,2024-06-13,719.2
8839,63,Enterprise,Orgânico,Sudeste,21.28,1,14,49.9,No,2025-07-20,698.6
8840,50,Basic,Orgânico,Sudeste,24.92,3,23,89.9,No,2023-03-18,2067.7000000000003
8841,56,Basic,Instagram,Sudeste,23.83,3,12,89.9,No,2024-09-30,1078.8000000000002
8842,57,Pro,Orgânico,Nordeste,8.6,2,20,49.9,No,2023-07-05,998.0
8843,35,Pro,Google Ads,Nordeste,12.21,1,24,199.9,No,2024-07-25,4797.6
8844,26,Basic,Orgânico,Norte,25.69,0,13,89.9,No,2025-02-10,1168.7
8845,50,Enterprise,Google Ads,Sudeste,13.07,0,33,89.9,No,2023-08-20,2966.7000000000003
8846,49,Basic,Instagram,Centro-Oeste,6.2,4,34,89.9,Yes,2024-12-06,3056.6000000000004
8847,34,Basic,Orgânico,Sul,9.97,2,32,49.9,No,2025-02-02,1596.8
8848,36,Enterprise,Instagram,Nordeste,19.14,0,42,49.9,No,2025-09-15,2095.7999999999997
8849,44,Basic,Orgânico,Sudeste,17.88,3,29,89.9,No,2024-04-02,2607.1000000000004
8850,23,Basic,Google Ads,Sudeste,18.29,5,27,89.9,No,2023-12-03,2427.3
8851,52,Pro,LinkedIn,Centro-Oeste,19.73,1,38,49.9,No,2023-03-06,1896.2
8852,54,Basic,Indicação,Sul,26.34,3,13,49.9,No,2024-08-01,648.6999999999999
8853,51,Enterprise,Google Ads,Sudeste,11.29,2,22,49.9,No,2025-06-11,1097.8
8854,37,Pro,Google Ads,Sudeste,14.34,3,7,89.9,No,2024-07-11,629.3000000000001
8855,42,Pro,Google Ads,Nordeste,17.81,2,7,49.9,No,2024-04-28,349.3
8856,21,Basic,Orgânico,Sudeste,7.64,3,29,89.9,No,2025-12-07,2607.1000000000004
8857,27,Basic,Orgânico,Sul,17.19,2,40,49.9,No,2025-07-10,1996.0
8858,27,Pro,Instagram,Sudeste,15.37,3,14,89.9,Yes,2024-11-28,1258.6000000000001
8859,41,Pro,Google Ads,Centro-Oeste,17.11,1,2,49.9,No,2023-12-11,99.8
8860,38,Pro,Google Ads,Sul,29.24,1,7,49.9,No,2023-12-20,349.3
8861,28,Basic,LinkedIn,Nordeste,15.29,1,17,89.9,No,2025-08-20,1528.3000000000002
8862,44,Pro,Orgânico,Norte,10.41,1,33,49.9,No,2023-11-09,1646.7
8863,33,Basic,Indicação,Sudeste,38.01,2,22,199.9,Yes,2025-11-17,4397.8
8864,43,Pro,Instagram,Nordeste,9.93,2,14,49.9,No,2024-05-17,698.6
8865,47,Pro,LinkedIn,Sudeste,17.62,2,1,49.9,No,2025-02-19,49.9
8866,33,Basic,Orgânico,Sudeste,22.32,4,8,199.9,No,2023-08-22,1599.2
8867,24,Pro,LinkedIn,Sudeste,10.52,0,41,49.9,No,2024-10-21,2045.8999999999999
8868,33,Basic,Orgânico,Sudeste,15.94,2,8,199.9,No,2024-01-10,1599.2
8869,52,Pro,Google Ads,Norte,17.39,3,29,89.9,No,2024-09-30,2607.1000000000004
8870,33,Pro,Indicação,Nordeste,26.22,1,17,49.9,No,2025-09-05,848.3
8871,57,Basic,Indicação,Norte,14.83,1,27,49.9,No,2025-04-16,1347.3
8872,29,Enterprise,Indicação,Norte,27.32,0,45,89.9,No,2024-08-03,4045.5000000000005
8873,52,Pro,LinkedIn,Sudeste,16.77,0,8,89.9,No,2024-09-01,719.2
8874,38,Enterprise,Google Ads,Sul,27.59,3,6,49.9,No,2024-09-29,299.4
8875,60,Basic,Google Ads,Sudeste,10.76,2,44,199.9,Yes,2024-07-14,8795.6
8876,53,Enterprise,Orgânico,Centro-Oeste,12.04,1,30,49.9,No,2023-05-06,1497.0
8877,34,Basic,Google Ads,Sudeste,35.89,5,23,89.9,No,2025-05-15,2067.7000000000003
8878,49,Pro,Orgânico,Nordeste,4.79,4,15,49.9,No,2023-09-24,748.5
8879,58,Enterprise,Indicação,Nordeste,11.75,4,41,49.9,No,2025-10-10,2045.8999999999999
8880,23,Basic,Instagram,Centro-Oeste,27.27,2,14,89.9,No,2024-10-17,1258.6000000000001
8881,41,Basic,Orgânico,Sul,36.8,2,27,49.9,No,2023-07-17,1347.3
8882,44,Pro,Orgânico,Sudeste,8.77,1,3,49.9,Yes,2023-08-30,149.7
8883,37,Pro,Instagram,Sudeste,26.09,2,12,89.9,No,2025-10-09,1078.8000000000002
8884,42,Pro,Google Ads,Norte,8.35,1,43,89.9,Yes,2024-01-06,3865.7000000000003
8885,19,Basic,Orgânico,Sudeste,6.05,3,3,89.9,No,2024-09-27,269.70000000000005
8886,26,Pro,Orgânico,Centro-Oeste,12.53,4,40,89.9,No,2025-08-18,3596.0
8887,45,Basic,Orgânico,Norte,17.53,3,1,49.9,No,2024-12-27,49.9
8888,55,Enterprise,Indicação,Sudeste,4.77,2,17,89.9,No,2023-04-12,1528.3000000000002
8889,20,Pro,Instagram,Sudeste,12.17,3,18,49.9,Yes,2025-06-22,898.1999999999999
8890,37,Pro,Orgânico,Sudeste,13.71,3,10,49.9,No,2025-12-28,499.0
8891,23,Basic,Google Ads,Sudeste,33.32,3,12,89.9,No,2023-11-07,1078.8000000000002
8892,56,Enterprise,Google Ads,Norte,15.98,1,17,89.9,No,2025-03-21,1528.3000000000002
8893,50,Pro,Google Ads,Sul,34.27,5,22,89.9,No,2024-08-25,1977.8000000000002
8894,18,Enterprise,Google Ads,Sudeste,17.75,3,42,89.9,No,2023-05-01,3775.8
8895,54,Basic,LinkedIn,Sudeste,21.36,1,14,49.9,No,2024-05-22,698.6
8896,23,Pro,Google Ads,Sudeste,27.31,2,41,89.9,No,2025-10-06,3685.9
8897,62,Pro,Google Ads,Sul,26.41,3,8,199.9,No,2023-10-04,1599.2
8898,51,Basic,Google Ads,Nordeste,29.5,2,17,89.9,No,2023-06-24,1528.3000000000002
8899,64,Basic,Indicação,Sudeste,22.73,1,15,89.9,No,2023-07-10,1348.5
8900,32,Basic,LinkedIn,Nordeste,10.56,4,6,89.9,No,2023-06-20,539.4000000000001
8901,62,Basic,LinkedIn,Sudeste,6.11,1,7,89.9,No,2024-02-25,629.3000000000001
8902,43,Basic,Orgânico,Sudeste,26.12,3,32,49.9,No,2023-07-30,1596.8
8903,31,Pro,LinkedIn,Nordeste,24.42,4,48,89.9,No,2025-09-08,4315.200000000001
8904,24,Pro,Instagram,Sudeste,11.45,2,43,199.9,No,2023-11-19,8595.7
8905,63,Pro,Orgânico,Sudeste,21.85,2,9,49.9,No,2024-10-27,449.09999999999997
8906,48,Basic,Google Ads,Sudeste,18.51,0,20,89.9,No,2023-03-12,1798.0
8907,41,Pro,Instagram,Centro-Oeste,13.58,4,42,199.9,No,2024-01-09,8395.800000000001
8908,48,Enterprise,Indicação,Sudeste,19.31,2,45,89.9,No,2025-03-28,4045.5000000000005
8909,46,Basic,Orgânico,Sudeste,33.22,3,39,49.9,No,2025-06-12,1946.1
8910,59,Basic,Orgânico,Sudeste,32.64,0,2,49.9,Yes,2024-01-08,99.8
8911,49,Pro,Google Ads,Sul,25.46,1,18,89.9,No,2025-03-17,1618.2
8912,34,Pro,Indicação,Sudeste,20.85,5,38,49.9,Yes,2023-05-02,1896.2
8913,31,Pro,Indicação,Norte,9.75,1,2,89.9,No,2024-11-02,179.8
8914,57,Pro,Google Ads,Nordeste,15.61,2,15,49.9,No,2023-12-21,748.5
8915,53,Basic,Google Ads,Sul,12.52,3,11,89.9,No,2025-09-22,988.9000000000001
8916,41,Pro,Indicação,Sul,25.55,2,3,49.9,No,2025-07-24,149.7
8917,62,Basic,Google Ads,Sul,16.19,3,9,89.9,No,2023-05-03,809.1
8918,44,Basic,Google Ads,Sudeste,6.93,1,45,49.9,No,2023-06-18,2245.5
8919,42,Basic,Google Ads,Nordeste,23.19,2,43,49.9,No,2023-04-24,2145.7
8920,49,Basic,Google Ads,Sudeste,16.81,4,23,89.9,No,2025-03-19,2067.7000000000003
8921,35,Pro,Google Ads,Sudeste,23.68,1,45,89.9,No,2024-06-18,4045.5000000000005
8922,63,Pro,Instagram,Sudeste,22.91,2,43,49.9,No,2024-06-14,2145.7
8923,35,Enterprise,Instagram,Sul,19.49,1,10,89.9,No,2023-02-20,899.0
8924,54,Basic,Orgânico,Sudeste,3.97,3,37,49.9,No,2025-12-06,1846.3
8925,43,Enterprise,Google Ads,Centro-Oeste,11.92,1,24,49.9,No,2025-11-07,1197.6
8926,26,Pro,LinkedIn,Sudeste,18.71,2,32,89.9,No,2023-02-01,2876.8
8927,52,Pro,Orgânico,Sudeste,12.58,3,4,89.9,No,2025-09-01,359.6
8928,25,Enterprise,Orgânico,Sudeste,8.6,1,39,49.9,No,2025-08-15,1946.1
8929,37,Pro,Instagram,Nordeste,17.72,3,7,89.9,No,2024-02-25,629.3000000000001
8930,59,Basic,Instagram,Sul,20.45,1,29,199.9,No,2024-02-28,5797.1
8931,39,Enterprise,LinkedIn,Sul,25.51,3,45,199.9,No,2025-06-30,8995.5
8932,36,Pro,Orgânico,Sudeste,23.62,2,46,49.9,No,2023-07-16,2295.4
8933,47,Pro,Google Ads,Sudeste,22.58,0,29,49.9,Yes,2024-01-11,1447.1
8934,45,Enterprise,Instagram,Sudeste,8.03,2,9,199.9,No,2023-05-19,1799.1000000000001
8935,52,Basic,Orgânico,Sul,22.43,0,42,89.9,No,2023-09-23,3775.8
8936,60,Pro,Instagram,Sudeste,33.24,2,46,49.9,No,2024-09-04,2295.4
8937,28,Pro,Indicação,Sudeste,39.29,1,2,89.9,Yes,2025-09-06,179.8
8938,48,Pro,Indicação,Sul,13.27,4,3,89.9,No,2025-04-18,269.70000000000005
8939,56,Basic,Google Ads,Nordeste,28.56,1,41,49.9,Yes,2025-10-25,2045.8999999999999
8940,53,Pro,Instagram,Sudeste,30.57,2,28,199.9,No,2024-03-01,5597.2
8941,47,Basic,LinkedIn,Sudeste,10.85,1,20,199.9,No,2025-06-25,3998.0
8942,40,Pro,Indicação,Sudeste,32.93,2,42,89.9,No,2025-09-15,3775.8
8943,36,Enterprise,Orgânico,Centro-Oeste,20.77,0,4,89.9,No,2023-07-16,359.6
8944,29,Basic,Orgânico,Norte,46.05,3,30,49.9,No,2023-11-25,1497.0
8945,32,Basic,Google Ads,Nordeste,31.8,4,31,49.9,No,2024-02-20,1546.8999999999999
8946,48,Basic,Indicação,Sudeste,21.53,2,41,89.9,No,2025-07-23,3685.9
8947,60,Pro,LinkedIn,Nordeste,6.27,4,22,49.9,No,2024-12-25,1097.8
8948,54,Enterprise,LinkedIn,Sudeste,14.74,2,9,49.9,No,2023-05-23,449.09999999999997
8949,54,Pro,Instagram,Sudeste,29.8,4,9,49.9,No,2024-04-26,449.09999999999997
8950,32,Basic,Indicação,Sudeste,13.78,1,31,89.9,No,2025-12-19,2786.9
8951,46,Pro,Indicação,Sudeste,21.27,1,16,49.9,No,2024-03-12,798.4
8952,60,Pro,LinkedIn,Sul,17.79,1,35,49.9,No,2025-09-07,1746.5
8953,43,Basic,Orgânico,Sudeste,15.59,0,22,49.9,No,2024-11-08,1097.8
8954,61,Pro,Google Ads,Sul,22.07,0,46,199.9,No,2023-04-23,9195.4
8955,19,Basic,Instagram,Norte,22.16,2,31,199.9,No,2023-02-10,6196.900000000001
8956,37,Pro,LinkedIn,Sul,8.63,3,13,49.9,No,2025-01-01,648.6999999999999
8957,32,Basic,Orgânico,Sudeste,19.87,3,28,89.9,No,2024-01-22,2517.2000000000003
8958,21,Basic,Google Ads,Norte,5.46,0,39,49.9,No,2023-07-12,1946.1
8959,39,Enterprise,Instagram,Centro-Oeste,22.76,4,39,49.9,No,2023-06-17,1946.1
8960,55,Pro,Orgânico,Sudeste,35.79,3,7,49.9,No,2023-07-31,349.3
8961,40,Basic,Orgânico,Nordeste,40.28,4,25,49.9,No,2023-03-11,1247.5
8962,43,Enterprise,Orgânico,Sudeste,33.3,5,48,199.9,No,2025-04-07,9595.2
8963,28,Pro,Instagram,Sudeste,22.49,1,1,89.9,No,2025-01-27,89.9
8964,45,Basic,Orgânico,Nordeste,26.21,2,46,49.9,No,2025-11-30,2295.4
8965,19,Pro,LinkedIn,Sul,20.39,3,35,89.9,Yes,2023-06-01,3146.5
8966,25,Enterprise,Indicação,Nordeste,20.73,2,11,89.9,No,2023-11-09,988.9000000000001
8967,46,Pro,Google Ads,Sul,23.26,2,34,49.9,No,2024-09-13,1696.6
8968,28,Basic,Indicação,Centro-Oeste,22.11,0,18,89.9,Yes,2025-05-24,1618.2
8969,54,Pro,Instagram,Sudeste,18.39,4,31,89.9,No,2025-03-20,2786.9
8970,35,Pro,Instagram,Norte,32.19,0,16,49.9,No,2023-03-25,798.4
8971,31,Pro,Indicação,Sudeste,16.56,1,46,199.9,No,2024-04-24,9195.4
8972,27,Basic,Google Ads,Norte,13.6,1,30,49.9,No,2023-01-09,1497.0
8973,52,Pro,Google Ads,Sudeste,41.67,3,37,49.9,No,2025-02-02,1846.3
8974,26,Basic,Instagram,Centro-Oeste,8.93,1,25,199.9,No,2024-08-29,4997.5
8975,52,Pro,Orgânico,Centro-Oeste,16.23,3,28,49.9,No,2024-10-28,1397.2
8976,28,Enterprise,Google Ads,Sul,11.76,0,24,49.9,No,2024-10-23,1197.6
8977,61,Basic,Orgânico,Nordeste,9.27,1,34,49.9,No,2024-05-11,1696.6
8978,29,Basic,Indicação,Sudeste,29.57,2,21,49.9,No,2024-03-06,1047.8999999999999
8979,20,Pro,Indicação,Sudeste,6.28,1,11,89.9,No,2025-01-15,988.9000000000001
8980,56,Pro,LinkedIn,Nordeste,35.49,3,27,89.9,No,2025-07-26,2427.3
8981,31,Basic,Indicação,Norte,11.53,2,9,89.9,No,2023-09-16,809.1
8982,45,Pro,Google Ads,Sudeste,27.32,6,16,49.9,No,2024-05-29,798.4
8983,28,Enterprise,Instagram,Sudeste,24.79,1,11,89.9,No,2024-05-16,988.9000000000001
8984,56,Pro,Indicação,Sudeste,11.62,2,14,199.9,No,2023-10-28,2798.6
8985,42,Pro,Orgânico,Nordeste,30.54,0,43,49.9,No,2023-02-06,2145.7
8986,38,Basic,Google Ads,Norte,12.7,1,15,89.9,No,2023-04-21,1348.5
8987,27,Enterprise,LinkedIn,Centro-Oeste,32.91,2,22,89.9,No,2025-05-12,1977.8000000000002
8988,60,Basic,Orgânico,Sudeste,17.19,3,42,49.9,No,2023-05-10,2095.7999999999997
8989,32,Basic,Orgânico,Sudeste,30.47,0,42,49.9,No,2023-04-04,2095.7999999999997
8990,36,Basic,Google Ads,Sudeste,14.17,3,22,49.9,No,2024-08-23,1097.8
8991,39,Pro,LinkedIn,Nordeste,46.33,2,25,199.9,No,2024-04-23,4997.5
8992,38,Enterprise,Google Ads,Norte,37.01,1,22,49.9,No,2025-11-18,1097.8
8993,61,Basic,Orgânico,Centro-Oeste,18.75,3,3,89.9,Yes,2025-11-03,269.70000000000005
8994,49,Pro,Instagram,Norte,14.49,3,39,49.9,No,2025-02-06,1946.1
8995,40,Pro,Orgânico,Sudeste,5.56,2,30,49.9,No,2023-05-16,1497.0
8996,30,Pro,Orgânico,Centro-Oeste,24.62,1,1,49.9,No,2025-12-02,49.9
8997,22,Pro,Orgânico,Sudeste,17.63,4,45,49.9,No,2023-02-06,2245.5
8998,21,Basic,Orgânico,Sudeste,13.66,1,3,89.9,No,2023-06-30,269.70000000000005
8999,45,Basic,Google Ads,Centro-Oeste,17.9,2,47,89.9,No,2024-08-11,4225.3
9000,31,Enterprise,Google Ads,Sudeste,18.48,2,17,89.9,No,2024-07-06,1528.3000000000002
9001,25,Pro,Indicação,Centro-Oeste,6.76,2,33,49.9,No,2023-05-28,1646.7
9002,26,Basic,LinkedIn,Centro-Oeste,51.19,1,13,49.9,No,2023-07-03,648.6999999999999
9003,52,Pro,Google Ads,Nordeste,2.69,4,8,49.9,No,2025-06-30,399.2
9004,54,Enterprise,Instagram,Nordeste,19.82,1,32,49.9,No,2023-07-21,1596.8
9005,38,Pro,Orgânico,Sudeste,22.04,4,26,89.9,No,2023-06-02,2337.4
9006,35,Basic,Orgânico,Sudeste,13.87,1,6,49.9,No,2025-12-26,299.4
9007,50,Pro,Google Ads,Sul,23.89,4,12,49.9,No,2024-10-02,598.8
9008,25,Pro,Instagram,Sudeste,11.13,2,8,89.9,No,2023-08-29,719.2
9009,34,Basic,LinkedIn,Sudeste,16.01,0,29,199.9,No,2023-11-08,5797.1
9010,60,Basic,Orgânico,Sul,12.93,2,20,49.9,No,2024-10-01,998.0
9011,48,Pro,LinkedIn,Sudeste,12.42,2,45,49.9,No,2023-09-28,2245.5
9012,51,Pro,Orgânico,Sudeste,16.7,2,13,49.9,No,2025-01-29,648.6999999999999
9013,23,Basic,Orgânico,Sul,11.72,3,45,89.9,No,2025-09-02,4045.5000000000005
9014,39,Basic,Orgânico,Sudeste,12.02,1,8,49.9,No,2024-08-09,399.2
9015,31,Basic,Indicação,Sudeste,15.49,0,18,89.9,No,2023-07-12,1618.2
9016,20,Basic,Orgânico,Sul,26.02,3,26,49.9,No,2023-03-24,1297.3999999999999
9017,29,Basic,Orgânico,Sudeste,26.14,3,20,89.9,No,2024-04-12,1798.0
9018,53,Pro,Instagram,Sudeste,17.4,3,33,49.9,No,2025-02-13,1646.7
9019,29,Pro,Google Ads,Sudeste,29.68,1,8,89.9,No,2024-05-12,719.2
9020,62,Pro,Orgânico,Sudeste,55.99,2,48,89.9,No,2025-04-05,4315.200000000001
9021,19,Basic,Google Ads,Sudeste,30.22,3,12,49.9,No,2023-11-08,598.8
9022,19,Basic,Instagram,Sul,14.44,1,2,89.9,Yes,2024-06-18,179.8
9023,32,Basic,Orgânico,Sul,31.64,1,16,49.9,No,2023-07-11,798.4
9024,40,Basic,Orgânico,Nordeste,11.04,6,43,49.9,No,2024-04-28,2145.7
9025,46,Basic,Google Ads,Sudeste,13.84,4,43,49.9,No,2023-06-17,2145.7
9026,34,Basic,LinkedIn,Centro-Oeste,38.9,3,37,49.9,No,2024-08-28,1846.3
9027,49,Enterprise,LinkedIn,Sudeste,26.36,3,11,199.9,No,2025-08-04,2198.9
9028,24,Basic,Instagram,Norte,23.26,2,17,89.9,No,2025-05-17,1528.3000000000002
9029,47,Enterprise,Orgânico,Sudeste,5.86,1,44,89.9,Yes,2023-04-17,3955.6000000000004
9030,45,Basic,Indicação,Centro-Oeste,24.49,4,30,89.9,No,2025-10-09,2697.0
9031,31,Basic,Orgânico,Sudeste,28.91,1,44,89.9,No,2025-01-05,3955.6000000000004
9032,61,Pro,Google Ads,Sudeste,32.92,2,8,89.9,No,2025-03-13,719.2
9033,47,Basic,Instagram,Sudeste,14.07,3,23,49.9,No,2024-10-19,1147.7
9034,34,Basic,Orgânico,Sudeste,8.48,2,10,199.9,No,2023-01-30,1999.0
9035,49,Enterprise,Instagram,Sul,8.3,2,6,49.9,Yes,2023-11-09,299.4
9036,63,Pro,Instagram,Norte,20.3,0,1,49.9,No,2024-06-14,49.9
9037,23,Basic,Orgânico,Nordeste,4.07,1,11,89.9,Yes,2023-10-17,988.9000000000001
9038,41,Basic,Orgânico,Centro-Oeste,19.12,3,41,49.9,No,2025-06-18,2045.8999999999999
9039,23,Enterprise,LinkedIn,Nordeste,23.89,5,23,49.9,No,2023-01-24,1147.7
9040,44,Enterprise,LinkedIn,Sul,23.32,4,3,89.9,No,2025-12-30,269.70000000000005
9041,35,Pro,Google Ads,Nordeste,18.7,5,14,49.9,No,2024-08-15,698.6
9042,41,Basic,Orgânico,Sudeste,20.16,2,13,89.9,No,2024-05-01,1168.7
9043,54,Pro,Orgânico,Sudeste,41.63,3,20,89.9,No,2024-01-05,1798.0
9044,41,Basic,Google Ads,Nordeste,21.62,0,35,89.9,No,2023-10-07,3146.5
9045,55,Basic,Google Ads,Sul,50.36,1,15,49.9,No,2024-06-11,748.5
9046,51,Pro,Orgânico,Centro-Oeste,28.11,2,5,199.9,No,2023-03-24,999.5
9047,57,Basic,Google Ads,Sudeste,9.21,2,41,89.9,Yes,2023-11-30,3685.9
9048,64,Pro,Orgânico,Sudeste,9.69,2,21,89.9,Yes,2025-01-17,1887.9
9049,32,Enterprise,Orgânico,Norte,5.7,2,46,89.9,No,2025-09-09,4135.400000000001
9050,28,Pro,Orgânico,Nordeste,10.41,1,37,89.9,No,2025-07-14,3326.3
9051,39,Basic,Indicação,Sul,19.26,0,11,49.9,No,2024-07-20,548.9
9052,41,Basic,LinkedIn,Centro-Oeste,23.09,3,7,49.9,No,2024-10-27,349.3
9053,18,Basic,Google Ads,Sudeste,7.17,1,12,49.9,Yes,2024-08-20,598.8
9054,35,Basic,Indicação,Sul,27.42,2,4,89.9,No,2024-04-22,359.6
9055,61,Pro,Instagram,Nordeste,34.95,2,23,89.9,No,2023-07-13,2067.7000000000003
9056,29,Basic,LinkedIn,Sul,17.41,0,26,89.9,No,2024-08-11,2337.4
9057,60,Basic,Instagram,Sul,21.95,6,48,49.9,No,2024-10-01,2395.2
9058,45,Basic,Google Ads,Sudeste,14.9,2,2,199.9,No,2024-08-31,399.8
9059,57,Basic,Instagram,Sudeste,9.9,0,16,89.9,No,2025-11-30,1438.4
9060,24,Pro,Orgânico,Sul,39.49,2,34,89.9,No,2024-08-27,3056.6000000000004
9061,40,Pro,Instagram,Centro-Oeste,27.1,2,11,199.9,No,2024-04-19,2198.9
9062,38,Pro,Instagram,Sudeste,16.21,0,23,49.9,No,2025-11-28,1147.7
9063,51,Pro,Instagram,Sudeste,34.13,3,23,49.9,No,2023-05-24,1147.7
9064,28,Pro,Google Ads,Sul,33.19,2,45,49.9,No,2025-09-15,2245.5
9065,39,Basic,Orgânico,Sudeste,16.55,2,30,49.9,No,2024-06-30,1497.0
9066,59,Basic,LinkedIn,Sudeste,16.74,5,39,49.9,No,2025-07-30,1946.1
9067,52,Pro,Google Ads,Sudeste,23.12,1,45,89.9,No,2023-07-27,4045.5000000000005
9068,46,Basic,Instagram,Sudeste,6.37,0,20,49.9,No,2024-10-16,998.0
9069,59,Basic,Orgânico,Sul,27.96,1,16,49.9,Yes,2025-09-19,798.4
9070,45,Enterprise,LinkedIn,Sudeste,13.33,1,11,49.9,No,2023-02-02,548.9
9071,35,Basic,Instagram,Centro-Oeste,24.1,2,46,49.9,No,2023-09-23,2295.4
9072,31,Pro,Instagram,Sul,9.1,2,31,89.9,Yes,2025-07-26,2786.9
9073,35,Pro,Instagram,Sudeste,7.22,4,24,89.9,No,2025-10-03,2157.6000000000004
9074,45,Basic,Google Ads,Sudeste,6.98,3,26,89.9,Yes,2023-08-16,2337.4
9075,41,Basic,Orgânico,Norte,36.63,1,2,49.9,No,2025-04-18,99.8
9076,25,Pro,Instagram,Nordeste,27.28,4,15,199.9,No,2023-07-23,2998.5
9077,59,Basic,Orgânico,Norte,19.79,4,45,49.9,No,2024-06-29,2245.5
9078,62,Basic,LinkedIn,Nordeste,24.4,5,45,49.9,No,2024-08-29,2245.5
9079,25,Enterprise,Google Ads,Sudeste,12.65,3,37,49.9,No,2023-08-25,1846.3
9080,21,Pro,Orgânico,Nordeste,25.44,3,22,89.9,No,2024-07-07,1977.8000000000002
9081,44,Basic,Instagram,Sudeste,19.36,0,26,89.9,No,2023-09-17,2337.4
9082,53,Basic,Indicação,Sudeste,25.23,3,4,89.9,No,2023-08-20,359.6
9083,22,Pro,Orgânico,Sudeste,17.1,1,6,49.9,No,2024-12-07,299.4
9084,50,Basic,Orgânico,Sudeste,15.37,1,22,199.9,No,2024-03-07,4397.8
9085,51,Basic,Google Ads,Nordeste,17.44,1,38,199.9,No,2023-08-30,7596.2
9086,47,Basic,Google Ads,Sul,12.91,1,23,89.9,No,2024-08-01,2067.7000000000003
9087,25,Basic,LinkedIn,Sul,22.32,2,25,89.9,No,2023-12-13,2247.5
9088,56,Pro,Instagram,Nordeste,19.27,4,3,89.9,No,2023-06-18,269.70000000000005
9089,64,Pro,LinkedIn,Centro-Oeste,16.35,2,20,89.9,No,2023-01-13,1798.0
9090,43,Basic,Google Ads,Nordeste,11.48,3,33,199.9,No,2024-03-04,6596.7
9091,54,Basic,LinkedIn,Norte,20.73,2,48,89.9,No,2023-03-05,4315.200000000001
9092,51,Basic,Google Ads,Sudeste,40.07,3,20,49.9,No,2023-11-27,998.0
9093,24,Pro,Orgânico,Sudeste,32.4,3,6,49.9,Yes,2023-05-16,299.4
9094,57,Basic,Orgânico,Sudeste,31.83,2,12,49.9,No,2024-01-29,598.8
9095,45,Basic,Google Ads,Nordeste,13.33,1,44,89.9,No,2025-10-11,3955.6000000000004
9096,56,Enterprise,Orgânico,Sul,26.59,1,19,49.9,No,2024-07-12,948.1
9097,56,Basic,Instagram,Sul,20.4,0,48,49.9,No,2023-12-12,2395.2
9098,45,Enterprise,Instagram,Sudeste,28.43,3,25,49.9,Yes,2025-06-16,1247.5
9099,31,Basic,Google Ads,Sudeste,19.86,5,18,49.9,No,2024-05-26,898.1999999999999
9100,55,Basic,Orgânico,Sudeste,10.0,0,15,49.9,No,2023-05-19,748.5
9101,21,Pro,Instagram,Nordeste,17.52,2,38,89.9,No,2025-03-31,3416.2000000000003
9102,59,Basic,Google Ads,Centro-Oeste,7.9,0,27,49.9,Yes,2023-01-24,1347.3
9103,35,Basic,Orgânico,Nordeste,7.99,3,41,49.9,No,2024-07-04,2045.8999999999999
9104,61,Basic,Instagram,Sudeste,14.33,3,24,49.9,No,2025-04-12,1197.6
9105,42,Enterprise,Orgânico,Sudeste,9.79,2,43,89.9,No,2025-10-12,3865.7000000000003
9106,24,Basic,Instagram,Sudeste,14.29,2,21,49.9,No,2023-08-18,1047.8999999999999
9107,55,Pro,Orgânico,Sudeste,11.15,3,40,89.9,No,2023-08-24,3596.0
9108,45,Pro,Indicação,Sudeste,11.53,2,37,49.9,No,2023-03-21,1846.3
9109,22,Pro,Orgânico,Nordeste,26.51,2,15,49.9,No,2023-01-03,748.5
9110,20,Pro,Orgânico,Sudeste,16.44,2,26,199.9,Yes,2025-08-05,5197.400000000001
9111,61,Basic,Orgânico,Sul,12.17,2,10,89.9,No,2025-12-28,899.0
9112,48,Basic,Instagram,Sul,18.66,1,3,199.9,No,2025-03-10,599.7
9113,64,Basic,Orgânico,Sul,17.31,2,39,49.9,No,2025-02-23,1946.1
9114,59,Basic,Indicação,Sul,19.76,1,29,49.9,No,2023-08-13,1447.1
9115,37,Basic,Google Ads,Sudeste,21.36,1,38,49.9,No,2024-03-14,1896.2
9116,36,Basic,Orgânico,Sudeste,16.19,5,5,199.9,No,2025-09-28,999.5
9117,28,Enterprise,LinkedIn,Sudeste,9.69,3,24,89.9,No,2025-12-15,2157.6000000000004
9118,57,Enterprise,Google Ads,Sudeste,21.83,2,40,49.9,No,2023-10-31,1996.0
9119,20,Basic,Instagram,Norte,22.17,4,5,49.9,No,2024-06-11,249.5
9120,40,Basic,Indicação,Sudeste,19.97,0,32,89.9,No,2023-01-24,2876.8
9121,24,Basic,LinkedIn,Sudeste,20.01,2,26,89.9,No,2024-10-27,2337.4
9122,40,Basic,LinkedIn,Sudeste,17.58,1,48,49.9,No,2025-04-22,2395.2
9123,24,Basic,Instagram,Centro-Oeste,17.68,1,27,89.9,No,2023-04-08,2427.3
9124,63,Enterprise,Indicação,Centro-Oeste,7.97,2,12,49.9,Yes,2024-03-16,598.8
9125,51,Basic,Orgânico,Sudeste,21.06,5,32,89.9,No,2024-12-07,2876.8
9126,59,Basic,Instagram,Nordeste,14.34,1,39,199.9,No,2025-07-20,7796.1
9127,36,Basic,Indicação,Nordeste,18.01,1,36,49.9,No,2024-05-18,1796.3999999999999
9128,26,Enterprise,Google Ads,Norte,23.97,2,6,49.9,No,2024-04-28,299.4
9129,35,Enterprise,Google Ads,Sudeste,8.07,1,44,49.9,No,2023-02-25,2195.6
9130,58,Pro,LinkedIn,Norte,14.77,1,13,49.9,No,2024-02-21,648.6999999999999
9131,62,Basic,Google Ads,Nordeste,23.17,3,31,199.9,No,2024-06-28,6196.900000000001
9132,59,Basic,Indicação,Centro-Oeste,13.94,3,18,89.9,No,2023-01-05,1618.2
9133,42,Basic,Indicação,Centro-Oeste,10.48,1,29,199.9,No,2023-01-05,5797.1
9134,31,Basic,Instagram,Norte,23.86,3,10,199.9,No,2023-04-25,1999.0
9135,61,Pro,Instagram,Norte,23.76,2,39,199.9,No,2023-01-03,7796.1
9136,42,Basic,Orgânico,Sudeste,20.48,2,39,199.9,No,2025-09-29,7796.1
9137,36,Basic,Google Ads,Sudeste,10.65,4,3,199.9,Yes,2023-06-05,599.7
9138,56,Pro,LinkedIn,Norte,16.62,3,45,89.9,No,2023-05-13,4045.5000000000005
9139,32,Basic,Orgânico,Sudeste,46.35,1,18,89.9,No,2024-08-14,1618.2
9140,33,Pro,Orgânico,Sudeste,17.22,3,48,199.9,No,2023-03-13,9595.2
9141,44,Basic,LinkedIn,Sul,12.61,0,29,199.9,No,2024-07-20,5797.1
9142,57,Basic,Instagram,Sudeste,16.35,1,42,199.9,No,2025-11-19,8395.800000000001
9143,27,Basic,Google Ads,Nordeste,13.57,3,47,89.9,No,2024-04-09,4225.3
9144,21,Enterprise,Google Ads,Sudeste,12.53,1,26,199.9,No,2025-01-30,5197.400000000001
9145,36,Basic,Indicação,Centro-Oeste,9.42,1,32,89.9,Yes,2025-10-07,2876.8
9146,45,Basic,Google Ads,Nordeste,21.92,1,27,89.9,No,2023-01-18,2427.3
9147,38,Basic,Orgânico,Sudeste,21.66,2,11,89.9,No,2025-08-07,988.9000000000001
9148,64,Pro,LinkedIn,Sul,36.86,2,41,89.9,Yes,2025-06-21,3685.9
9149,31,Pro,Google Ads,Nordeste,17.02,1,6,89.9,No,2024-12-29,539.4000000000001
9150,50,Basic,Google Ads,Norte,10.78,0,31,89.9,No,2023-02-15,2786.9
9151,27,Basic,LinkedIn,Sudeste,23.73,5,8,49.9,No,2025-09-01,399.2
9152,36,Enterprise,Google Ads,Nordeste,24.04,2,44,89.9,No,2024-07-25,3955.6000000000004
9153,47,Pro,Orgânico,Sudeste,9.69,1,24,49.9,Yes,2023-01-10,1197.6
9154,39,Pro,Orgânico,Sudeste,9.4,0,18,89.9,No,2024-11-09,1618.2
9155,20,Basic,Orgânico,Nordeste,27.2,3,9,199.9,No,2024-10-21,1799.1000000000001
9156,54,Basic,Indicação,Sudeste,7.02,4,22,89.9,No,2023-07-24,1977.8000000000002
9157,58,Pro,Orgânico,Nordeste,24.24,4,43,49.9,No,2025-06-28,2145.7
9158,35,Pro,Indicação,Sudeste,26.11,1,10,89.9,No,2025-07-12,899.0
9159,28,Pro,LinkedIn,Nordeste,9.98,4,1,49.9,Yes,2024-12-27,49.9
9160,19,Basic,Indicação,Sudeste,27.89,2,3,49.9,No,2024-05-30,149.7
9161,29,Pro,Google Ads,Sudeste,9.94,0,44,49.9,Yes,2023-08-14,2195.6
9162,23,Pro,Google Ads,Sudeste,28.42,2,26,49.9,No,2025-10-04,1297.3999999999999
9163,60,Enterprise,Orgânico,Sudeste,3.04,4,7,89.9,No,2025-11-23,629.3000000000001
9164,57,Basic,Orgânico,Nordeste,16.74,1,27,49.9,No,2025-09-05,1347.3
9165,61,Pro,LinkedIn,Sul,25.66,3,15,49.9,No,2024-02-14,748.5
9166,46,Pro,LinkedIn,Sudeste,18.76,1,23,89.9,No,2024-01-30,2067.7000000000003
9167,47,Enterprise,LinkedIn,Nordeste,19.37,2,21,89.9,No,2023-06-07,1887.9
9168,19,Pro,LinkedIn,Sudeste,23.13,1,46,199.9,No,2025-07-02,9195.4
9169,26,Enterprise,Instagram,Sudeste,18.04,3,13,89.9,No,2024-06-13,1168.7
9170,64,Enterprise,Orgânico,Nordeste,11.39,2,32,49.9,No,2025-11-08,1596.8
9171,19,Basic,LinkedIn,Sudeste,19.33,2,20,89.9,No,2023-01-21,1798.0
9172,46,Pro,Google Ads,Sudeste,16.83,2,48,199.9,No,2025-02-02,9595.2
9173,50,Pro,Orgânico,Sudeste,24.52,2,5,199.9,No,2025-01-17,999.5
9174,27,Basic,Instagram,Sudeste,23.31,0,41,49.9,No,2025-04-26,2045.8999999999999
9175,51,Basic,Indicação,Centro-Oeste,24.59,4,32,89.9,No,2023-05-04,2876.8
9176,61,Basic,LinkedIn,Sudeste,36.53,4,47,49.9,No,2024-07-04,2345.2999999999997
9177,25,Pro,Indicação,Sudeste,13.49,2,28,49.9,No,2024-11-07,1397.2
9178,54,Basic,Google Ads,Sudeste,23.46,0,41,49.9,No,2024-10-05,2045.8999999999999
9179,50,Enterprise,Google Ads,Sudeste,9.12,1,28,49.9,No,2025-03-03,1397.2
9180,64,Pro,Instagram,Sudeste,15.16,4,12,199.9,No,2025-02-14,2398.8
9181,23,Pro,Indicação,Norte,12.54,4,6,199.9,No,2025-06-04,1199.4
9182,61,Basic,Google Ads,Sudeste,18.09,1,26,89.9,No,2025-03-05,2337.4
9183,57,Pro,Instagram,Sudeste,25.89,0,17,49.9,No,2023-06-08,848.3
9184,62,Basic,Orgânico,Nordeste,30.14,0,36,49.9,No,2024-08-06,1796.3999999999999
9185,36,Basic,Google Ads,Sul,24.24,1,10,49.9,No,2023-10-08,499.0
9186,49,Pro,Orgânico,Sudeste,27.42,5,26,49.9,No,2025-04-07,1297.3999999999999
9187,44,Pro,Orgânico,Nordeste,12.42,2,16,49.9,No,2023-03-14,798.4
9188,18,Basic,Orgânico,Sudeste,37.71,3,32,89.9,No,2024-07-07,2876.8
9189,60,Pro,Orgânico,Nordeste,22.85,1,16,49.9,No,2025-03-22,798.4
9190,50,Basic,LinkedIn,Nordeste,9.66,3,14,199.9,No,2025-10-21,2798.6
9191,57,Basic,Indicação,Sudeste,14.07,3,25,89.9,No,2023-08-10,2247.5
9192,49,Pro,Indicação,Sul,15.81,2,1,49.9,No,2025-04-01,49.9
9193,22,Basic,Instagram,Norte,27.44,3,39,89.9,No,2023-08-30,3506.1000000000004
9194,34,Pro,Instagram,Centro-Oeste,15.53,3,43,49.9,No,2023-08-26,2145.7
9195,25,Pro,Instagram,Sudeste,9.04,2,16,89.9,No,2024-07-07,1438.4
9196,59,Pro,Google Ads,Nordeste,10.3,3,33,89.9,No,2023-08-26,2966.7000000000003
9197,51,Basic,Orgânico,Sudeste,11.52,6,22,49.9,No,2024-08-02,1097.8
9198,26,Basic,Orgânico,Sudeste,13.29,1,47,49.9,No,2025-07-24,2345.2999999999997
9199,40,Basic,Orgânico,Nordeste,18.4,0,28,89.9,No,2025-03-23,2517.2000000000003
9200,52,Enterprise,Google Ads,Sudeste,20.6,0,23,49.9,No,2025-03-14,1147.7
9201,24,Basic,Google Ads,Nordeste,7.65,2,2,89.9,No,2023-01-03,179.8
9202,32,Basic,Orgânico,Sudeste,20.05,2,15,89.9,No,2025-09-06,1348.5
9203,37,Enterprise,Instagram,Nordeste,18.68,3,44,199.9,No,2023-03-11,8795.6
9204,42,Pro,Orgânico,Sudeste,22.04,0,44,49.9,No,2023-10-04,2195.6
9205,20,Pro,Orgânico,Sudeste,13.63,1,42,49.9,No,2024-08-25,2095.7999999999997
9206,63,Enterprise,Indicação,Sul,23.56,0,47,199.9,No,2025-09-16,9395.300000000001
9207,41,Basic,Instagram,Sudeste,27.27,1,37,49.9,Yes,2024-03-14,1846.3
9208,51,Basic,Google Ads,Nordeste,54.68,2,5,49.9,No,2024-02-02,249.5
9209,63,Basic,Instagram,Centro-Oeste,20.07,2,32,49.9,No,2024-03-06,1596.8
9210,39,Basic,LinkedIn,Nordeste,23.77,2,38,49.9,No,2023-12-04,1896.2
9211,28,Pro,Orgânico,Sudeste,13.52,0,23,49.9,No,2025-01-05,1147.7
9212,25,Basic,Google Ads,Nordeste,7.09,2,23,89.9,No,2025-12-23,2067.7000000000003
9213,56,Pro,Google Ads,Sul,12.16,2,33,89.9,No,2025-06-02,2966.7000000000003
9214,60,Basic,Indicação,Sudeste,13.12,2,6,49.9,No,2025-04-23,299.4
9215,52,Basic,Instagram,Sul,21.81,3,48,89.9,No,2023-06-27,4315.200000000001
9216,63,Pro,Orgânico,Norte,12.83,1,33,49.9,No,2024-09-03,1646.7
9217,55,Basic,Google Ads,Sudeste,25.03,1,41,199.9,No,2025-05-24,8195.9
9218,25,Pro,Orgânico,Sudeste,21.46,4,20,89.9,No,2024-12-15,1798.0
9219,54,Enterprise,Orgânico,Sudeste,26.02,0,2,89.9,No,2024-07-20,179.8
9220,44,Pro,Orgânico,Sudeste,58.7,3,20,49.9,No,2023-10-16,998.0
9221,45,Basic,Google Ads,Nordeste,38.79,0,23,199.9,No,2024-04-20,4597.7
9222,57,Enterprise,Instagram,Sudeste,12.72,2,26,89.9,No,2023-09-17,2337.4
9223,51,Basic,Orgânico,Sudeste,11.1,1,26,49.9,No,2025-09-02,1297.3999999999999
9224,49,Pro,Orgânico,Norte,18.43,3,2,49.9,Yes,2023-05-20,99.8
9225,32,Basic,Indicação,Norte,11.71,4,2,49.9,No,2023-10-29,99.8
9226,61,Basic,Instagram,Sul,26.44,3,33,89.9,No,2025-07-10,2966.7000000000003
9227,34,Enterprise,Instagram,Nordeste,21.52,2,10,49.9,No,2024-09-21,499.0
9228,50,Basic,Orgânico,Sudeste,8.08,3,28,49.9,No,2023-03-10,1397.2
9229,64,Pro,Google Ads,Centro-Oeste,14.31,1,15,49.9,No,2025-10-08,748.5
9230,63,Basic,Google Ads,Centro-Oeste,21.43,3,18,49.9,No,2023-05-19,898.1999999999999
9231,33,Pro,Google Ads,Sudeste,9.07,0,39,199.9,Yes,2023-09-09,7796.1
9232,46,Enterprise,Orgânico,Norte,21.93,3,27,49.9,No,2023-04-11,1347.3
9233,26,Basic,Google Ads,Sudeste,36.84,2,37,49.9,No,2023-08-14,1846.3
9234,50,Pro,LinkedIn,Centro-Oeste,26.74,1,39,49.9,No,2023-05-06,1946.1
9235,46,Pro,Instagram,Nordeste,9.43,4,44,49.9,No,2023-05-30,2195.6
9236,30,Enterprise,Google Ads,Sul,5.95,3,12,89.9,Yes,2025-11-04,1078.8000000000002
9237,38,Basic,Indicação,Sudeste,11.1,0,14,199.9,No,2024-04-25,2798.6
9238,38,Pro,Google Ads,Sudeste,6.06,3,31,49.9,Yes,2025-12-27,1546.8999999999999
9239,22,Basic,Instagram,Nordeste,12.54,0,9,199.9,No,2025-09-02,1799.1000000000001
9240,27,Basic,LinkedIn,Nordeste,12.17,0,46,49.9,No,2024-04-02,2295.4
9241,23,Basic,Instagram,Sudeste,6.29,2,40,89.9,No,2025-05-26,3596.0
9242,30,Pro,Instagram,Sul,11.03,2,26,49.9,No,2025-07-27,1297.3999999999999
9243,18,Enterprise,Orgânico,Sudeste,27.85,2,27,199.9,No,2023-11-28,5397.3
9244,37,Basic,Orgânico,Centro-Oeste,11.96,3,16,89.9,No,2023-07-08,1438.4
9245,64,Pro,Instagram,Centro-Oeste,28.53,4,2,199.9,No,2023-04-09,399.8
9246,63,Pro,Instagram,Sudeste,18.29,1,17,89.9,No,2024-11-18,1528.3000000000002
9247,25,Basic,Instagram,Sudeste,24.37,1,29,89.9,No,2025-01-21,2607.1000000000004
9248,27,Enterprise,Orgânico,Sudeste,10.68,1,32,89.9,No,2024-04-17,2876.8
9249,26,Basic,LinkedIn,Sul,8.68,2,25,89.9,No,2024-12-09,2247.5
9250,58,Basic,Google Ads,Sul,9.84,2,3,89.9,No,2024-09-20,269.70000000000005
9251,20,Basic,Orgânico,Sudeste,5.19,8,41,89.9,No,2025-06-03,3685.9
9252,28,Enterprise,LinkedIn,Centro-Oeste,19.22,2,38,49.9,No,2024-02-29,1896.2
9253,29,Enterprise,Instagram,Sudeste,21.34,0,35,89.9,No,2023-07-25,3146.5
9254,27,Basic,Instagram,Sudeste,20.95,2,3,199.9,No,2024-03-07,599.7
9255,42,Basic,Google Ads,Centro-Oeste,7.21,1,27,199.9,No,2023-07-17,5397.3
9256,42,Pro,Orgânico,Nordeste,31.84,3,14,49.9,No,2023-02-28,698.6
9257,28,Pro,Indicação,Sudeste,8.88,1,33,49.9,No,2025-06-18,1646.7
9258,53,Pro,Google Ads,Sudeste,24.99,2,21,199.9,No,2023-09-06,4197.900000000001
9259,56,Enterprise,LinkedIn,Norte,14.88,3,10,49.9,No,2025-02-12,499.0
9260,43,Pro,LinkedIn,Sul,29.82,2,17,49.9,No,2024-04-21,848.3
9261,31,Enterprise,Google Ads,Sudeste,8.99,4,7,89.9,No,2024-10-01,629.3000000000001
9262,56,Pro,Instagram,Norte,16.0,1,27,49.9,Yes,2023-03-24,1347.3
9263,57,Basic,Indicação,Centro-Oeste,15.76,2,31,89.9,No,2023-03-19,2786.9
9264,18,Pro,Instagram,Centro-Oeste,10.08,1,40,49.9,No,2023-04-20,1996.0
9265,21,Basic,Instagram,Sudeste,23.9,1,34,49.9,No,2025-10-19,1696.6
9266,47,Basic,Google Ads,Sul,13.65,2,24,89.9,No,2025-11-02,2157.6000000000004
9267,29,Basic,Instagram,Sudeste,6.82,0,10,49.9,No,2025-11-18,499.0
9268,52,Pro,LinkedIn,Sudeste,30.38,4,28,199.9,No,2024-05-28,5597.2
9269,30,Pro,Google Ads,Sudeste,23.6,0,42,89.9,No,2023-03-07,3775.8
9270,48,Pro,Indicação,Sudeste,18.29,4,33,49.9,No,2023-08-08,1646.7
9271,55,Basic,Instagram,Sudeste,6.51,3,47,199.9,No,2024-11-07,9395.300000000001
9272,60,Pro,Indicação,Centro-Oeste,12.52,4,13,49.9,No,2025-11-13,648.6999999999999
9273,40,Basic,Instagram,Norte,34.35,2,44,49.9,No,2023-06-26,2195.6
9274,21,Pro,LinkedIn,Nordeste,9.84,2,29,199.9,No,2024-11-30,5797.1
9275,33,Basic,Indicação,Nordeste,9.78,2,27,199.9,No,2023-12-15,5397.3
9276,24,Pro,Indicação,Sudeste,12.18,4,11,89.9,No,2024-09-21,988.9000000000001
9277,39,Pro,Orgânico,Sul,15.92,1,10,49.9,No,2024-07-03,499.0
9278,46,Pro,Google Ads,Sudeste,12.24,1,29,49.9,No,2025-01-03,1447.1
9279,28,Pro,Orgânico,Sudeste,18.32,2,44,49.9,No,2025-09-08,2195.6
9280,50,Pro,Orgânico,Centro-Oeste,13.1,2,14,89.9,No,2023-06-06,1258.6000000000001
9281,46,Basic,LinkedIn,Norte,17.38,1,21,89.9,No,2024-08-28,1887.9
9282,56,Pro,Orgânico,Nordeste,18.15,1,40,49.9,No,2025-05-10,1996.0
9283,29,Pro,Instagram,Sudeste,10.26,1,25,49.9,No,2025-07-15,1247.5
9284,24,Pro,Google Ads,Nordeste,34.17,1,7,49.9,No,2025-05-05,349.3
9285,56,Basic,Indicação,Sudeste,32.11,2,15,199.9,No,2023-06-25,2998.5
9286,59,Enterprise,Orgânico,Sudeste,25.9,3,8,89.9,No,2024-09-25,719.2
9287,43,Basic,Google Ads,Sudeste,13.12,5,37,89.9,No,2024-11-04,3326.3
9288,57,Basic,Indicação,Sudeste,13.94,2,22,89.9,No,2023-06-02,1977.8000000000002
9289,26,Enterprise,Orgânico,Nordeste,20.62,1,13,199.9,No,2023-09-11,2598.7000000000003
9290,58,Pro,Orgânico,Sudeste,15.34,0,39,199.9,No,2024-01-21,7796.1
9291,51,Basic,Instagram,Sul,17.05,2,25,199.9,No,2024-11-11,4997.5
9292,62,Enterprise,Google Ads,Sul,14.97,2,28,89.9,No,2025-08-11,2517.2000000000003
9293,30,Basic,Google Ads,Sul,14.63,1,16,49.9,No,2023-12-30,798.4
9294,53,Pro,LinkedIn,Norte,14.76,2,7,89.9,No,2023-07-24,629.3000000000001
9295,42,Pro,Orgânico,Norte,12.29,2,6,89.9,No,2025-06-30,539.4000000000001
9296,41,Pro,LinkedIn,Norte,12.1,0,15,89.9,No,2024-08-24,1348.5
9297,61,Pro,Orgânico,Sudeste,40.13,0,35,49.9,No,2025-02-10,1746.5
9298,34,Basic,Orgânico,Sudeste,12.77,4,2,89.9,No,2025-07-08,179.8
9299,19,Basic,LinkedIn,Norte,36.41,1,12,49.9,No,2023-08-17,598.8
9300,30,Pro,Google Ads,Norte,44.14,4,14,49.9,No,2025-05-20,698.6
9301,48,Basic,Instagram,Sul,21.84,2,2,49.9,No,2024-06-03,99.8
9302,46,Enterprise,Google Ads,Nordeste,35.13,1,43,89.9,No,2023-05-14,3865.7000000000003
9303,45,Pro,Instagram,Sudeste,10.79,2,34,49.9,No,2025-09-20,1696.6
9304,44,Basic,Google Ads,Norte,29.82,1,28,49.9,Yes,2023-06-14,1397.2
9305,32,Pro,Google Ads,Sul,17.56,2,5,89.9,No,2025-10-19,449.5
9306,48,Basic,Instagram,Nordeste,25.6,2,35,199.9,No,2023-04-07,6996.5
9307,57,Basic,LinkedIn,Sul,17.7,3,16,89.9,No,2024-01-19,1438.4
9308,32,Basic,Google Ads,Sudeste,5.94,0,38,49.9,Yes,2025-05-17,1896.2
9309,50,Enterprise,Indicação,Sudeste,15.69,4,42,89.9,No,2024-03-10,3775.8
9310,37,Basic,LinkedIn,Sudeste,28.18,0,35,89.9,Yes,2023-03-22,3146.5
9311,59,Basic,Indicação,Sudeste,23.96,3,46,89.9,No,2025-09-06,4135.400000000001
9312,29,Basic,Indicação,Centro-Oeste,23.24,1,44,49.9,No,2025-11-17,2195.6
9313,54,Basic,Indicação,Sul,12.39,3,44,49.9,No,2024-04-16,2195.6
9314,26,Basic,Orgânico,Centro-Oeste,8.75,3,5,89.9,Yes,2025-03-16,449.5
9315,40,Pro,Google Ads,Sul,42.36,1,46,89.9,No,2025-04-01,4135.400000000001
9316,25,Enterprise,Instagram,Sudeste,22.92,2,40,49.9,No,2024-11-06,1996.0
9317,49,Basic,Google Ads,Centro-Oeste,22.75,5,46,89.9,No,2024-12-02,4135.400000000001
9318,31,Pro,LinkedIn,Sul,31.1,5,13,89.9,Yes,2023-03-03,1168.7
9319,44,Enterprise,Instagram,Norte,18.46,3,1,49.9,No,2025-10-07,49.9
9320,42,Basic,LinkedIn,Nordeste,8.0,1,29,49.9,No,2024-01-26,1447.1
9321,30,Basic,Google Ads,Nordeste,28.33,0,2,49.9,No,2023-12-18,99.8
9322,38,Enterprise,Indicação,Sudeste,17.08,1,17,49.9,No,2025-11-15,848.3
9323,62,Pro,Indicação,Sul,30.39,0,36,89.9,Yes,2024-10-01,3236.4
9324,48,Basic,Instagram,Norte,22.12,4,38,49.9,No,2024-09-10,1896.2
9325,54,Basic,LinkedIn,Sul,18.83,0,24,89.9,No,2023-06-07,2157.6000000000004
9326,60,Basic,Orgânico,Nordeste,13.68,4,18,89.9,No,2023-06-20,1618.2
9327,22,Basic,Orgânico,Sudeste,15.69,3,8,49.9,No,2025-04-26,399.2
9328,30,Pro,Google Ads,Sudeste,15.95,5,28,89.9,No,2025-12-26,2517.2000000000003
9329,45,Pro,Orgânico,Centro-Oeste,29.74,2,4,89.9,Yes,2024-06-22,359.6
9330,60,Pro,Google Ads,Norte,14.29,1,38,49.9,No,2023-11-15,1896.2
9331,42,Basic,Instagram,Sul,25.36,2,18,89.9,No,2023-06-10,1618.2
9332,52,Basic,Google Ads,Sudeste,15.15,3,47,89.9,No,2024-07-28,4225.3
9333,64,Basic,Orgânico,Nordeste,4.37,0,8,49.9,No,2023-06-20,399.2
9334,56,Pro,Google Ads,Sudeste,12.68,1,20,89.9,No,2024-03-28,1798.0
9335,24,Pro,Google Ads,Sul,22.89,2,45,49.9,No,2023-05-08,2245.5
9336,55,Basic,Orgânico,Sul,25.32,3,35,89.9,No,2025-01-16,3146.5
9337,49,Basic,LinkedIn,Sudeste,24.15,2,17,49.9,No,2023-11-14,848.3
9338,20,Pro,Orgânico,Nordeste,7.45,4,37,49.9,No,2024-05-14,1846.3
9339,62,Pro,Google Ads,Norte,4.57,6,11,49.9,No,2024-05-13,548.9
9340,56,Basic,Instagram,Sudeste,10.49,1,48,49.9,No,2024-03-20,2395.2
9341,54,Basic,Orgânico,Sul,13.27,3,35,49.9,No,2025-04-30,1746.5
9342,39,Basic,LinkedIn,Sudeste,18.04,3,18,199.9,No,2023-08-05,3598.2000000000003
9343,25,Pro,Orgânico,Sul,21.9,2,44,199.9,No,2025-12-05,8795.6
9344,34,Pro,Orgânico,Sudeste,9.97,1,20,89.9,No,2025-06-22,1798.0
9345,44,Pro,Indicação,Centro-Oeste,20.45,3,47,89.9,No,2023-02-14,4225.3
9346,50,Enterprise,Instagram,Sudeste,21.22,0,4,49.9,No,2023-04-23,199.6
9347,63,Enterprise,Instagram,Centro-Oeste,31.38,2,26,89.9,Yes,2025-11-15,2337.4
9348,34,Basic,Google Ads,Norte,29.8,3,13,89.9,No,2025-05-17,1168.7
9349,59,Basic,Instagram,Nordeste,18.12,2,21,89.9,No,2023-01-18,1887.9
9350,29,Pro,Orgânico,Sudeste,16.94,0,40,89.9,No,2023-01-28,3596.0
9351,63,Basic,LinkedIn,Sudeste,11.67,1,24,49.9,No,2025-01-06,1197.6
9352,44,Pro,Orgânico,Sudeste,12.1,1,31,49.9,No,2025-01-09,1546.8999999999999
9353,25,Enterprise,Orgânico,Nordeste,13.94,4,46,89.9,No,2023-07-16,4135.400000000001
9354,40,Pro,Orgânico,Norte,8.44,1,36,49.9,No,2025-01-27,1796.3999999999999
9355,59,Basic,Orgânico,Nordeste,5.97,2,42,89.9,No,2023-12-22,3775.8
9356,46,Basic,Indicação,Sudeste,13.63,5,19,49.9,Yes,2025-08-04,948.1
9357,37,Basic,Orgânico,Sul,14.13,3,33,89.9,No,2024-06-23,2966.7000000000003
9358,33,Pro,Indicação,Norte,27.97,0,35,89.9,No,2025-04-28,3146.5
9359,34,Basic,Indicação,Nordeste,16.93,3,23,49.9,No,2023-07-04,1147.7
9360,33,Basic,Indicação,Nordeste,10.33,1,6,89.9,No,2023-05-08,539.4000000000001
9361,36,Basic,Indicação,Sudeste,22.69,0,44,49.9,No,2025-03-31,2195.6
9362,25,Enterprise,Instagram,Sudeste,15.26,2,26,49.9,No,2023-10-02,1297.3999999999999
9363,55,Pro,Instagram,Sul,8.07,1,1,49.9,No,2025-04-02,49.9
9364,55,Enterprise,Instagram,Norte,19.6,2,12,199.9,No,2025-09-19,2398.8
9365,46,Pro,Google Ads,Norte,19.12,2,10,89.9,No,2024-05-25,899.0
9366,58,Pro,LinkedIn,Sudeste,22.3,3,26,89.9,No,2025-03-04,2337.4
9367,53,Basic,Orgânico,Centro-Oeste,7.39,3,27,89.9,No,2023-02-09,2427.3
9368,43,Basic,Indicação,Sudeste,22.03,2,37,89.9,No,2023-04-01,3326.3
9369,48,Pro,Google Ads,Sudeste,42.34,1,41,89.9,No,2024-08-05,3685.9
9370,61,Enterprise,Orgânico,Sudeste,47.05,6,40,89.9,No,2023-01-09,3596.0
9371,29,Basic,Orgânico,Sudeste,34.73,0,27,49.9,No,2025-05-20,1347.3
9372,34,Basic,Orgânico,Sudeste,15.08,1,1,89.9,No,2025-12-04,89.9
9373,32,Pro,Indicação,Sudeste,27.24,1,48,49.9,No,2025-01-28,2395.2
9374,26,Basic,Google Ads,Nordeste,4.36,1,14,49.9,No,2024-05-20,698.6
9375,56,Pro,Instagram,Sudeste,10.05,3,37,199.9,No,2025-10-24,7396.3
9376,59,Basic,LinkedIn,Nordeste,19.3,1,14,89.9,No,2025-05-18,1258.6000000000001
9377,29,Basic,Google Ads,Sudeste,24.54,2,32,89.9,No,2023-11-23,2876.8
9378,49,Basic,Google Ads,Nordeste,13.52,1,32,89.9,No,2025-06-16,2876.8
9379,42,Pro,Orgânico,Norte,13.25,2,19,89.9,No,2023-11-08,1708.1000000000001
9380,56,Pro,Indicação,Sul,12.76,3,8,89.9,No,2024-01-17,719.2
9381,35,Basic,Instagram,Sudeste,45.52,6,35,199.9,No,2025-07-11,6996.5
9382,32,Enterprise,Instagram,Sul,16.19,0,14,199.9,No,2025-01-05,2798.6
9383,49,Basic,Instagram,Sudeste,24.65,1,5,89.9,No,2023-11-09,449.5
9384,23,Basic,Google Ads,Sudeste,23.02,1,31,49.9,No,2024-11-12,1546.8999999999999
9385,61,Pro,Indicação,Sudeste,12.65,2,32,89.9,No,2024-03-02,2876.8
9386,60,Basic,Google Ads,Nordeste,18.37,1,24,89.9,No,2024-06-19,2157.6000000000004
9387,52,Pro,Orgânico,Sudeste,16.35,1,22,89.9,No,2024-07-20,1977.8000000000002
9388,51,Enterprise,Orgânico,Sudeste,23.75,2,21,49.9,No,2023-07-13,1047.8999999999999
9389,55,Pro,Indicação,Sudeste,37.86,4,33,89.9,No,2025-02-11,2966.7000000000003
9390,22,Pro,Orgânico,Sul,15.15,2,15,199.9,No,2023-03-25,2998.5
9391,35,Pro,Google Ads,Centro-Oeste,16.25,0,48,49.9,No,2024-02-05,2395.2
9392,33,Basic,LinkedIn,Sul,21.74,3,15,49.9,Yes,2024-06-28,748.5
9393,25,Basic,Indicação,Norte,20.52,0,3,199.9,No,2025-04-20,599.7
9394,42,Basic,Indicação,Sudeste,19.74,4,30,89.9,No,2023-05-17,2697.0
9395,49,Enterprise,Google Ads,Sudeste,16.98,2,41,49.9,No,2025-09-04,2045.8999999999999
9396,43,Basic,Instagram,Sul,28.61,5,18,49.9,No,2025-06-22,898.1999999999999
9397,39,Pro,Instagram,Sudeste,28.63,2,41,199.9,No,2024-09-22,8195.9
9398,48,Enterprise,LinkedIn,Nordeste,22.09,5,8,89.9,No,2025-06-23,719.2
9399,60,Pro,Orgânico,Norte,33.25,3,19,89.9,No,2023-11-11,1708.1000000000001
9400,27,Enterprise,LinkedIn,Sul,6.86,6,48,89.9,No,2023-11-25,4315.200000000001
9401,29,Pro,Orgânico,Nordeste,34.97,4,27,89.9,No,2024-12-08,2427.3
9402,45,Basic,Google Ads,Sudeste,36.64,1,5,89.9,No,2024-04-07,449.5
9403,23,Pro,Orgânico,Sudeste,10.82,2,45,199.9,No,2023-01-15,8995.5
9404,37,Basic,LinkedIn,Sudeste,22.83,3,26,49.9,No,2024-06-12,1297.3999999999999
9405,22,Basic,Google Ads,Norte,16.0,3,14,89.9,No,2023-02-07,1258.6000000000001
9406,40,Pro,Indicação,Sudeste,27.79,1,41,89.9,No,2023-12-23,3685.9
9407,26,Pro,LinkedIn,Sul,36.39,1,1,49.9,No,2024-12-01,49.9
9408,46,Enterprise,Google Ads,Sudeste,44.34,1,32,89.9,No,2024-10-22,2876.8
9409,33,Enterprise,Orgânico,Nordeste,23.98,3,27,49.9,Yes,2024-05-25,1347.3
9410,63,Enterprise,Orgânico,Centro-Oeste,20.29,3,18,49.9,Yes,2025-12-13,898.1999999999999
9411,39,Basic,Instagram,Sudeste,23.8,3,18,49.9,No,2023-08-19,898.1999999999999
9412,25,Pro,LinkedIn,Norte,9.78,2,41,49.9,No,2023-01-18,2045.8999999999999
9413,37,Pro,Google Ads,Norte,29.45,2,43,89.9,No,2025-12-23,3865.7000000000003
9414,31,Enterprise,Orgânico,Nordeste,25.92,2,11,49.9,Yes,2023-08-21,548.9
9415,56,Basic,Instagram,Nordeste,22.35,1,6,89.9,No,2023-03-01,539.4000000000001
9416,54,Basic,Google Ads,Nordeste,10.66,1,29,89.9,No,2023-01-07,2607.1000000000004
9417,51,Enterprise,LinkedIn,Sudeste,14.68,3,36,89.9,No,2024-11-08,3236.4
9418,28,Basic,Google Ads,Sudeste,15.5,3,5,89.9,No,2023-11-24,449.5
9419,57,Pro,Instagram,Sudeste,14.14,2,47,89.9,No,2023-04-09,4225.3
9420,50,Basic,Google Ads,Norte,25.0,1,34,89.9,No,2023-11-20,3056.6000000000004
9421,48,Basic,Google Ads,Nordeste,15.1,1,15,89.9,No,2023-04-17,1348.5
9422,61,Pro,Google Ads,Sul,11.46,0,9,49.9,No,2024-06-16,449.09999999999997
9423,51,Basic,Orgânico,Sul,32.44,0,33,199.9,Yes,2024-02-25,6596.7
9424,24,Pro,Orgânico,Nordeste,40.95,4,17,199.9,No,2025-10-10,3398.3
9425,40,Basic,LinkedIn,Centro-Oeste,6.75,1,37,89.9,No,2024-12-19,3326.3
9426,63,Basic,Indicação,Sudeste,8.94,1,11,199.9,No,2023-02-27,2198.9
9427,24,Basic,Indicação,Sudeste,11.18,6,42,49.9,No,2024-03-01,2095.7999999999997
9428,42,Pro,Instagram,Sudeste,16.55,0,38,49.9,No,2023-11-21,1896.2
9429,20,Basic,Instagram,Norte,50.81,1,41,199.9,No,2025-03-11,8195.9
9430,55,Pro,Indicação,Nordeste,14.8,4,30,49.9,No,2025-06-18,1497.0
9431,37,Pro,Instagram,Norte,14.81,0,13,89.9,No,2024-08-03,1168.7
9432,51,Pro,LinkedIn,Sudeste,14.23,3,11,49.9,No,2024-07-18,548.9
9433,61,Pro,LinkedIn,Nordeste,15.71,1,7,89.9,No,2025-12-26,629.3000000000001
9434,61,Basic,LinkedIn,Sudeste,18.36,2,42,49.9,No,2025-10-16,2095.7999999999997
9435,47,Basic,Orgânico,Sudeste,30.92,1,45,49.9,No,2025-12-29,2245.5
9436,34,Pro,Indicação,Sudeste,32.77,3,21,89.9,No,2025-09-11,1887.9
9437,27,Basic,Orgânico,Norte,23.53,3,7,49.9,No,2024-06-03,349.3
9438,52,Enterprise,Orgânico,Centro-Oeste,13.24,3,22,49.9,No,2025-08-06,1097.8
9439,37,Pro,Google Ads,Sudeste,28.02,2,32,89.9,No,2024-05-14,2876.8
9440,35,Basic,Indicação,Norte,33.68,2,4,89.9,No,2025-11-15,359.6
9441,62,Pro,Indicação,Sudeste,11.29,1,15,89.9,No,2024-08-30,1348.5
9442,61,Enterprise,Indicação,Nordeste,28.47,4,39,89.9,No,2023-06-01,3506.1000000000004
9443,44,Basic,LinkedIn,Nordeste,16.93,0,46,49.9,No,2025-11-13,2295.4
9444,53,Pro,Google Ads,Nordeste,10.5,2,21,49.9,No,2025-12-06,1047.8999999999999
9445,40,Basic,Orgânico,Centro-Oeste,26.76,1,37,89.9,No,2023-03-14,3326.3
9446,49,Pro,Orgânico,Sul,37.51,1,41,49.9,No,2023-11-10,2045.8999999999999
9447,27,Enterprise,LinkedIn,Norte,32.57,2,41,89.9,No,2024-11-21,3685.9
9448,28,Pro,Google Ads,Sudeste,4.45,2,38,89.9,No,2025-11-04,3416.2000000000003
9449,55,Pro,Orgânico,Sudeste,43.18,6,41,49.9,No,2024-10-30,2045.8999999999999
9450,23,Enterprise,Instagram,Sudeste,24.55,2,28,49.9,No,2025-04-21,1397.2
9451,58,Pro,Instagram,Sudeste,4.68,1,43,49.9,No,2025-01-22,2145.7
9452,64,Pro,Indicação,Sudeste,6.55,3,6,199.9,No,2023-07-24,1199.4
9453,51,Pro,Orgânico,Nordeste,14.84,3,2,199.9,No,2025-04-25,399.8
9454,53,Pro,Google Ads,Sudeste,11.59,2,31,89.9,No,2025-01-26,2786.9
9455,54,Pro,Orgânico,Sul,22.91,2,27,89.9,No,2023-12-02,2427.3
9456,34,Enterprise,Indicação,Centro-Oeste,16.85,2,9,199.9,No,2025-04-06,1799.1000000000001
9457,57,Pro,LinkedIn,Nordeste,19.39,3,1,89.9,Yes,2024-08-02,89.9
9458,57,Pro,Instagram,Sudeste,28.62,3,15,49.9,No,2023-12-26,748.5
9459,29,Basic,Google Ads,Centro-Oeste,37.5,1,23,49.9,No,2024-06-03,1147.7
9460,38,Pro,Google Ads,Sul,20.17,2,17,49.9,No,2023-04-10,848.3
9461,57,Pro,Google Ads,Sudeste,17.13,0,7,89.9,No,2023-01-15,629.3000000000001
9462,36,Pro,Google Ads,Sudeste,18.31,3,40,49.9,No,2025-08-27,1996.0
9463,20,Basic,Instagram,Nordeste,14.51,3,3,89.9,No,2023-08-30,269.70000000000005
9464,35,Enterprise,Google Ads,Sudeste,21.2,0,34,199.9,No,2024-09-06,6796.6
9465,36,Basic,Instagram,Sudeste,36.78,2,19,199.9,No,2024-01-22,3798.1
9466,64,Basic,Instagram,Centro-Oeste,27.79,5,30,89.9,No,2023-02-22,2697.0
9467,23,Pro,Instagram,Centro-Oeste,48.39,1,10,49.9,Yes,2024-03-14,499.0
9468,33,Pro,Indicação,Sudeste,25.6,5,42,49.9,No,2023-05-06,2095.7999999999997
9469,25,Basic,LinkedIn,Sudeste,33.15,0,39,199.9,No,2024-01-31,7796.1
9470,35,Pro,Google Ads,Centro-Oeste,16.62,2,48,49.9,No,2024-09-02,2395.2
9471,60,Basic,Google Ads,Nordeste,11.21,2,47,49.9,No,2023-04-29,2345.2999999999997
9472,56,Basic,Indicação,Sudeste,21.89,0,18,89.9,No,2023-10-18,1618.2
9473,29,Basic,Instagram,Sudeste,15.34,3,23,89.9,No,2024-02-07,2067.7000000000003
9474,62,Enterprise,Orgânico,Centro-Oeste,17.14,2,23,199.9,No,2023-05-28,4597.7
9475,27,Basic,Indicação,Nordeste,4.98,4,4,89.9,Yes,2025-10-10,359.6
9476,24,Basic,Instagram,Nordeste,16.51,4,42,49.9,No,2024-10-29,2095.7999999999997
9477,63,Pro,LinkedIn,Centro-Oeste,13.61,3,35,89.9,No,2023-05-25,3146.5
9478,18,Basic,Indicação,Sudeste,35.15,2,9,49.9,No,2024-03-28,449.09999999999997
9479,53,Pro,Google Ads,Centro-Oeste,15.6,1,11,49.9,No,2025-07-23,548.9
9480,38,Enterprise,Google Ads,Sul,8.92,2,1,89.9,Yes,2023-07-23,89.9
9481,54,Pro,LinkedIn,Sudeste,12.75,1,10,49.9,No,2023-07-18,499.0
9482,41,Basic,Orgânico,Norte,13.81,1,47,49.9,No,2025-06-26,2345.2999999999997
9483,42,Pro,Instagram,Norte,16.87,2,31,89.9,No,2024-05-05,2786.9
9484,24,Pro,Instagram,Nordeste,16.66,3,14,89.9,No,2025-11-13,1258.6000000000001
9485,59,Basic,Google Ads,Sudeste,11.08,5,28,89.9,No,2024-08-19,2517.2000000000003
9486,34,Basic,LinkedIn,Centro-Oeste,15.43,1,47,89.9,Yes,2025-08-17,4225.3
9487,46,Pro,Indicação,Centro-Oeste,5.49,1,36,49.9,No,2023-02-14,1796.3999999999999
9488,47,Basic,Instagram,Sudeste,7.89,2,24,89.9,No,2024-10-29,2157.6000000000004
9489,24,Enterprise,Orgânico,Nordeste,13.43,2,28,89.9,No,2025-01-07,2517.2000000000003
9490,50,Pro,Instagram,Sul,6.4,4,4,49.9,No,2023-02-06,199.6
9491,24,Basic,Indicação,Sudeste,10.92,3,14,49.9,No,2024-12-10,698.6
9492,41,Basic,Instagram,Nordeste,21.37,1,5,89.9,Yes,2024-01-10,449.5
9493,28,Enterprise,Orgânico,Norte,14.27,1,32,199.9,No,2025-06-18,6396.8
9494,26,Basic,Orgânico,Nordeste,13.29,2,17,89.9,No,2023-04-14,1528.3000000000002
9495,29,Pro,Orgânico,Nordeste,13.09,3,34,49.9,No,2025-12-17,1696.6
9496,52,Basic,Google Ads,Sudeste,16.16,3,37,89.9,No,2025-04-09,3326.3
9497,21,Enterprise,Indicação,Sudeste,20.06,2,26,89.9,No,2023-09-26,2337.4
9498,53,Pro,LinkedIn,Sul,34.16,0,31,49.9,No,2023-11-13,1546.8999999999999
9499,45,Basic,Orgânico,Centro-Oeste,54.36,1,28,89.9,No,2025-01-07,2517.2000000000003
9500,30,Basic,Instagram,Sudeste,23.65,2,28,49.9,No,2025-09-11,1397.2
9501,40,Pro,Orgânico,Sudeste,33.53,1,29,89.9,No,2024-04-15,2607.1000000000004
9502,36,Enterprise,Instagram,Norte,29.64,3,36,89.9,No,2024-06-01,3236.4
9503,59,Basic,Instagram,Sudeste,8.5,1,26,49.9,No,2024-06-13,1297.3999999999999
9504,54,Pro,Google Ads,Sudeste,24.43,0,22,89.9,No,2023-10-23,1977.8000000000002
9505,56,Basic,Google Ads,Sudeste,29.3,3,35,49.9,No,2024-06-29,1746.5
9506,41,Enterprise,Google Ads,Sul,30.03,2,28,89.9,No,2024-04-07,2517.2000000000003
9507,33,Pro,Google Ads,Sudeste,6.74,4,44,49.9,Yes,2025-12-11,2195.6
9508,50,Basic,Google Ads,Nordeste,14.68,0,22,89.9,No,2024-07-30,1977.8000000000002
9509,29,Basic,Orgânico,Sudeste,21.94,3,35,49.9,No,2025-12-03,1746.5
9510,51,Basic,LinkedIn,Nordeste,21.55,1,18,49.9,No,2024-12-29,898.1999999999999
9511,24,Pro,Orgânico,Sudeste,16.55,1,5,89.9,No,2024-04-04,449.5
9512,28,Basic,Indicação,Sudeste,26.81,1,29,89.9,No,2024-10-12,2607.1000000000004
9513,48,Basic,Orgânico,Centro-Oeste,11.9,1,11,89.9,No,2023-01-05,988.9000000000001
9514,46,Enterprise,LinkedIn,Sudeste,24.07,2,24,199.9,No,2025-08-14,4797.6
9515,30,Pro,Google Ads,Sudeste,12.65,2,38,89.9,No,2024-10-08,3416.2000000000003
9516,48,Pro,Indicação,Sudeste,33.23,1,45,49.9,No,2024-03-18,2245.5
9517,19,Basic,Indicação,Sul,13.05,1,44,49.9,No,2023-10-20,2195.6
9518,56,Basic,Indicação,Nordeste,11.19,2,25,49.9,No,2024-03-20,1247.5
9519,32,Basic,Orgânico,Sul,12.39,5,16,49.9,Yes,2024-05-15,798.4
9520,28,Pro,Indicação,Sul,14.32,3,20,89.9,No,2023-06-10,1798.0
9521,51,Pro,Instagram,Sudeste,13.45,1,13,199.9,No,2023-08-27,2598.7000000000003
9522,56,Enterprise,Orgânico,Sudeste,33.75,1,35,49.9,No,2025-09-26,1746.5
9523,21,Basic,Indicação,Sudeste,8.87,2,12,89.9,No,2023-05-25,1078.8000000000002
9524,28,Basic,Google Ads,Sudeste,15.39,3,4,49.9,No,2023-11-29,199.6
9525,46,Enterprise,LinkedIn,Sul,21.63,1,36,49.9,No,2025-10-23,1796.3999999999999
9526,19,Basic,Indicação,Sudeste,14.83,1,30,49.9,No,2023-06-14,1497.0
9527,33,Basic,LinkedIn,Sul,32.47,0,29,89.9,No,2023-06-23,2607.1000000000004
9528,56,Basic,Orgânico,Sudeste,18.57,1,18,49.9,No,2025-08-23,898.1999999999999
9529,30,Pro,Google Ads,Nordeste,13.17,2,41,199.9,No,2024-11-04,8195.9
9530,54,Pro,Indicação,Sudeste,21.56,1,29,49.9,No,2025-05-16,1447.1
9531,34,Basic,Orgânico,Sudeste,8.99,2,9,49.9,No,2024-07-04,449.09999999999997
9532,38,Basic,Indicação,Sudeste,10.85,2,10,89.9,No,2025-07-12,899.0
9533,61,Pro,Instagram,Norte,19.82,3,10,49.9,No,2024-02-27,499.0
9534,36,Enterprise,Instagram,Nordeste,20.78,1,8,199.9,No,2024-12-06,1599.2
9535,24,Basic,LinkedIn,Nordeste,13.72,0,19,49.9,No,2023-06-16,948.1
9536,55,Enterprise,Instagram,Sul,7.0,1,44,89.9,No,2024-09-16,3955.6000000000004
9537,25,Basic,Orgânico,Sul,18.22,1,44,89.9,No,2023-08-05,3955.6000000000004
9538,30,Basic,Google Ads,Nordeste,14.68,3,34,89.9,No,2024-08-25,3056.6000000000004
9539,54,Basic,Indicação,Sudeste,23.5,1,3,49.9,No,2024-01-16,149.7
9540,19,Basic,Google Ads,Sudeste,13.53,1,23,49.9,No,2025-03-12,1147.7
9541,58,Basic,LinkedIn,Sudeste,13.52,2,47,49.9,No,2023-09-06,2345.2999999999997
9542,28,Enterprise,Indicação,Sudeste,36.62,1,2,49.9,No,2024-02-16,99.8
9543,41,Basic,Google Ads,Sul,11.8,1,46,49.9,No,2024-05-05,2295.4
9544,23,Basic,Indicação,Sudeste,18.2,1,15,89.9,No,2023-03-03,1348.5
9545,43,Basic,Google Ads,Nordeste,11.37,1,35,89.9,No,2024-07-11,3146.5
9546,24,Pro,Indicação,Sul,39.71,1,48,49.9,No,2025-05-10,2395.2
9547,56,Enterprise,LinkedIn,Sudeste,27.9,3,7,49.9,No,2025-03-30,349.3
9548,36,Basic,Instagram,Centro-Oeste,44.21,4,35,89.9,No,2025-05-20,3146.5
9549,23,Basic,Google Ads,Sudeste,18.28,1,35,89.9,No,2025-10-12,3146.5
9550,60,Basic,Indicação,Nordeste,11.86,6,5,49.9,Yes,2025-01-11,249.5
9551,46,Pro,Instagram,Nordeste,14.71,1,19,89.9,No,2023-05-31,1708.1000000000001
9552,60,Basic,Google Ads,Sul,21.25,3,31,89.9,No,2023-11-17,2786.9
9553,56,Pro,Orgânico,Sudeste,18.16,1,2,199.9,No,2025-04-14,399.8
9554,19,Pro,Google Ads,Nordeste,15.03,1,34,89.9,No,2024-10-29,3056.6000000000004
9555,36,Pro,Indicação,Sudeste,8.36,2,44,89.9,No,2023-08-13,3955.6000000000004
9556,21,Basic,LinkedIn,Sul,20.05,0,46,89.9,No,2024-02-20,4135.400000000001
9557,23,Basic,Google Ads,Sudeste,6.31,2,13,49.9,No,2024-01-10,648.6999999999999
9558,54,Pro,Google Ads,Nordeste,10.91,1,35,49.9,No,2024-11-17,1746.5
9559,45,Pro,LinkedIn,Norte,22.13,3,34,89.9,No,2023-09-10,3056.6000000000004
9560,47,Basic,Google Ads,Sudeste,41.7,3,14,49.9,No,2025-06-05,698.6
9561,24,Pro,Google Ads,Sudeste,16.23,2,35,49.9,No,2024-05-25,1746.5
9562,26,Pro,Indicação,Sudeste,9.14,1,37,89.9,No,2025-01-06,3326.3
9563,42,Basic,LinkedIn,Sudeste,11.5,2,26,49.9,No,2025-08-20,1297.3999999999999
9564,50,Basic,Instagram,Sudeste,21.61,1,44,89.9,No,2023-06-11,3955.6000000000004
9565,18,Enterprise,LinkedIn,Sudeste,7.1,3,42,49.9,No,2024-12-13,2095.7999999999997
9566,23,Basic,LinkedIn,Nordeste,22.04,2,7,49.9,No,2025-06-19,349.3
9567,35,Enterprise,LinkedIn,Sudeste,33.62,1,36,49.9,No,2024-07-18,1796.3999999999999
9568,27,Basic,Indicação,Norte,26.13,1,39,89.9,No,2023-10-18,3506.1000000000004
9569,45,Basic,Orgânico,Sudeste,14.45,2,21,89.9,No,2025-10-19,1887.9
9570,28,Pro,Instagram,Sudeste,4.46,3,15,89.9,No,2024-06-08,1348.5
9571,50,Basic,Instagram,Nordeste,21.82,1,13,49.9,No,2025-10-19,648.6999999999999
9572,18,Basic,Google Ads,Sudeste,19.38,1,20,89.9,No,2024-09-10,1798.0
9573,30,Basic,Google Ads,Sudeste,16.82,5,34,89.9,Yes,2024-06-19,3056.6000000000004
9574,54,Enterprise,Google Ads,Sul,34.03,3,26,49.9,No,2024-05-17,1297.3999999999999
9575,37,Pro,Instagram,Norte,50.6,1,4,49.9,Yes,2024-06-06,199.6
9576,18,Basic,Indicação,Sudeste,11.88,4,34,89.9,No,2025-05-14,3056.6000000000004
9577,20,Basic,Google Ads,Sul,32.34,5,20,199.9,No,2023-03-06,3998.0
9578,35,Pro,Indicação,Nordeste,32.95,4,19,89.9,No,2023-06-02,1708.1000000000001
9579,58,Basic,Instagram,Sudeste,13.35,2,37,49.9,No,2023-09-03,1846.3
9580,31,Basic,Orgânico,Sul,27.82,0,31,89.9,No,2023-01-18,2786.9
9581,48,Basic,LinkedIn,Sudeste,20.23,1,19,49.9,No,2025-12-03,948.1
9582,44,Pro,Orgânico,Sudeste,13.63,3,43,49.9,Yes,2024-07-23,2145.7
9583,34,Basic,Orgânico,Sul,16.41,3,2,49.9,Yes,2024-07-19,99.8
9584,63,Pro,Orgânico,Sudeste,12.54,2,26,49.9,No,2024-10-15,1297.3999999999999
9585,46,Pro,LinkedIn,Sudeste,28.53,3,22,49.9,No,2023-04-19,1097.8
9586,53,Enterprise,Instagram,Centro-Oeste,19.86,3,17,199.9,No,2025-12-03,3398.3
9587,54,Pro,LinkedIn,Sul,31.49,1,24,49.9,No,2023-06-04,1197.6
9588,43,Basic,Instagram,Sul,19.2,0,12,89.9,Yes,2023-03-05,1078.8000000000002
9589,34,Pro,Google Ads,Norte,11.2,2,22,89.9,No,2023-08-11,1977.8000000000002
9590,39,Enterprise,Instagram,Sudeste,16.78,0,40,49.9,No,2025-03-21,1996.0
9591,42,Pro,Google Ads,Sudeste,4.5,0,20,89.9,No,2024-07-19,1798.0
9592,19,Basic,Instagram,Nordeste,48.77,1,3,49.9,No,2025-03-10,149.7
9593,39,Basic,Google Ads,Nordeste,20.25,2,15,89.9,No,2024-09-01,1348.5
9594,22,Enterprise,Instagram,Sudeste,9.88,2,43,49.9,No,2024-05-19,2145.7
9595,21,Basic,Google Ads,Nordeste,30.91,2,14,199.9,No,2023-02-03,2798.6
9596,53,Basic,Instagram,Centro-Oeste,14.12,3,48,199.9,Yes,2024-04-22,9595.2
9597,23,Pro,Orgânico,Nordeste,12.61,2,10,49.9,No,2023-06-01,499.0
9598,38,Pro,Instagram,Nordeste,9.53,0,20,49.9,No,2025-07-17,998.0
9599,30,Basic,Orgânico,Centro-Oeste,8.4,4,23,89.9,No,2025-02-03,2067.7000000000003
9600,54,Pro,Google Ads,Norte,15.85,3,9,49.9,No,2025-03-19,449.09999999999997
9601,42,Pro,Orgânico,Nordeste,27.1,1,39,89.9,No,2023-12-22,3506.1000000000004
9602,43,Pro,Google Ads,Sudeste,37.65,2,10,89.9,No,2025-11-30,899.0
9603,56,Pro,Orgânico,Norte,11.94,0,40,199.9,No,2025-10-26,7996.0
9604,37,Pro,Google Ads,Sudeste,7.58,1,3,49.9,No,2025-05-05,149.7
9605,50,Enterprise,Indicação,Nordeste,10.44,3,12,49.9,No,2024-06-19,598.8
9606,31,Pro,Google Ads,Nordeste,32.85,4,20,49.9,No,2023-12-12,998.0
9607,53,Enterprise,Indicação,Sudeste,14.87,3,25,89.9,No,2023-09-06,2247.5
9608,34,Basic,Google Ads,Sul,9.45,0,25,49.9,No,2023-11-03,1247.5
9609,38,Basic,Indicação,Norte,27.88,3,28,89.9,Yes,2023-08-06,2517.2000000000003
9610,63,Basic,Indicação,Sul,11.58,5,16,49.9,No,2024-11-02,798.4
9611,33,Pro,Orgânico,Sudeste,6.97,2,40,199.9,No,2023-05-29,7996.0
9612,63,Enterprise,Indicação,Sudeste,26.84,3,21,49.9,No,2023-03-02,1047.8999999999999
9613,33,Basic,Instagram,Sul,37.68,1,7,199.9,No,2023-10-01,1399.3
9614,37,Basic,Google Ads,Nordeste,11.39,3,12,89.9,No,2025-02-24,1078.8000000000002
9615,46,Basic,Indicação,Sudeste,6.49,4,48,199.9,Yes,2024-03-03,9595.2
9616,45,Basic,Google Ads,Norte,22.16,1,42,89.9,No,2025-04-08,3775.8
9617,25,Basic,Orgânico,Norte,18.36,5,35,49.9,No,2024-07-12,1746.5
9618,41,Basic,Google Ads,Centro-Oeste,8.79,1,18,49.9,No,2024-11-19,898.1999999999999
9619,20,Pro,LinkedIn,Centro-Oeste,36.72,2,18,49.9,No,2025-09-02,898.1999999999999
9620,42,Basic,LinkedIn,Sudeste,9.07,3,11,199.9,No,2025-05-25,2198.9
9621,36,Pro,Instagram,Sudeste,19.45,1,32,89.9,No,2023-07-06,2876.8
9622,50,Pro,Indicação,Sudeste,17.36,4,33,89.9,No,2024-05-14,2966.7000000000003
9623,19,Pro,Instagram,Nordeste,5.84,0,47,49.9,No,2023-02-02,2345.2999999999997
9624,32,Basic,Google Ads,Sudeste,20.66,1,45,49.9,No,2023-09-10,2245.5
9625,39,Enterprise,Orgânico,Nordeste,3.2,3,33,89.9,No,2024-04-29,2966.7000000000003
9626,27,Pro,Instagram,Sudeste,8.23,1,15,89.9,No,2024-05-01,1348.5
9627,35,Basic,Indicação,Sudeste,28.45,4,18,89.9,No,2023-10-29,1618.2
9628,39,Basic,LinkedIn,Sul,21.37,2,22,89.9,Yes,2025-06-23,1977.8000000000002
9629,63,Basic,Indicação,Sudeste,24.84,4,6,89.9,No,2023-04-23,539.4000000000001
9630,44,Pro,Google Ads,Nordeste,17.28,0,22,89.9,No,2024-04-30,1977.8000000000002
9631,30,Pro,LinkedIn,Nordeste,32.38,1,6,89.9,No,2023-01-04,539.4000000000001
9632,50,Basic,Instagram,Nordeste,15.14,2,15,89.9,No,2023-02-13,1348.5
9633,22,Basic,LinkedIn,Nordeste,14.93,1,38,89.9,Yes,2023-06-18,3416.2000000000003
9634,43,Enterprise,Orgânico,Sul,20.62,1,30,199.9,No,2024-08-19,5997.0
9635,30,Enterprise,Google Ads,Sudeste,12.27,0,30,199.9,No,2025-10-15,5997.0
9636,44,Pro,Orgânico,Sudeste,18.86,0,46,89.9,No,2024-01-16,4135.400000000001
9637,31,Pro,Instagram,Sudeste,7.36,0,46,89.9,No,2023-03-29,4135.400000000001
9638,41,Pro,Instagram,Sul,47.14,2,32,89.9,No,2023-05-28,2876.8
9639,20,Pro,Instagram,Sudeste,13.96,1,20,89.9,No,2023-01-31,1798.0
9640,64,Basic,Instagram,Nordeste,20.79,2,17,49.9,No,2025-06-02,848.3
9641,47,Basic,Instagram,Sudeste,17.87,2,29,89.9,No,2024-12-20,2607.1000000000004
9642,52,Pro,Instagram,Sudeste,6.81,4,11,199.9,No,2025-12-07,2198.9
9643,31,Basic,Indicação,Sudeste,7.99,3,43,89.9,Yes,2023-05-24,3865.7000000000003
9644,29,Basic,Google Ads,Sudeste,27.55,4,20,49.9,No,2023-07-17,998.0
9645,45,Pro,Instagram,Sudeste,9.67,2,41,89.9,No,2024-05-02,3685.9
9646,61,Pro,Instagram,Sul,8.18,3,20,49.9,No,2025-04-27,998.0
9647,46,Enterprise,Orgânico,Norte,30.11,4,8,89.9,No,2025-01-30,719.2
9648,60,Pro,Google Ads,Sudeste,17.71,2,17,89.9,No,2023-06-16,1528.3000000000002
9649,34,Enterprise,Orgânico,Nordeste,6.62,1,12,89.9,Yes,2024-02-03,1078.8000000000002
9650,57,Basic,Google Ads,Centro-Oeste,11.45,2,32,49.9,No,2025-02-10,1596.8
9651,38,Pro,Instagram,Sudeste,2.36,0,22,49.9,No,2025-04-25,1097.8
9652,40,Basic,Google Ads,Norte,7.36,2,27,49.9,No,2024-01-19,1347.3
9653,37,Basic,Instagram,Sudeste,29.09,3,37,199.9,No,2024-06-15,7396.3
9654,28,Basic,Orgânico,Sul,21.09,3,47,49.9,No,2023-01-04,2345.2999999999997
9655,51,Pro,LinkedIn,Sudeste,8.19,1,26,89.9,No,2025-01-07,2337.4
9656,27,Basic,Google Ads,Nordeste,12.97,0,31,89.9,No,2023-12-04,2786.9
9657,27,Pro,Google Ads,Sul,17.56,2,29,89.9,No,2024-01-05,2607.1000000000004
9658,60,Basic,Google Ads,Sudeste,14.25,2,31,199.9,No,2024-11-18,6196.900000000001
9659,23,Basic,Orgânico,Sudeste,12.98,8,24,89.9,No,2023-07-02,2157.6000000000004
9660,53,Pro,Orgânico,Nordeste,36.43,2,4,49.9,No,2025-01-20,199.6
9661,41,Enterprise,Instagram,Sudeste,22.72,1,46,89.9,No,2024-08-05,4135.400000000001
9662,29,Basic,LinkedIn,Sudeste,16.49,1,14,49.9,No,2024-07-19,698.6
9663,60,Pro,Orgânico,Sudeste,10.42,0,13,199.9,No,2025-11-13,2598.7000000000003
9664,40,Enterprise,LinkedIn,Sul,40.03,1,23,49.9,No,2025-06-25,1147.7
9665,44,Pro,Orgânico,Nordeste,35.51,1,8,89.9,No,2024-02-04,719.2
9666,62,Pro,LinkedIn,Sudeste,19.33,1,13,49.9,No,2025-12-24,648.6999999999999
9667,54,Basic,Google Ads,Nordeste,32.12,1,1,199.9,No,2025-09-14,199.9
9668,23,Pro,Indicação,Centro-Oeste,23.12,2,27,199.9,No,2023-09-03,5397.3
9669,18,Basic,LinkedIn,Sul,19.61,2,17,49.9,No,2024-09-04,848.3
9670,23,Pro,Indicação,Sudeste,21.06,3,41,49.9,No,2025-11-23,2045.8999999999999
9671,39,Pro,Google Ads,Norte,13.2,2,9,89.9,No,2023-10-11,809.1
9672,58,Pro,Indicação,Sudeste,26.73,0,27,89.9,No,2024-12-13,2427.3
9673,41,Basic,Instagram,Sudeste,15.55,3,26,89.9,Yes,2025-09-17,2337.4
9674,42,Enterprise,Instagram,Centro-Oeste,22.84,2,21,49.9,No,2025-04-17,1047.8999999999999
9675,32,Pro,Indicação,Sudeste,13.35,4,43,89.9,No,2024-07-25,3865.7000000000003
9676,43,Enterprise,LinkedIn,Nordeste,13.06,3,46,49.9,No,2025-04-05,2295.4
9677,25,Pro,Indicação,Centro-Oeste,15.7,0,48,89.9,No,2024-02-28,4315.200000000001
9678,41,Basic,Orgânico,Sudeste,24.75,2,4,49.9,No,2025-01-05,199.6
9679,55,Pro,Indicação,Sudeste,11.08,2,14,89.9,No,2025-06-19,1258.6000000000001
9680,23,Pro,Indicação,Norte,14.02,3,42,89.9,No,2023-10-21,3775.8
9681,52,Basic,Indicação,Sul,20.67,0,45,49.9,No,2024-06-05,2245.5
9682,59,Pro,Instagram,Sudeste,16.09,3,11,49.9,No,2024-09-14,548.9
9683,18,Pro,Orgânico,Nordeste,7.63,3,4,49.9,No,2023-07-12,199.6
9684,63,Pro,Instagram,Sul,8.54,1,34,49.9,Yes,2024-08-19,1696.6
9685,53,Basic,Indicação,Norte,17.97,0,5,49.9,No,2024-06-01,249.5
9686,29,Pro,Instagram,Sudeste,20.17,1,32,49.9,No,2025-11-06,1596.8
9687,55,Basic,Google Ads,Sudeste,29.67,1,16,89.9,No,2025-11-15,1438.4
9688,28,Basic,Google Ads,Sudeste,10.45,3,28,89.9,Yes,2023-03-20,2517.2000000000003
9689,29,Basic,Indicação,Nordeste,13.84,1,2,89.9,No,2025-03-08,179.8
9690,59,Basic,Instagram,Norte,23.3,0,35,49.9,No,2025-01-18,1746.5
9691,56,Basic,Instagram,Sudeste,18.68,3,8,89.9,No,2023-12-02,719.2
9692,24,Basic,LinkedIn,Sudeste,17.58,4,25,49.9,No,2024-12-02,1247.5
9693,28,Basic,Google Ads,Sudeste,17.34,1,23,49.9,No,2023-01-10,1147.7
9694,53,Enterprise,Google Ads,Sudeste,17.88,2,36,199.9,No,2023-04-10,7196.400000000001
9695,48,Pro,Instagram,Sul,26.7,2,25,89.9,No,2023-05-26,2247.5
9696,50,Pro,Indicação,Nordeste,16.74,5,17,49.9,No,2024-08-08,848.3
9697,30,Enterprise,LinkedIn,Norte,20.47,2,26,49.9,No,2024-10-05,1297.3999999999999
9698,35,Enterprise,Orgânico,Nordeste,22.53,2,46,199.9,No,2023-09-09,9195.4
9699,58,Enterprise,Instagram,Sudeste,19.16,2,37,49.9,No,2023-10-07,1846.3
9700,41,Basic,Instagram,Nordeste,26.31,3,21,49.9,No,2025-04-11,1047.8999999999999
9701,26,Pro,Google Ads,Nordeste,24.11,3,5,89.9,Yes,2023-12-10,449.5
9702,48,Pro,Orgânico,Sudeste,17.28,0,24,89.9,Yes,2025-03-20,2157.6000000000004
9703,58,Pro,LinkedIn,Norte,44.92,2,10,89.9,No,2025-09-30,899.0
9704,27,Pro,LinkedIn,Sul,32.77,2,2,89.9,No,2024-10-28,179.8
9705,19,Basic,Orgânico,Sul,8.58,1,26,89.9,No,2023-06-15,2337.4
9706,55,Enterprise,Instagram,Sul,19.35,1,9,199.9,Yes,2025-12-11,1799.1000000000001
9707,32,Pro,Instagram,Sul,24.42,3,48,89.9,No,2023-07-28,4315.200000000001
9708,20,Basic,Indicação,Sudeste,19.76,3,30,49.9,No,2023-01-16,1497.0
9709,60,Basic,Orgânico,Norte,27.18,1,39,89.9,No,2024-06-22,3506.1000000000004
9710,48,Basic,Indicação,Centro-Oeste,46.21,2,36,89.9,No,2023-04-09,3236.4
9711,23,Basic,Orgânico,Centro-Oeste,9.37,0,32,89.9,No,2025-08-02,2876.8
9712,20,Basic,LinkedIn,Sudeste,21.23,2,8,199.9,No,2023-01-26,1599.2
9713,28,Enterprise,Orgânico,Sudeste,29.4,1,3,49.9,No,2025-06-20,149.7
9714,32,Basic,LinkedIn,Sudeste,3.73,2,4,49.9,Yes,2024-09-13,199.6
9715,62,Pro,Google Ads,Sudeste,27.88,4,25,49.9,No,2024-04-28,1247.5
9716,45,Pro,LinkedIn,Nordeste,58.22,1,27,89.9,No,2025-03-12,2427.3
9717,27,Pro,Indicação,Sudeste,33.31,2,16,199.9,No,2025-12-28,3198.4
9718,55,Basic,Indicação,Sudeste,18.18,2,23,89.9,No,2024-11-09,2067.7000000000003
9719,64,Pro,Google Ads,Nordeste,9.84,4,47,89.9,No,2025-07-23,4225.3
9720,24,Basic,Google Ads,Sudeste,16.64,3,26,89.9,No,2024-09-09,2337.4
9721,32,Basic,Instagram,Sudeste,7.58,2,15,199.9,No,2024-10-08,2998.5
9722,35,Pro,Orgânico,Norte,27.2,2,26,199.9,No,2023-04-09,5197.400000000001
9723,35,Enterprise,Google Ads,Norte,22.57,2,25,89.9,No,2023-01-28,2247.5
9724,58,Pro,LinkedIn,Sul,14.89,1,42,199.9,No,2023-04-01,8395.800000000001
9725,41,Basic,Indicação,Sudeste,17.64,4,11,89.9,No,2024-08-04,988.9000000000001
9726,19,Basic,Orgânico,Sudeste,29.21,2,13,89.9,No,2023-02-09,1168.7
9727,57,Basic,Orgânico,Sudeste,21.58,2,44,49.9,No,2023-01-18,2195.6
9728,37,Pro,Orgânico,Sudeste,29.48,3,1,49.9,Yes,2024-01-10,49.9
9729,51,Basic,Indicação,Sudeste,17.12,3,36,89.9,No,2025-02-07,3236.4
9730,60,Enterprise,Orgânico,Nordeste,39.59,2,31,89.9,No,2023-10-02,2786.9
9731,43,Basic,Instagram,Sul,31.92,1,22,49.9,No,2025-08-13,1097.8
9732,24,Basic,Instagram,Norte,19.37,1,36,89.9,No,2023-09-17,3236.4
9733,55,Pro,Orgânico,Sudeste,34.7,3,5,199.9,No,2024-05-22,999.5
9734,47,Basic,Instagram,Centro-Oeste,20.83,3,45,199.9,No,2024-08-21,8995.5
9735,59,Pro,Orgânico,Centro-Oeste,11.47,2,19,89.9,No,2025-04-18,1708.1000000000001
9736,22,Enterprise,Instagram,Norte,46.89,2,48,49.9,No,2023-07-26,2395.2
9737,28,Basic,Instagram,Norte,23.98,2,31,89.9,No,2023-10-06,2786.9
9738,18,Basic,Instagram,Centro-Oeste,8.83,1,23,89.9,No,2024-04-03,2067.7000000000003
9739,51,Enterprise,LinkedIn,Centro-Oeste,13.87,2,22,49.9,No,2024-11-09,1097.8
9740,18,Pro,Google Ads,Centro-Oeste,32.1,3,31,89.9,No,2025-11-20,2786.9
9741,36,Enterprise,Google Ads,Sudeste,4.94,2,21,89.9,Yes,2024-10-11,1887.9
9742,19,Basic,Orgânico,Sudeste,11.58,0,3,89.9,No,2025-11-17,269.70000000000005
9743,38,Basic,Orgânico,Sudeste,17.08,3,11,49.9,No,2023-05-16,548.9
9744,37,Basic,Google Ads,Centro-Oeste,16.53,1,12,49.9,No,2024-12-21,598.8
9745,40,Basic,LinkedIn,Sul,25.78,2,42,49.9,No,2023-04-03,2095.7999999999997
9746,38,Pro,LinkedIn,Sudeste,48.14,3,25,89.9,No,2024-09-28,2247.5
9747,41,Basic,Instagram,Sudeste,13.02,3,48,49.9,No,2023-09-22,2395.2
9748,21,Pro,LinkedIn,Sudeste,49.04,1,21,49.9,No,2023-06-29,1047.8999999999999
9749,29,Basic,LinkedIn,Nordeste,27.61,0,7,49.9,No,2024-07-06,349.3
9750,39,Pro,LinkedIn,Sul,17.46,3,31,49.9,Yes,2025-02-01,1546.8999999999999
9751,37,Basic,Orgânico,Nordeste,19.82,3,11,89.9,No,2023-01-27,988.9000000000001
9752,35,Basic,LinkedIn,Centro-Oeste,17.41,1,1,89.9,No,2024-04-22,89.9
9753,18,Pro,Instagram,Sudeste,11.22,1,14,89.9,No,2023-05-14,1258.6000000000001
9754,47,Basic,LinkedIn,Nordeste,7.6,0,47,89.9,Yes,2023-12-19,4225.3
9755,50,Pro,Indicação,Sudeste,40.32,0,23,49.9,No,2025-02-03,1147.7
9756,41,Basic,Indicação,Sudeste,5.62,2,36,49.9,No,2023-07-17,1796.3999999999999
9757,31,Enterprise,Indicação,Sudeste,22.41,3,43,89.9,No,2025-04-21,3865.7000000000003
9758,53,Pro,Indicação,Norte,35.25,1,5,49.9,No,2023-04-11,249.5
9759,22,Pro,Instagram,Norte,8.26,2,40,199.9,Yes,2025-09-30,7996.0
9760,28,Enterprise,Instagram,Norte,10.92,2,5,199.9,No,2023-09-28,999.5
9761,41,Enterprise,Indicação,Nordeste,7.98,5,2,89.9,Yes,2023-03-28,179.8
9762,48,Pro,Orgânico,Sul,20.31,3,38,49.9,No,2023-03-17,1896.2
9763,30,Pro,Instagram,Sudeste,12.85,2,6,49.9,No,2023-08-27,299.4
9764,33,Pro,Instagram,Nordeste,18.83,2,17,199.9,No,2023-04-23,3398.3
9765,41,Basic,Indicação,Nordeste,38.36,2,5,49.9,No,2025-02-22,249.5
9766,30,Enterprise,Google Ads,Sudeste,19.88,2,14,49.9,No,2025-10-29,698.6
9767,41,Pro,Google Ads,Nordeste,25.1,2,36,49.9,No,2025-09-19,1796.3999999999999
9768,43,Basic,LinkedIn,Sudeste,13.07,0,47,49.9,No,2024-06-24,2345.2999999999997
9769,19,Basic,Google Ads,Sudeste,25.33,1,46,89.9,No,2024-07-09,4135.400000000001
9770,33,Basic,Instagram,Sudeste,30.08,1,28,89.9,No,2023-05-25,2517.2000000000003
9771,55,Basic,Instagram,Sudeste,30.17,1,12,199.9,No,2025-09-18,2398.8
9772,63,Basic,Orgânico,Nordeste,6.39,2,33,49.9,No,2025-07-21,1646.7
9773,18,Basic,Instagram,Norte,18.85,1,40,49.9,No,2023-11-28,1996.0
9774,28,Basic,Indicação,Sudeste,12.12,3,24,89.9,No,2023-08-01,2157.6000000000004
9775,52,Pro,Indicação,Nordeste,66.31,1,18,89.9,No,2025-04-13,1618.2
9776,60,Basic,LinkedIn,Centro-Oeste,13.29,1,11,199.9,No,2024-05-22,2198.9
9777,46,Basic,Google Ads,Centro-Oeste,10.09,1,46,89.9,No,2025-01-21,4135.400000000001
9778,54,Pro,Indicação,Sudeste,22.99,2,25,49.9,No,2025-12-12,1247.5
9779,34,Enterprise,Google Ads,Norte,39.22,2,19,49.9,No,2025-09-05,948.1
9780,56,Pro,Google Ads,Sudeste,39.75,3,4,89.9,No,2023-03-10,359.6
9781,59,Basic,Google Ads,Sul,18.29,5,7,89.9,Yes,2025-07-23,629.3000000000001
9782,45,Pro,Instagram,Centro-Oeste,20.04,1,18,89.9,No,2025-06-24,1618.2
9783,46,Basic,Orgânico,Sul,8.05,1,15,199.9,No,2025-08-04,2998.5
9784,60,Basic,Indicação,Sudeste,44.9,4,42,89.9,No,2023-09-10,3775.8
9785,20,Basic,Instagram,Sudeste,15.13,3,48,49.9,No,2025-03-02,2395.2
9786,27,Pro,Orgânico,Sudeste,35.04,1,15,49.9,No,2025-08-15,748.5
9787,59,Pro,Google Ads,Sudeste,20.12,1,2,199.9,No,2025-07-16,399.8
9788,31,Pro,Indicação,Sudeste,8.68,3,41,199.9,No,2025-01-02,8195.9
9789,29,Basic,Orgânico,Nordeste,8.43,2,36,89.9,Yes,2024-12-09,3236.4
9790,64,Pro,Orgânico,Sudeste,22.59,1,7,89.9,No,2025-06-29,629.3000000000001
9791,59,Basic,Google Ads,Sudeste,18.41,1,29,49.9,No,2024-12-24,1447.1
9792,47,Basic,Indicação,Nordeste,10.11,2,25,199.9,No,2023-05-17,4997.5
9793,49,Basic,Instagram,Sudeste,31.56,2,21,49.9,No,2025-11-17,1047.8999999999999
9794,49,Pro,Instagram,Nordeste,26.35,3,12,49.9,No,2023-08-19,598.8
9795,59,Basic,LinkedIn,Sudeste,11.61,3,8,49.9,No,2024-03-09,399.2
9796,49,Pro,Orgânico,Sudeste,29.96,1,21,89.9,No,2025-12-03,1887.9
9797,43,Enterprise,Google Ads,Nordeste,11.42,2,41,49.9,No,2023-03-12,2045.8999999999999
9798,18,Basic,Google Ads,Sudeste,19.85,2,24,199.9,No,2023-05-31,4797.6
9799,59,Pro,Google Ads,Centro-Oeste,12.58,1,36,49.9,No,2023-10-07,1796.3999999999999
9800,19,Basic,Google Ads,Sudeste,26.26,1,2,199.9,No,2023-02-25,399.8
9801,34,Basic,Google Ads,Sudeste,17.64,1,29,89.9,Yes,2025-11-11,2607.1000000000004
9802,47,Basic,Orgânico,Nordeste,12.41,2,13,89.9,No,2023-07-23,1168.7
9803,56,Enterprise,Instagram,Sudeste,28.24,3,25,49.9,No,2025-01-22,1247.5
9804,24,Basic,Google Ads,Nordeste,20.82,5,7,89.9,No,2023-09-05,629.3000000000001
9805,44,Pro,Indicação,Sudeste,37.53,2,47,49.9,No,2023-02-08,2345.2999999999997
9806,26,Basic,Orgânico,Sudeste,27.96,2,40,89.9,No,2023-07-04,3596.0
9807,39,Pro,Orgânico,Centro-Oeste,27.88,1,36,49.9,No,2023-09-06,1796.3999999999999
9808,51,Enterprise,Indicação,Nordeste,19.23,2,36,49.9,No,2025-11-06,1796.3999999999999
9809,63,Pro,Google Ads,Sudeste,9.93,2,11,89.9,Yes,2025-10-31,988.9000000000001
9810,18,Enterprise,Orgânico,Nordeste,6.78,2,29,49.9,No,2024-10-06,1447.1
9811,26,Basic,LinkedIn,Sudeste,29.36,1,17,49.9,No,2025-06-09,848.3
9812,37,Pro,Indicação,Nordeste,13.58,1,13,49.9,No,2024-07-29,648.6999999999999
9813,36,Pro,Orgânico,Sul,24.57,3,9,89.9,No,2023-10-24,809.1
9814,53,Pro,Orgânico,Sul,25.1,2,30,49.9,No,2024-12-31,1497.0
9815,57,Enterprise,Orgânico,Sul,21.53,4,42,49.9,No,2024-10-28,2095.7999999999997
9816,62,Basic,Google Ads,Nordeste,3.59,2,9,49.9,No,2023-02-24,449.09999999999997
9817,21,Basic,LinkedIn,Sudeste,17.29,1,21,89.9,No,2023-01-30,1887.9
9818,26,Basic,Orgânico,Sudeste,21.66,1,14,89.9,No,2025-12-01,1258.6000000000001
9819,58,Enterprise,LinkedIn,Nordeste,5.84,1,27,89.9,No,2023-10-07,2427.3
9820,39,Enterprise,Google Ads,Sul,15.44,0,35,89.9,No,2025-06-26,3146.5
9821,35,Pro,Indicação,Sudeste,15.27,1,27,49.9,No,2025-12-19,1347.3
9822,29,Pro,Google Ads,Centro-Oeste,19.51,2,40,49.9,No,2025-04-03,1996.0
9823,59,Pro,Indicação,Sudeste,8.87,1,25,89.9,No,2023-02-15,2247.5
9824,60,Pro,Orgânico,Sul,16.72,1,12,89.9,No,2024-12-13,1078.8000000000002
9825,56,Basic,Instagram,Centro-Oeste,21.85,4,8,49.9,No,2024-11-28,399.2
9826,26,Pro,Instagram,Sudeste,25.59,2,29,89.9,No,2024-02-02,2607.1000000000004
9827,23,Pro,Instagram,Sul,4.97,6,5,199.9,Yes,2023-10-02,999.5
9828,36,Pro,Orgânico,Sudeste,29.31,0,38,49.9,No,2025-01-19,1896.2
9829,64,Basic,LinkedIn,Sudeste,14.83,1,19,199.9,No,2024-11-27,3798.1
9830,24,Pro,LinkedIn,Sudeste,25.27,2,35,89.9,No,2025-10-18,3146.5
9831,33,Pro,Indicação,Sudeste,10.59,2,46,89.9,No,2024-02-18,4135.400000000001
9832,22,Pro,Instagram,Sudeste,26.43,1,46,199.9,No,2023-04-18,9195.4
9833,33,Pro,Instagram,Nordeste,51.12,2,45,199.9,No,2024-11-07,8995.5
9834,18,Pro,Indicação,Nordeste,20.35,3,39,49.9,No,2025-09-06,1946.1
9835,54,Pro,Orgânico,Nordeste,17.46,5,41,89.9,No,2025-07-07,3685.9
9836,56,Basic,Google Ads,Centro-Oeste,26.31,2,47,89.9,No,2023-07-14,4225.3
9837,36,Pro,Google Ads,Sudeste,30.12,5,47,89.9,Yes,2025-03-22,4225.3
9838,54,Pro,Instagram,Sudeste,15.71,1,25,49.9,No,2025-05-17,1247.5
9839,34,Pro,Indicação,Norte,10.48,2,18,199.9,No,2025-05-03,3598.2000000000003
9840,43,Pro,Instagram,Nordeste,7.1,2,23,89.9,Yes,2023-09-30,2067.7000000000003
9841,39,Pro,Orgânico,Centro-Oeste,18.3,3,40,49.9,No,2024-02-27,1996.0
9842,25,Pro,Google Ads,Sudeste,6.63,0,30,199.9,No,2025-08-10,5997.0
9843,50,Pro,Google Ads,Nordeste,14.89,1,1,199.9,No,2024-09-17,199.9
9844,19,Pro,Google Ads,Sul,40.65,1,26,49.9,No,2023-03-07,1297.3999999999999
9845,47,Pro,Orgânico,Norte,18.09,1,20,89.9,No,2025-08-23,1798.0
9846,64,Enterprise,Google Ads,Sudeste,16.83,3,41,49.9,No,2024-12-06,2045.8999999999999
9847,37,Pro,LinkedIn,Sudeste,27.19,0,41,49.9,No,2025-10-11,2045.8999999999999
9848,35,Basic,Instagram,Sudeste,25.66,4,21,199.9,No,2025-04-10,4197.900000000001
9849,60,Pro,Indicação,Sul,10.49,1,45,89.9,No,2025-02-09,4045.5000000000005
9850,27,Pro,Google Ads,Sul,9.64,1,20,49.9,No,2025-10-25,998.0
9851,41,Enterprise,Indicação,Sudeste,12.14,0,3,89.9,No,2025-05-18,269.70000000000005
9852,21,Pro,Instagram,Sudeste,19.61,3,17,49.9,No,2025-06-24,848.3
9853,54,Basic,Orgânico,Sul,15.73,2,27,49.9,No,2025-10-09,1347.3
9854,21,Basic,Orgânico,Norte,39.87,0,18,89.9,No,2024-05-06,1618.2
9855,30,Pro,Instagram,Sudeste,6.75,3,39,89.9,No,2023-12-18,3506.1000000000004
9856,42,Pro,Orgânico,Sudeste,29.21,2,10,89.9,No,2023-08-22,899.0
9857,30,Pro,Google Ads,Sudeste,24.64,3,20,89.9,No,2025-06-19,1798.0
9858,35,Basic,Orgânico,Sul,5.88,2,23,89.9,No,2025-04-24,2067.7000000000003
9859,41,Pro,Instagram,Nordeste,39.24,0,8,49.9,No,2024-10-12,399.2
9860,19,Pro,Instagram,Sudeste,25.36,3,39,49.9,Yes,2025-11-23,1946.1
9861,50,Basic,Google Ads,Sudeste,25.68,2,37,49.9,No,2025-03-12,1846.3
9862,36,Basic,LinkedIn,Sudeste,27.18,1,1,49.9,No,2023-07-02,49.9
9863,26,Basic,Google Ads,Sudeste,29.26,3,7,89.9,No,2025-01-23,629.3000000000001
9864,45,Basic,Indicação,Sudeste,28.61,1,4,49.9,No,2023-01-27,199.6
9865,52,Basic,Google Ads,Sudeste,22.03,2,28,49.9,No,2024-05-04,1397.2
9866,56,Basic,Indicação,Sudeste,5.33,4,19,49.9,No,2023-10-13,948.1
9867,27,Enterprise,Indicação,Nordeste,17.94,3,6,89.9,No,2024-10-04,539.4000000000001
9868,18,Basic,Indicação,Nordeste,26.59,2,26,89.9,No,2025-09-30,2337.4
9869,59,Basic,Indicação,Sudeste,15.96,1,40,89.9,No,2025-01-30,3596.0
9870,38,Basic,Google Ads,Nordeste,14.32,4,37,89.9,No,2023-02-09,3326.3
9871,26,Pro,Google Ads,Sul,23.41,0,19,199.9,No,2025-04-23,3798.1
9872,64,Pro,Instagram,Sudeste,24.9,3,17,89.9,No,2023-01-20,1528.3000000000002
9873,32,Basic,Orgânico,Sul,16.25,2,29,89.9,No,2025-02-08,2607.1000000000004
9874,52,Pro,LinkedIn,Sudeste,23.05,1,21,49.9,No,2023-07-19,1047.8999999999999
9875,22,Pro,Indicação,Sudeste,15.24,0,5,89.9,No,2024-06-22,449.5
9876,58,Basic,Orgânico,Nordeste,12.36,1,17,89.9,No,2024-07-07,1528.3000000000002
9877,39,Pro,Orgânico,Sul,7.04,0,38,89.9,No,2023-11-29,3416.2000000000003
9878,58,Pro,LinkedIn,Sudeste,12.37,3,41,49.9,No,2024-12-27,2045.8999999999999
9879,40,Basic,LinkedIn,Norte,8.6,1,40,49.9,No,2023-09-25,1996.0
9880,24,Pro,Orgânico,Sudeste,11.25,3,7,49.9,No,2023-01-02,349.3
9881,40,Pro,Orgânico,Sudeste,12.19,3,27,49.9,No,2024-05-15,1347.3
9882,61,Pro,Indicação,Sul,37.11,2,31,89.9,No,2024-04-05,2786.9
9883,42,Basic,Indicação,Centro-Oeste,18.75,2,34,89.9,No,2023-06-24,3056.6000000000004
9884,44,Enterprise,Indicação,Sudeste,8.39,4,26,49.9,No,2024-06-17,1297.3999999999999
9885,58,Pro,Instagram,Sudeste,30.35,1,6,49.9,No,2023-08-14,299.4
9886,23,Basic,Orgânico,Centro-Oeste,24.1,3,31,89.9,No,2023-11-17,2786.9
9887,51,Basic,Indicação,Sudeste,6.93,3,12,89.9,No,2025-01-17,1078.8000000000002
9888,26,Pro,Google Ads,Sudeste,24.72,1,15,49.9,No,2025-08-21,748.5
9889,50,Pro,Google Ads,Norte,13.9,1,1,89.9,No,2023-07-27,89.9
9890,23,Basic,Orgânico,Sul,14.65,0,26,199.9,No,2024-08-07,5197.400000000001
9891,54,Basic,Indicação,Norte,11.97,6,37,89.9,No,2023-06-15,3326.3
9892,48,Pro,Instagram,Nordeste,21.8,2,6,49.9,No,2024-06-26,299.4
9893,51,Enterprise,Google Ads,Sudeste,18.41,2,24,89.9,No,2024-07-22,2157.6000000000004
9894,58,Basic,Indicação,Nordeste,21.71,2,47,49.9,No,2025-06-16,2345.2999999999997
9895,46,Pro,Google Ads,Centro-Oeste,24.8,1,36,89.9,No,2024-05-11,3236.4
9896,31,Pro,LinkedIn,Nordeste,11.65,0,44,89.9,No,2023-07-01,3955.6000000000004
9897,53,Pro,Indicação,Sudeste,20.93,3,19,49.9,No,2023-09-01,948.1
9898,53,Pro,LinkedIn,Sudeste,20.08,3,18,49.9,No,2025-06-22,898.1999999999999
9899,32,Basic,Orgânico,Sudeste,18.87,0,38,89.9,No,2024-05-12,3416.2000000000003
9900,25,Pro,Google Ads,Sudeste,19.28,3,16,89.9,No,2023-06-05,1438.4
9901,43,Enterprise,Instagram,Sul,29.62,0,17,89.9,No,2025-11-16,1528.3000000000002
9902,53,Basic,Google Ads,Centro-Oeste,28.12,3,11,49.9,No,2024-06-22,548.9
9903,38,Pro,Google Ads,Norte,25.7,2,4,199.9,No,2025-04-21,799.6
9904,45,Basic,Google Ads,Sudeste,7.36,6,16,199.9,No,2024-09-11,3198.4
9905,21,Basic,Indicação,Nordeste,29.39,0,9,49.9,Yes,2024-08-30,449.09999999999997
9906,33,Pro,Instagram,Sudeste,19.3,3,23,49.9,No,2024-01-31,1147.7
9907,39,Basic,Orgânico,Centro-Oeste,7.7,2,10,199.9,No,2024-10-28,1999.0
9908,29,Pro,Google Ads,Nordeste,13.49,2,26,49.9,No,2024-12-16,1297.3999999999999
9909,33,Basic,Indicação,Sul,28.39,0,45,89.9,No,2024-02-21,4045.5000000000005
9910,57,Enterprise,Orgânico,Sul,7.81,0,36,49.9,No,2025-06-27,1796.3999999999999
9911,55,Basic,Google Ads,Nordeste,8.6,3,46,49.9,No,2024-08-28,2295.4
9912,59,Basic,Instagram,Sudeste,15.75,0,39,49.9,No,2023-08-28,1946.1
9913,54,Basic,Indicação,Sudeste,27.82,0,3,49.9,No,2025-04-05,149.7
9914,46,Pro,Indicação,Norte,8.07,1,20,199.9,Yes,2025-10-27,3998.0
9915,35,Basic,LinkedIn,Norte,12.01,4,17,89.9,No,2023-09-15,1528.3000000000002
9916,27,Basic,Instagram,Nordeste,25.01,1,46,49.9,No,2025-10-05,2295.4
9917,59,Enterprise,Indicação,Nordeste,53.78,3,47,49.9,No,2024-03-15,2345.2999999999997
9918,56,Enterprise,Indicação,Sudeste,34.58,1,28,49.9,No,2024-05-24,1397.2
9919,35,Pro,Google Ads,Sudeste,49.93,10,1,89.9,No,2023-11-17,89.9
9920,18,Basic,Orgânico,Norte,14.96,1,36,199.9,No,2024-10-17,7196.400000000001
9921,56,Basic,LinkedIn,Centro-Oeste,14.87,1,25,199.9,No,2025-03-02,4997.5
9922,38,Pro,LinkedIn,Centro-Oeste,15.79,0,33,199.9,No,2023-03-29,6596.7
9923,18,Pro,Orgânico,Sudeste,5.58,4,21,49.9,No,2025-02-08,1047.8999999999999
9924,32,Basic,Indicação,Nordeste,18.58,2,30,49.9,No,2023-07-13,1497.0
9925,21,Basic,Google Ads,Sul,27.41,2,13,49.9,No,2024-12-29,648.6999999999999
9926,37,Enterprise,LinkedIn,Sudeste,27.09,0,39,49.9,Yes,2025-06-08,1946.1
9927,27,Basic,Orgânico,Sudeste,18.78,4,23,49.9,No,2024-08-31,1147.7
9928,40,Pro,Indicação,Nordeste,21.5,2,6,49.9,No,2024-12-06,299.4
9929,58,Pro,Orgânico,Nordeste,17.86,2,19,49.9,No,2025-03-05,948.1
9930,51,Pro,Google Ads,Sudeste,24.97,2,10,49.9,No,2024-03-14,499.0
9931,63,Pro,Instagram,Sul,37.92,3,16,49.9,No,2024-03-24,798.4
9932,50,Basic,LinkedIn,Nordeste,30.55,2,13,89.9,Yes,2025-06-03,1168.7
9933,51,Basic,Indicação,Norte,49.17,2,22,49.9,No,2024-05-05,1097.8
9934,56,Pro,Instagram,Sudeste,27.63,4,2,49.9,No,2023-03-15,99.8
9935,27,Basic,Orgânico,Nordeste,12.13,3,42,89.9,No,2024-06-02,3775.8
9936,37,Pro,Google Ads,Norte,33.98,0,26,49.9,No,2023-11-17,1297.3999999999999
9937,18,Pro,Google Ads,Sudeste,21.77,0,5,89.9,Yes,2024-08-13,449.5
9938,30,Pro,Orgânico,Sudeste,15.81,3,30,199.9,Yes,2025-09-07,5997.0
9939,18,Basic,Instagram,Norte,22.02,3,37,199.9,No,2025-04-18,7396.3
9940,22,Basic,Orgânico,Sul,22.16,3,22,49.9,No,2024-02-05,1097.8
9941,33,Pro,Instagram,Sudeste,17.18,1,18,89.9,No,2023-07-09,1618.2
9942,32,Basic,Google Ads,Nordeste,16.0,4,29,49.9,No,2024-07-04,1447.1
9943,45,Enterprise,Orgânico,Centro-Oeste,27.87,1,19,89.9,No,2025-01-10,1708.1000000000001
9944,48,Enterprise,Orgânico,Centro-Oeste,34.26,1,4,49.9,No,2025-04-20,199.6
9945,40,Basic,LinkedIn,Nordeste,19.26,0,8,49.9,No,2025-01-21,399.2
9946,62,Basic,Google Ads,Centro-Oeste,20.73,1,27,89.9,No,2023-02-27,2427.3
9947,60,Basic,Indicação,Sudeste,12.3,2,29,199.9,No,2025-05-22,5797.1
9948,34,Enterprise,Google Ads,Sudeste,19.21,1,44,49.9,No,2025-03-25,2195.6
9949,51,Basic,Orgânico,Sudeste,12.61,0,33,49.9,No,2024-05-07,1646.7
9950,30,Basic,Instagram,Nordeste,32.22,4,7,49.9,No,2025-01-20,349.3
9951,31,Pro,Orgânico,Norte,18.95,6,35,89.9,No,2025-04-03,3146.5
9952,28,Basic,Instagram,Sudeste,26.17,1,4,49.9,No,2023-08-10,199.6
9953,45,Basic,LinkedIn,Sul,44.66,0,26,49.9,No,2023-04-23,1297.3999999999999
9954,59,Basic,Orgânico,Norte,17.76,2,13,49.9,No,2023-05-28,648.6999999999999
9955,49,Pro,Google Ads,Sul,16.18,0,11,89.9,No,2024-02-28,988.9000000000001
9956,52,Basic,Orgânico,Sudeste,22.75,3,39,49.9,No,2023-04-30,1946.1
9957,48,Pro,Google Ads,Nordeste,24.49,1,34,199.9,No,2025-10-10,6796.6
9958,34,Enterprise,Instagram,Sudeste,10.58,4,25,49.9,No,2025-02-15,1247.5
9959,64,Pro,LinkedIn,Sudeste,19.72,3,21,89.9,No,2023-02-22,1887.9
9960,26,Pro,Orgânico,Norte,20.47,0,36,49.9,No,2025-12-13,1796.3999999999999
9961,27,Basic,Google Ads,Norte,26.47,4,41,89.9,No,2025-02-05,3685.9
9962,25,Basic,LinkedIn,Sudeste,13.81,2,41,89.9,No,2023-12-11,3685.9
9963,38,Basic,Indicação,Nordeste,22.82,1,2,49.9,No,2025-11-26,99.8
9964,30,Pro,Instagram,Centro-Oeste,17.97,6,25,89.9,No,2024-03-30,2247.5
9965,22,Basic,Instagram,Sudeste,24.82,2,32,49.9,No,2025-02-14,1596.8
9966,23,Basic,LinkedIn,Norte,27.58,4,1,89.9,No,2025-07-20,89.9
9967,47,Basic,Google Ads,Sul,38.67,2,33,89.9,No,2023-01-07,2966.7000000000003
9968,48,Basic,LinkedIn,Sudeste,23.14,3,6,49.9,No,2023-11-21,299.4
9969,34,Pro,Orgânico,Sudeste,8.48,2,13,89.9,Yes,2025-07-21,1168.7
9970,28,Pro,Orgânico,Centro-Oeste,22.15,1,17,89.9,No,2023-11-04,1528.3000000000002
9971,37,Basic,Instagram,Sul,16.0,3,16,89.9,No,2024-07-30,1438.4
9972,26,Pro,Indicação,Nordeste,14.03,3,38,49.9,No,2023-03-12,1896.2
9973,19,Pro,Google Ads,Centro-Oeste,24.37,2,22,89.9,No,2023-12-09,1977.8000000000002
9974,54,Pro,LinkedIn,Sudeste,26.05,3,43,49.9,No,2024-01-03,2145.7
9975,18,Pro,Orgânico,Centro-Oeste,44.49,2,41,49.9,No,2024-01-12,2045.8999999999999
9976,21,Basic,Instagram,Sudeste,17.58,4,7,49.9,No,2025-03-21,349.3
9977,53,Basic,LinkedIn,Sudeste,10.01,2,2,199.9,No,2023-09-21,399.8
9978,42,Pro,Orgânico,Sul,19.12,3,1,89.9,No,2025-12-15,89.9
9979,20,Enterprise,Indicação,Sudeste,17.42,1,19,89.9,No,2024-05-25,1708.1000000000001
9980,26,Pro,Instagram,Sul,24.32,1,16,199.9,No,2025-09-27,3198.4
9981,39,Pro,Google Ads,Nordeste,43.92,2,34,49.9,No,2023-11-21,1696.6
9982,40,Pro,LinkedIn,Sul,13.72,1,29,49.9,No,2023-04-21,1447.1
9983,29,Pro,Instagram,Sudeste,14.94,6,8,49.9,No,2024-12-08,399.2
9984,27,Pro,Indicação,Sudeste,14.55,0,26,89.9,No,2025-11-08,2337.4
9985,51,Basic,Instagram,Sudeste,30.1,3,11,49.9,No,2024-11-07,548.9
9986,60,Pro,Orgânico,Sul,16.81,3,10,49.9,No,2024-10-11,499.0
9987,27,Pro,Google Ads,Sudeste,17.17,3,4,89.9,No,2023-05-16,359.6
9988,47,Pro,Instagram,Sudeste,10.77,4,34,89.9,No,2023-12-03,3056.6000000000004
9989,39,Basic,LinkedIn,Sudeste,14.11,2,23,89.9,No,2025-03-02,2067.7000000000003
9990,23,Basic,Google Ads,Sudeste,10.17,1,2,49.9,No,2023-05-08,99.8
9991,19,Pro,LinkedIn,Sul,27.71,3,33,49.9,No,2025-05-25,1646.7
9992,47,Pro,Instagram,Sul,35.87,1,32,89.9,No,2025-01-15,2876.8
9993,19,Enterprise,Google Ads,Nordeste,11.51,4,20,89.9,No,2023-05-07,1798.0
9994,49,Basic,Google Ads,Norte,20.53,2,13,49.9,No,2024-12-07,648.6999999999999
9995,59,Basic,Instagram,Nordeste,19.38,1,3,49.9,No,2023-02-05,149.7
9996,33,Basic,Orgânico,Sudeste,7.14,2,29,199.9,Yes,2024-07-20,5797.1
9997,29,Pro,Google Ads,Sul,26.3,4,18,49.9,No,2023-05-17,898.1999999999999
9998,18,Basic,Orgânico,Sudeste,32.45,3,6,89.9,No,2023-04-30,539.4000000000001
9999,25,Enterprise,Instagram,Sudeste,13.06,4,14,89.9,No,2024-11-25,1258.6000000000001
10000,30,Basic,LinkedIn,Sudeste,31.58,2,4,199.9,No,2024-11-14,799.6
